id,date,motion:title,motion:result,code,number,counts:yes,counts:no,counts:abstain
2024-05-14-088,2024-05-14T10:36:07+00:00,hlasování o pokračování jednání do vyčerpání programu,pass,Z9/17,88,43,1,1
2024-05-14-087,2024-05-14T10:34:47+00:00,"106. Zapojení Fondu rezerv a rozvoje v souvislosti s navýšením účelového neinvestičního příspěvku Národnímu divadlu Brno, příspěvkové organizaci v roce 2024 – návrh rozpočtového opatření",pass,Z9/17,87,42,0,0
2024-05-14-086,2024-05-14T10:34:22+00:00,"106. Zapojení Fondu rezerv a rozvoje v souvislosti s navýšením účelového neinvestičního příspěvku Národnímu divadlu Brno, příspěvkové organizaci v roce 2024 – návrh rozpočtového opatření - hlasování o návrhu pí Flamikové",fail,Z9/17,86,9,1,19
2024-05-14-085,2024-05-14T10:25:39+00:00,105. Návrh Dodatku č. 1 ke Smlouvě o spolupráci při výstavbě veřejné infrastruktury „Bytový dům Sokolova“,pass,Z9/17,85,35,5,4
2024-05-14-084,2024-05-14T10:25:13+00:00,"104. Návrh dodatku č. 1 ke Smlouvě o spolupráci v rámci projektu ""Prodloužení tramvajové trati Bystrc –Kamechy"" se společností Dopravní podnik města Brna, a. s.",pass,Z9/17,84,44,0,0
2024-05-14-083,2024-05-14T10:24:43+00:00,103. Návrh Dodatku č. 1 ke Smlouvě o spolupráci při výstavbě veřejné infrastruktury „Nová Zvonařka s. r. o. - Polyfunkční městský projekt I. ETAPA – BLOK A“,pass,Z9/17,83,36,5,4
2024-05-14-082,2024-05-14T10:23:58+00:00,102. Návrh Smlouvy o spolupráci při výstavbě veřejné infrastruktury „DOPRAVNÍ A TECHNICKÁ INFRASTRUKTURA OS BOSONOHY MLATY“,pass,Z9/17,82,44,0,0
2024-05-14-081,2024-05-14T10:23:27+00:00,"101. Návrh odnětí svěřeného majetku města městské části Brno-jih, pozemku p. č. 223/5 k. ú. Přízřenice",pass,Z9/17,81,45,0,0
2024-05-14-080,2024-05-14T10:22:59+00:00,"100. Návrh svěření majetku města Brna městské části Brno – Řečkovice a Mokrá Hora, pozemku p. č. 65 k. ú. Mokrá Hora včetně stavby zvonice nezapsané v katastru nemovitostí",pass,Z9/17,80,44,0,0
2024-05-14-079,2024-05-14T10:22:32+00:00,"99. Návrh svěření majetku města Brna městské části Brno – Řečkovice a Mokrá Hora, pozemku p. č. 3225/1 k. ú. Řečkovice",pass,Z9/17,79,42,0,0
2024-05-14-078,2024-05-14T10:22:05+00:00,98. Návrh Smlouvy o budoucí smlouvě směnné pro stavbu „RK – Nové chodníky Hviezdoslavova“,pass,Z9/17,78,45,0,0
2024-05-14-077,2024-05-14T10:21:40+00:00,"97. Návrh směny pozemků a částí pozemků v k. ú. Štýřice, Bohunice, Trnitá se společností Shell Czech Republic a. s.",pass,Z9/17,77,38,0,5
2024-05-14-076,2024-05-14T10:21:10+00:00,"96. Návrh směny pozemků v k. ú. Komín, Bystrc, Horní Heršpice a částí pozemku v k. ú. Banín s Českou republikou – Povodím Moravy, s. p.",pass,Z9/17,76,45,0,0
2024-05-14-075,2024-05-14T10:20:43+00:00,95. Návrh směny částí pozemků v k. ú. Kohoutovice při ul. návrší Svobody,pass,Z9/17,75,41,0,5
2024-05-14-074,2024-05-14T10:20:16+00:00,Body č. 89-94,pass,Z9/17,74,44,0,0
2024-05-14-073,2024-05-14T10:19:32+00:00,Body č. 81-88,pass,Z9/17,73,46,0,0
2024-05-14-072,2024-05-14T10:18:53+00:00,80. Návrh na uznání vlastnického práva k části pozemku p. č. 1142/20 a části pozemku p. č. 1142/7 v k. ú. Bystrc,pass,Z9/17,72,45,0,0
2024-05-14-071,2024-05-14T10:18:25+00:00,"79. Nabídky odkupu zapsaných i nezapsaných staveb k rodinné rekreaci postavených v rozvojové lokalitě Moravanské lány na části pozemku p. č. 494 a p. č. 496/1 a na pozemku p. č. 493/2 a p. č. 497/2, k. ú. Dolní Heršpice",pass,Z9/17,71,45,0,0
2024-05-14-070,2024-05-14T10:17:53+00:00,"78. Návrh nabytí movitých věcí a nemovitých věcí v k. ú. Město Brno z vlastnictví České republiky – České pošty, s. p., návrh na zřízení služebnosti, návrh na zřízení zákazu zcizení a zatížení, návrh rozpočtového opatření",pass,Z9/17,70,42,1,0
2024-05-14-069,2024-05-14T10:12:22+00:00,Body č. 64-77,pass,Z9/17,69,45,0,0
2024-05-14-068,2024-05-14T10:11:51+00:00,63. Návrh nabytí spoluvlastnických podílů na pozemcích v k. ú. Lesná a k. ú. Obřany,pass,Z9/17,68,40,0,6
2024-05-14-067,2024-05-14T10:11:21+00:00,Body č. 60-62,pass,Z9/17,67,45,0,0
2024-05-14-066,2024-05-14T10:10:20+00:00,"59. Návrh prodeje částí pozemků p. č. 1137/1 a p. č. 1137/4, oba v k. ú. Zábrdovice",pass,Z9/17,66,45,0,0
2024-05-14-065,2024-05-14T10:09:52+00:00,"58. Žádost o vzdání se práva na část nájemného představující zvýšení nájemného o inflaci za rok 2023 za užívání nebytových prostor v budově Nádražní 10, k. ú. Město Brno",pass,Z9/17,65,45,0,0
2024-05-14-064,2024-05-14T10:09:22+00:00,57. Žádost o prominutí příslušenství dluhu za nájem bytu č. 12 v domě Zderadova 474/3 v Brně,pass,Z9/17,64,38,0,3
2024-05-14-063,2024-05-14T10:08:56+00:00,"56. Návrh na uzavření dohody o splátkách dluhu z nájmu bytu č. 11 v domě Francouzská 64, Brno",pass,Z9/17,63,40,0,4
2024-05-14-062,2024-05-14T10:07:19+00:00,"55. Návrh na úhradu náhrad nájemného za sociální byty a náhrady za mimořádnou opravu sociálního bytu městským částem, návrh rozpočtového opatření",pass,Z9/17,62,45,0,0
2024-05-14-061,2024-05-14T10:06:48+00:00,"54. Návrh na udělení výjimky ze Statutu bytu pro osamělé rodiče s dětmi, který je přílohou č. 3 Pravidel pronájmu bytů v domech v majetku statutárního města Brna, nájemkyni bytu pro osamělé rodiče s dětmi č. 15 v domě Vlhká 179/22, Brno",pass,Z9/17,61,44,0,0
2024-05-14-060,2024-05-14T10:05:23+00:00,53. Návrh změny Pravidel pronájmu bytů v domech v majetku statutárního města Brna a jejich Přílohy č. 1 Statut sociálního bytu a Přílohy č. 2 Statut startovacího bytu,pass,Z9/17,60,43,0,0
2024-05-14-059,2024-05-14T10:01:45+00:00,"52. Návrh vzorové dohody o narovnání s bezúplatným převodem spoluvlastnických podílů města na 39 bytových jednotkách v bytovém domě č.p. 957 v k. ú. Staré Brno, ul. Bezručova 19 v Brně, členům Bytového družstva Bezručova 19",pass,Z9/17,59,47,0,0
2024-05-14-058,2024-05-14T10:01:08+00:00,"50. Záměr prodeje volné vymezené bytové jednotky č. 593/18 v domě Osová 6, Brno",pass,Z9/17,58,40,0,5
2024-05-14-057,2024-05-14T10:00:40+00:00,"49. Projekt ""Výstavba MŠ Šámalova"" – změna parametrů posouzení projektu",pass,Z9/17,57,45,0,0
2024-05-14-056,2024-05-14T10:00:10+00:00,"48. Projekt ""Elektrovozy pro MČ Brno-Medlánky"" – návrh smlouvy o poskytnutí podpory",pass,Z9/17,56,39,0,5
2024-05-14-055,2024-05-14T09:58:27+00:00,"47. Projekt ""Sanace skalního řícení v ulici Práčata, městská část Brno-Bosonohy"" – rozhodnutí o poskytnutí dotace",pass,Z9/17,55,47,0,0
2024-05-14-054,2024-05-14T09:58:01+00:00,"46. Projekt ""IT vybavení pro stavební úřad"" – rozhodnutí o poskytnutí dotace",pass,Z9/17,54,45,0,0
2024-05-14-053,2024-05-14T09:57:34+00:00,"45. Projekt ""Integrace cizinců ve městě Brně V."" – rozhodnutí o poskytnutí dotace",pass,Z9/17,53,41,5,0
2024-05-14-052,2024-05-14T09:57:06+00:00,"44. Projekt ""Modernizace kuchyně a jídelny ZŠ Pastviny"" – rozhodnutí o poskytnutí dotace",pass,Z9/17,52,47,0,0
2024-05-14-051,2024-05-14T09:56:40+00:00,43. Finanční prostředky Fondu kofinancování projektů – květen 2024 – návrh rozpočtového opatření,pass,Z9/17,51,46,0,0
2024-05-14-050,2024-05-14T09:56:11+00:00,42. Projekty financované z Fondu kofinancování projektů – květen 2024 – návrh rozpočtového opatření - ostatní odr.,pass,Z9/17,50,45,0,0
2024-05-14-049,2024-05-14T09:55:34+00:00,42. Projekty financované z Fondu kofinancování projektů – květen 2024 – návrh rozpočtového opatření - 1. odr.,pass,Z9/17,49,41,5,0
2024-05-14-048,2024-05-14T09:54:40+00:00,42. Projekty financované z Fondu kofinancování projektů – květen 2024 – návrh rozpočtového opatření - 1. odr.,pass,Z9/17,48,40,4,1
2024-05-14-047,2024-05-14T09:53:50+00:00,41. Výuka hry na hudební nástroje na základních školách – projekt OnStage Brno – návrh na prodloužení termínu vyúčtování,pass,Z9/17,47,39,0,5
2024-05-14-046,2024-05-14T09:53:23+00:00,40. Návrh dodatku č. 2 ke Smlouvě o poskytnutí neinvestiční dotace č. 7223090651 – návrh rozpočtového opatření,pass,Z9/17,46,44,0,0
2024-05-14-045,2024-05-14T09:52:55+00:00,39. Návrh Dodatku č. 1 ke Smlouvě o poskytnutí investičního příspěvku „Komplex Centropolis“ - stažení bodu,pass,Z9/17,45,41,0,2
2024-05-14-044,2024-05-14T09:49:00+00:00,38. Návrh Dodatku č. 1 ke Smlouvě o poskytnutí investičního příspěvku „Bytový dům Palackého 94/96/98“,pass,Z9/17,44,37,5,2
2024-05-14-043,2024-05-14T09:48:34+00:00,37. Návrh Dodatku č. 1 ke Smlouvě o poskytnutí investičního příspěvku „Campus Living“,pass,Z9/17,43,38,5,2
2024-05-14-042,2024-05-14T09:46:47+00:00,36. Návrh Dotačního programu pro poskytování dotací v oblasti podpory kreativních odvětví na rok 2024 – “Pro Kreativní Brno” – 6. etapa – návrh rozpočtového opatření,pass,Z9/17,42,41,0,4
2024-05-14-041,2024-05-14T09:46:16+00:00,"35. Žádost JAZZFESTBRNO AHEAD, s. r. o., o změnu příjemce dotace na projekt JAZZFESTBRNO dětem 2024 - návrh rozpočtového opatření",pass,Z9/17,41,46,0,0
2024-05-14-040,2024-05-14T09:45:42+00:00,"34. Návrh na poskytnutí finančního daru spolku Městský sportovní klub Brno, z. s., na podporu brněnských olympioniků – sportovců seniorů pro rok 2024 – návrh rozpočtového opatření",pass,Z9/17,40,46,0,0
2024-05-14-039,2024-05-14T09:45:13+00:00,33. Návrh na poskytnutí individuální neinvestiční dotace společnosti PLAYzone s. r. o. na uspořádání Mistrovství České republiky v počítačových a mobilních hrách 2024 ve městě Brně – návrh rozpočtového opatření,pass,Z9/17,39,40,5,0
2024-05-14-038,2024-05-14T09:39:13+00:00,32. Návrh na poskytnutí individuální neinvestiční dotace Vysokému učení technickému v Brně na zabezpečení provozu atletického stadionu Pod Palackého vrchem v rámci projektu Centrum brněnské atletiky pro rok 2024 – návrh rozpočtového opatření,pass,Z9/17,38,47,0,0
2024-05-14-037,2024-05-14T09:38:42+00:00,31. Návrh na poskytnutí neinvestičních dotací na podporu významných sportovních akcí konaných ve městě Brně v roce 2024 – návrh rozpočtového opatření,pass,Z9/17,37,41,0,2
2024-05-14-036,2024-05-14T09:38:05+00:00,30. Návrh na poskytnutí neinvestičních dotací na podporu handicapovaných sportovců pro rok 2024 – návrh rozpočtového opatření,pass,Z9/17,36,46,0,0
2024-05-14-035,2024-05-14T09:37:37+00:00,29. Návrh na poskytnutí neinvestičních dotací na podporu mládežnického sportu pro rok 2024,pass,Z9/17,35,46,0,0
2024-05-14-034,2024-05-14T09:36:52+00:00,28. Návrh na poskytnutí neinvestičních příspěvků mateřským školám na zajištění vzdělávacího projektu Technické mateřské školy – návrh rozpočtového opatření,pass,Z9/17,34,44,0,0
2024-05-14-033,2024-05-14T09:36:24+00:00,27. Návrh na přidělení státní dotace od Ministerstva kultury z Programu regenerace městských památkových rezervací a městských památkových zón v roce 2024 a návrh na úhradu povinného podílu města ke státní dotaci – návrh rozpočtového opatření,pass,Z9/17,33,45,0,0
2024-05-14-032,2024-05-14T09:35:50+00:00,26. Návrh na poskytnutí neinvestičních dotací na zachování a obnovu kulturních památek v roce 2024 – návrh rozpočtového opatření,pass,Z9/17,32,38,0,5
2024-05-14-031,2024-05-14T09:35:22+00:00,"25. Návrh na poskytnutí individuální neinvestiční dotace ZO ČSOP Pozemkovému spolku Hády na environmentální vzdělávání, výchovu a osvětu na Hádech, návrh rozpočtového opatření",pass,Z9/17,31,42,0,5
2024-05-14-030,2024-05-14T09:34:39+00:00,"24. Návrh na poskytnutí individuální neinvestiční dotace Nadaci Partnerství, na provoz Otevřené zahrady v roce 2024, návrh smlouvy o poskytnutí dotace",pass,Z9/17,30,41,0,5
2024-05-14-029,2024-05-14T09:34:09+00:00,23. Návrh na poskytnutí investičních dotací v rámci dotačního programu Podpora vytváření zelených střech,pass,Z9/17,29,40,0,5
2024-05-14-028,2024-05-14T09:33:41+00:00,"22. Návrh na poskytnutí účelového investičního příspěvku Veřejné zeleni města Brna, příspěvkové organizaci na projektovou dokumentaci akce ORG 1878 Otevřený les – návrh rozpočtového opatření",pass,Z9/17,28,40,0,5
2024-05-14-027,2024-05-14T09:33:03+00:00,"21. Zapojení Fondu rezerv a rozvoje v souvislosti s poskytnutím bezúročné zápůjčky městské části Brno-sever, návrh rozpočtového opatření",pass,Z9/17,27,40,0,5
2024-05-14-026,2024-05-14T09:32:35+00:00,"21. Zapojení Fondu rezerv a rozvoje v souvislosti s poskytnutím bezúročné zápůjčky městské části Brno-sever, návrh rozpočtového opatření - hlasování o návrhu p. Koláčného",fail,Z9/17,26,8,0,14
2024-05-14-025,2024-05-14T09:31:39+00:00,"21. Zapojení Fondu rezerv a rozvoje v souvislosti s poskytnutím bezúročné zápůjčky městské části Brno-sever, návrh rozpočtového opatření - hlasování o návrhu p. Koláčného",fail,Z9/17,25,14,2,10
2024-05-14-024,2024-05-14T09:29:10+00:00,20. Zapojení Fondu rezerv a rozvoje v souvislosti s návrhem poskytnutí individuální dotace z rozpočtu města Brna v roce 2024 pro spolek Divadlo 3+kk z. s. na projekt „Realizace česko-ukrajinského divadelního projektu Slepci“ – návrh rozpočtového opatření,pass,Z9/17,24,38,5,1
2024-05-14-023,2024-05-14T09:28:33+00:00,19. Zapojení Fondu rezerv a rozvoje v souvislosti s poskytnutím individuální investiční dotace spolku Brněnský lužánecký tenisový klub – zapsaný spolek na rekonstrukci a modernizaci tenisového areálu BLTC – návrh rozpočtového opatření,pass,Z9/17,23,44,0,2
2024-05-14-022,2024-05-14T09:28:00+00:00,18. Zapojení Fondu rezerv a rozvoje v souvislosti s poskytnutím účelového investičního transferu městské části Brno-Řečkovice a Mokrá Hora na realizaci Parku pod hřbitovem – návrh rozpočtového opatření,pass,Z9/17,22,46,0,0
2024-05-14-021,2024-05-14T09:27:29+00:00,17. Rekonstrukce sociálních zařízení v prostorách pavilonu B a vestibulu Waldorfské školy Brno – návrh rozpočtového opatření,pass,Z9/17,21,40,1,4
2024-05-14-020,2024-05-14T09:22:23+00:00,"16. Aktualizace rozpočtu akcí zajišťovaných společností Brněnské vodárny a kanalizace, a. s.– květen 2024 – návrh rozpočtového opatření",pass,Z9/17,20,40,0,7
2024-05-14-019,2024-05-14T09:21:53+00:00,"15. Změna zatřídění účelového transferu z rozpočtu města Brna poskytnutého městské části Brno-Tuřany na akci ""ZŠ Měšťanská – výměna oken"" z neinvestičního na investiční, návrh rozpočtového opatření",pass,Z9/17,19,45,0,0
2024-05-14-018,2024-05-14T09:21:22+00:00,14. Žádost městské části Brno-Žabovřesky o předchozí souhlas s použitím části kladného výsledku hospodaření z vedlejší hospodářské činnosti-bytové hospodářství k jiným účelům,pass,Z9/17,18,38,5,1
2024-05-14-017,2024-05-14T09:20:48+00:00,"13. Členský příspěvek města Brna ve spolku Brněnsko, z. s., pro rok 2024, návrh rozpočtového opatření",pass,Z9/17,17,41,0,5
2024-05-14-016,2024-05-14T09:20:20+00:00,12. Finanční hospodaření dobrovolného svazku obcí Cyklistická stezka Brno – Vídeň za rok 2023,pass,Z9/17,16,39,0,3
2024-05-14-015,2024-05-14T09:19:49+00:00,"11. Návrh změn rozpočtů účelových fondů a veřejných sbírek města Brna, návrh rozpočtových opatření v souvislosti s finančním vypořádáním rozpočtu města Brna za rok 2023",pass,Z9/17,15,40,0,4
2024-05-14-014,2024-05-14T09:19:13+00:00,"10. Návrh závěrečného účtu statutárního města Brna za rok 2023, návrh účetní závěrky statutárního města Brna za rok 2023",pass,Z9/17,14,41,0,4
2024-05-14-013,2024-05-14T08:30:21+00:00,"9. Návrh Dodatku č. 1 ke zřizovací listině Veřejné zeleně města Brna, příspěvkové organizace",pass,Z9/17,13,47,0,0
2024-05-14-012,2024-05-14T08:29:52+00:00,"8. Projekt realizace fotovoltaických systémů (SAKO Brno, a. s.), vyslovení předchozího souhlasu s udělením koncernového pokynu",pass,Z9/17,12,42,5,0
2024-05-14-011,2024-05-14T08:29:24+00:00,"7. Návrh změny stanov obchodní společnosti CD CENTRUM COMS, a. s.",pass,Z9/17,11,41,0,7
2024-05-14-010,2024-05-14T08:28:54+00:00,"6. Návrh Dodatku č. 5 k Deklaraci Koncernu statutárního města Brna, návrh předchozího souhlasu s rozšířením koncernových pokynů č. 1/2023 a č. 3/2023 na nové členy Koncernu statutárního města Brna - 2. a 3. odr.",pass,Z9/17,10,40,0,7
2024-05-14-009,2024-05-14T08:27:51+00:00,"6. Návrh Dodatku č. 5 k Deklaraci Koncernu statutárního města Brna, návrh předchozího souhlasu s rozšířením koncernových pokynů č. 1/2023 a č. 3/2023 na nové členy Koncernu statutárního města Brna - 2. odr. a 3. odr.",pass,Z9/17,9,39,0,7
2024-05-14-008,2024-05-14T08:27:09+00:00,"6. Návrh Dodatku č. 5 k Deklaraci Koncernu statutárního města Brna, návrh předchozího souhlasu s rozšířením koncernových pokynů č. 1/2023 a č. 3/2023 na nové členy Koncernu statutárního města Brna - 1. odr.",pass,Z9/17,8,37,0,10
2024-05-14-007,2024-05-14T08:18:40+00:00,5. Poskytování příspěvků členům Zastupitelstva města Brna,pass,Z9/17,7,41,0,6
2024-05-14-006,2024-05-14T08:18:10+00:00,4. Přehled účastí na schůzích výborů ZMB,pass,Z9/17,6,47,0,1
2024-05-14-005,2024-05-14T08:17:41+00:00,"1. Technický bod (zapisovatelé, právní asistence, ověřovatelé zápisu, schválení programu zasedání ZMB) - program",pass,Z9/17,5,48,0,0
2024-05-14-004,2024-05-14T08:17:10+00:00,"1. Technický bod (zapisovatelé, právní asistence, ověřovatelé zápisu, schválení programu zasedání ZMB) - program - hlasování o stažení bodu č. 107",pass,Z9/17,4,46,0,2
2024-05-14-003,2024-05-14T08:13:05+00:00,"1. Technický bod (zapisovatelé, právní asistence, ověřovatelé zápisu, schválení programu zasedání ZMB) - program - hlasování o stažení bodu č. 51",pass,Z9/17,3,45,0,0
2024-05-14-002,2024-05-14T08:12:43+00:00,"1. Technický bod (zapisovatelé, právní asistence, ověřovatelé zápisu, schválení programu zasedání ZMB) - program - hlasování o zařazení bodu č. 106, 107",pass,Z9/17,2,44,0,1
2024-05-14-001,2024-05-14T08:09:23+00:00,"1. Technický bod (zapisovatelé, právní asistence, ověřovatelé zápisu, schválení programu zasedání ZMB) - ověřovatelé zápisu",pass,Z9/17,1,43,0,0
2024-04-09-083,2024-04-09T10:13:19+00:00,"130. Zapojení statutárního města Brna do projektu Agentury pro sociální začleňování s názvem ""Desegregace vzdělávání dětí a žáků se sociálním znevýhodněním"" – návrh na změnu části usnesení Z9/15. zasedání ZMB, konaného dne 5. 3. 2024, bod č. 124",pass,Z9/16,83,41,5,1
2024-04-09-082,2024-04-09T10:12:33+00:00,129. Změna Územního plánu města Brna – B343_POR_1_22 – návrh na vydání formou opatření obecné povahy,pass,Z9/16,82,45,0,2
2024-04-09-081,2024-04-09T10:11:57+00:00,"127. Změna Územního plánu města Brna B50/07-II – MČ Brno-jih, k. ú. Přízřenice, ul. Moravanská – návrh na vydání formou opatření obecné povahy",pass,Z9/16,81,38,0,10
2024-04-09-080,2024-04-09T10:11:25+00:00,126. Změna Územního plánu města Brna – B1/22 – návrh na vydání formou opatření obecné povahy,pass,Z9/16,80,49,0,0
2024-04-09-079,2024-04-09T10:10:55+00:00,Body č. 123-125,pass,Z9/16,79,45,0,3
2024-04-09-078,2024-04-09T10:10:07+00:00,"121. Návrh Smlouvy o spolupráci při výstavbě veřejné infrastruktury „Výstavba RD Jehnice – jih, 3. etapa“",pass,Z9/16,78,47,0,0
2024-04-09-077,2024-04-09T10:09:34+00:00,120. Návrh Smlouvy o spolupráci při výstavbě veřejné infrastruktury „Obytný soubor Tuřany“,pass,Z9/16,77,48,0,0
2024-04-09-076,2024-04-09T10:08:38+00:00,119. Návrh Smlouvy o spolupráci při výstavbě veřejné infrastruktury „Nová Zbrojovka – objekt B“,pass,Z9/16,76,41,0,7
2024-04-09-075,2024-04-09T10:08:08+00:00,"118. Návrh odnětí svěřeného majetku města městské části Brno-Starý Lískovec, pozemek p. č. 2484/4 v k. ú. Starý Lískovec",pass,Z9/16,75,47,0,0
2024-04-09-074,2024-04-09T10:07:38+00:00,"117. Návrh svěření majetku města městské části Brno-Starý Lískovec, pozemek p. č. 2455/1 v k. ú. Starý Lískovec",pass,Z9/16,74,43,1,3
2024-04-09-073,2024-04-09T10:07:10+00:00,116. Návrh směny části pozemku p. č. 519/2 za část pozemku p. č. 522 oba v k. ú. Nový Lískovec,pass,Z9/16,73,46,0,1
2024-04-09-072,2024-04-09T10:06:42+00:00,"115. Záměr dispozice s pozemky p. č. 308/2, 309/2, 310/2, vše v k. ú. Dolní Heršpice",pass,Z9/16,72,45,0,0
2024-04-09-071,2024-04-09T10:06:11+00:00,"114. Návrh dispozice s pozemky p. č. 1249/1 a p. č. 1359/4, oba v k. ú. Husovice",pass,Z9/16,71,37,0,10
2024-04-09-070,2024-04-09T09:55:38+00:00,"113. Žádost o uznání vlastnického práva k pozemkům p. č. 1538/8 a p. č. 1538/10, vše v k. ú. Stránice",pass,Z9/16,70,49,0,0
2024-04-09-069,2024-04-09T09:54:58+00:00,Body č. 107-112,pass,Z9/16,69,48,0,0
2024-04-09-068,2024-04-09T09:54:02+00:00,Body č. 90-106,pass,Z9/16,68,49,0,0
2024-04-09-067,2024-04-09T09:53:19+00:00,"89. Návrh na zrušení usnesení zasedání ZMB č. Z9/13, konaného dne 12.12.2023, bod č.73 a návrh nabytí pozemku p. č. 2004/2 v k. ú. Obřany pro stavbu ""Brno, MČ Hradiska a Mlýnské nábřeží – dostavba stokové sítě""",pass,Z9/16,67,48,0,0
2024-04-09-066,2024-04-09T09:52:30+00:00,Body č. 78-88 bez bodu 85,pass,Z9/16,66,48,0,0
2024-04-09-065,2024-04-09T09:51:38+00:00,Body č. 71-77,pass,Z9/16,65,49,0,0
2024-04-09-064,2024-04-09T09:51:09+00:00,"70. Návrh prodeje pozemků p. č. 2915/39, p. č. 2915/40, p. č. 2918/18, p. č. 2923 a p. č. 2925, vše v k. ú. Kuřim",pass,Z9/16,64,36,5,5
2024-04-09-063,2024-04-09T09:48:43+00:00,Body č. 65-69,pass,Z9/16,63,48,0,0
2024-04-09-062,2024-04-09T09:47:37+00:00,64. Návrh zpeněžení pozemků p. č. 2700/5 a p. č. 2700/11 v k. ú. Kuřim formou veřejné elektronické dobrovolné dražby,pass,Z9/16,62,39,5,5
2024-04-09-061,2024-04-09T09:47:05+00:00,"63. Návrh zpeněžení pozemku p. č. 1301 v k. ú. Staré Brno, jehož součástí je administrativní objekt na adrese Hybešova č. or. 16 (vjezd Vodní č. or. 9) formou veřejné elektronické dobrovolné dražby",pass,Z9/16,61,44,0,5
2024-04-09-060,2024-04-09T09:46:21+00:00,"62. Návrh na vyjmutí nemovitých věcí – pozemku p. č. 488 a pozemku p. č. 489, jehož součástí je rodinný dům č. p. 93, Hroznová 39, Brno, vše v k. ú. Pisárky, ze ""Seznamu bytových a rodinných domů, které budou připravovány k prodeji""",pass,Z9/16,60,41,2,4
2024-04-09-059,2024-04-09T09:45:35+00:00,"61. Projekt ""Rozvoj ITS v Brně, 1. etapa"" – návrh rámcové smlouvy o financování projektu",pass,Z9/16,59,48,0,1
2024-04-09-058,2024-04-09T09:45:03+00:00,"60. Projekt ""Paracentrum Fénix"" – návrh smlouvy o poskytnutí návratné finanční výpomoci; návrh zástavní smlouvy; návrh rozpočtového opatření",pass,Z9/16,58,48,0,0
2024-04-09-057,2024-04-09T09:44:31+00:00,"59. Projekt ""Modernizace kuchyně MMB Malinovského nám. 3"" – rozhodnutí o poskytnutí dotace",pass,Z9/16,57,49,0,0
2024-04-09-056,2024-04-09T09:44:01+00:00,"58. Projekt ""Bazén Ponávka – technické zhodnocení"" – posouzení projektu",pass,Z9/16,56,42,0,6
2024-04-09-055,2024-04-09T09:43:31+00:00,"57. Projekt ""Základní a mateřská škola Nová Zbrojovka, Brno – pořízení PD"" – posouzení projektu",pass,Z9/16,55,42,0,6
2024-04-09-054,2024-04-09T09:43:03+00:00,"56. Projekt ""Stavební úpravy MŠ Štolcova 51"" – posouzení projektu",pass,Z9/16,54,42,0,6
2024-04-09-053,2024-04-09T09:42:35+00:00,"55. Projekt ""Přírodní vzdělávací pointy v areálu Zoo Brno"" – posouzení projektu",pass,Z9/16,53,43,6,0
2024-04-09-052,2024-04-09T09:40:54+00:00,"54. Projekt ""IT vybavení pro stavební úřad"" – posouzení projektu",pass,Z9/16,52,41,0,8
2024-04-09-051,2024-04-09T09:40:25+00:00,53. Finanční prostředky Fondu kofinancování projektů – duben 2024 – návrh rozpočtových opatření,pass,Z9/16,51,43,6,0
2024-04-09-050,2024-04-09T09:39:49+00:00,"51. Návrh na prominutí dluhů na nájemném v objektu Koniklecová 5, Brno",pass,Z9/16,50,42,5,2
2024-04-09-049,2024-04-09T09:39:20+00:00,50. Návrh Smlouvy o spolupráci na přípravě a realizaci programů rezidencí začleněných do systému rezidencí „Villa HEZKA“,pass,Z9/16,49,42,0,6
2024-04-09-048,2024-04-09T09:38:50+00:00,49. Návrh Smlouvy o poskytnutí investičního příspěvku „Nová Zbrojovka – objekt F“,pass,Z9/16,48,48,0,0
2024-04-09-047,2024-04-09T09:38:22+00:00,"48. Návrh smlouvy o poskytnutí individuální dotace z rozpočtu města Brna v roce 2024 pro spolek Parnas, z. s., na projekt „Koncertní cesta orchestru ZUŠ Veveří do Lipska (DE)“ – návrh rozpočtového opatření",pass,Z9/16,47,49,0,0
2024-04-09-046,2024-04-09T09:37:47+00:00,"47. Návrh smlouvy o poskytnutí individuální dotace z rozpočtu města Brna v roce 2024 pro Divadlo BARKA, z. ú., na činnost „Divadlo BARKA“ – návrh rozpočtového opatření",pass,Z9/16,46,41,5,2
2024-04-09-045,2024-04-09T09:37:13+00:00,46. Návrh záměru poskytnutí dotace České provincii Kongregace sester sv. Cyrila a Metoděje na výstavbu Cyrilometodějské mateřské školy Brno,pass,Z9/16,45,46,0,1
2024-04-09-044,2024-04-09T09:36:38+00:00,45. Návrh na poskytnutí neinvestičních příspěvků základním školám na zajištění základní plavecké výuky žáků základních škol – návrh rozpočtového opatření,pass,Z9/16,44,46,0,0
2024-04-09-043,2024-04-09T09:36:08+00:00,44. Návrh na poskytnutí finančních podílů z rozpočtu města Brna na projekty prevence kriminality v roce 2024 - návrh rozpočtového opatření,pass,Z9/16,43,48,0,0
2024-04-09-042,2024-04-09T09:35:36+00:00,"43. Návrh na poskytnutí investičního příspěvku Centru sociálních služeb, příspěvkové organizaci, na akci ""Rekonstrukce vnitřních prostor objektu Masná 134/3b, k. ú. Trnitá"", návrh rozpočtového opatření",pass,Z9/16,42,47,0,0
2024-04-09-041,2024-04-09T09:35:02+00:00,42. Návrh na poskytnutí individuálních neinvestičních dotací na rok 2024 organizacím poskytujícím služby v souladu se Strategií politiky statutárního města Brna v oblasti drog a závislostí na období 2022-2025,pass,Z9/16,41,48,0,0
2024-04-09-040,2024-04-09T09:34:25+00:00,"41. Návrh na poskytnutí individuální neinvestiční dotace spolku INSTITUT SOCIÁLNĚ ZDRAVOTNÍCH STRATEGIÍ z. s. na projekt ""PORADNA JAKO SLON – Alzheimerovská poradna, rozšíření činnosti poradny",pass,Z9/16,40,48,0,0
2024-04-09-039,2024-04-09T09:33:51+00:00,"40. Návrh na poskytnutí individuální neinvestiční dotace společnosti AMERFO o. p. s. na projekt ""Podpora osob se zdravotním postižením v sociálním podniku"" – návrh rozpočtového opatření",pass,Z9/16,39,41,1,6
2024-04-09-038,2024-04-09T09:33:16+00:00,"39. Návrh na poskytnutí individuální neinvestiční dotace Sociálnímu nadačnímu fondu na projekt ""Spolu štěstí naproti"" – návrh rozpočtového opatření",pass,Z9/16,38,43,0,4
2024-04-09-037,2024-04-09T09:32:44+00:00,"38. Návrh na poskytnutí individuální neinvestiční dotace Potravinové bance pro Brno a Jihomoravský kraj, z. s., na projekt ""Pokračování projektu Potravinová banka pro Brno a Jihomoravský kraj v roce 2024""",pass,Z9/16,37,42,1,5
2024-04-09-036,2024-04-09T09:32:09+00:00,37. Návrh na poskytnutí neinvestičních dotací organizacím národnostních menšin a organizacím působícím v oblasti etnik pro rok 2024 – návrh rozpočtového opatření,pass,Z9/16,36,41,6,1
2024-04-09-035,2024-04-09T09:30:59+00:00,36. Návrh na poskytnutí neinvestičních dotací na rok 2024 z Programu IV – Prevence kriminality – návrh rozpočtového opatření,pass,Z9/16,35,42,0,6
2024-04-09-034,2024-04-09T09:30:25+00:00,35. Návrh na poskytnutí neinvestičních dotací na rok 2024 z Programu III – Aktivity v oblasti drog a závislostí – návrh rozpočtového opatření,pass,Z9/16,34,47,0,1
2024-04-09-033,2024-04-09T09:28:31+00:00,"34. Návrh na poskytnutí neinvestičních dotací – Program II pro rok 2024 – projekty nestátních neziskových organizací v sociální oblasti, které vhodným způsobem navazují na sociální služby – návrh rozpočtového opatření",pass,Z9/16,33,43,0,5
2024-04-09-032,2024-04-09T09:27:53+00:00,33. Návrh na poskytnutí neinvestičních dotací v rámci dotačního programu pro poskytování dotací v oblasti podpory kreativních odvětví na rok 2024 v 5. etapě - “Pro Kreativní Brno” - návrh rozpočtového opatření,pass,Z9/16,32,46,0,1
2024-04-09-031,2024-04-09T09:27:14+00:00,32. Návrh na poskytnutí individuální neinvestiční dotace na projekt Prima FRESH festival Brno,pass,Z9/16,31,47,0,0
2024-04-09-030,2024-04-09T09:26:42+00:00,"31. Návrh na poskytnutí neinvestičních dotací na projekty v programu ""Dotace na činnosti doplňující zdravotnické služby na území města Brna"" na rok 2024, návrh rozpočtového opatření",pass,Z9/16,30,48,0,1
2024-04-09-029,2024-04-09T09:26:07+00:00,"30. Návrh na poskytnutí neinvestičních dotací na projekty v programu ""Dotace na projekty v oblasti podpory rodinné politiky"" na rok 2024, návrh rozpočtového opatření",pass,Z9/16,29,49,0,0
2024-04-09-028,2024-04-09T09:25:36+00:00,"29. Návrh na poskytnutí individuální neinvestiční dotace spolku Emilova sportovní, z. s., na uspořádání 13. ročníku Evropských her handicapované mládeže Emil Open ve městě Brně v roce 2024",pass,Z9/16,28,47,0,0
2024-04-09-027,2024-04-09T09:25:03+00:00,28. Záměr poskytnutí individuálních investičních dotací z rozpočtu města Brna žadatelům v programech Národní sportovní agentury vyhlášených v roce 2024,pass,Z9/16,27,47,0,0
2024-04-09-026,2024-04-09T09:24:29+00:00,"27. Návrh na poskytnutí individuální neinvestiční dotace společnosti EkoInkubátor, z. ú., na podporu Mezinárodního filmového festivalu EKOFILM a návrh smlouvy o poskytnutí dotace",pass,Z9/16,26,34,1,11
2024-04-09-025,2024-04-09T09:23:51+00:00,26. Návrh na poskytnutí investičních dotací v rámci dotačního programu Podpora vytváření zelených střech,pass,Z9/16,25,42,0,6
2024-04-09-024,2024-04-09T09:23:16+00:00,24. Návrh Dodatku č. 1 Statutu Sociálního fondu a zapojení Fondu rezerv a rozvoje do rozpočtu Odboru vnitřních věcí MMB – návrh rozpočtového opatření,pass,Z9/16,24,50,0,0
2024-04-09-023,2024-04-09T09:22:46+00:00,23. Zapojení Fondu rezerv a rozvoje v souvislosti s poskytnutím účelového investičního a neinvestičního transferu městské části Brno-Komín na realizaci Komunitního veřejného prostoru Urbánkova – návrh rozpočtového opatření,pass,Z9/16,23,49,0,1
2024-04-09-022,2024-04-09T09:22:12+00:00,"22. Zapojení Fondu rezerv a rozvoje v souvislosti s poskytnutím investičního příspěvku Zoo Brno a stanici zájmových činností, příspěvkové organizaci – návrh rozpočtového opatření",pass,Z9/16,22,40,6,4
2024-04-09-021,2024-04-09T09:07:09+00:00,"21. Zapojení Fondu rezerv a rozvoje v souvislosti s navýšením účelových neinvestičních příspěvků Centru experimentálního divadla, příspěvkové organizaci v roce 2024 – návrh rozpočtového opatření",pass,Z9/16,21,39,6,1
2024-04-09-020,2024-04-09T09:06:33+00:00,"19. Zapojení Fondu rezerv a rozvoje v souvislosti s návrhem poskytnutí individuální dotace z rozpočtu města Brna v roce 2024 pro spolek Zahrady Soutoku, z. s., na projekt „Lužánecká Open 2024“ – návrh rozpočtového opatření",pass,Z9/16,20,41,0,6
2024-04-09-019,2024-04-09T09:05:58+00:00,18. Zapojení Fondu rezerv a rozvoje v souvislosti s návrhem poskytnutí individuální dotace z rozpočtu města Brna v roce 2024 pro společnost Prokoncertagency s.r.o. na projekt „BRNO BRASS FEST“ – návrh rozpočtového opatření,pass,Z9/16,19,40,0,7
2024-04-09-018,2024-04-09T09:05:24+00:00,"17. Zapojení Fondu rezerv a rozvoje k financování Hlukové a rozptylové studie pro účely Vyhodnocení vlivů na udržitelný rozvoj území k návrhu Územního plánu města Brna, návrh rozpočtového opatření",pass,Z9/16,18,38,0,6
2024-04-09-017,2024-04-09T08:30:25+00:00,16. Zapojení Fondu rezerv a rozvoje v souvislosti s přebíráním objektu bývalé pošty na ulici Orlí a Benešova – návrh rozpočtového opatření,pass,Z9/16,17,40,1,7
2024-04-09-016,2024-04-09T08:29:50+00:00,15. Zapojení vyšších příjmů Odboru strategického rozvoje a spolupráce MMB na úhradu faktur za energie a služby Vysokému učení technickému v Brně – návrh rozpočtového opatření,pass,Z9/16,16,47,0,1
2024-04-09-015,2024-04-09T08:29:17+00:00,14. Aktualizace rozpočtu Odboru investičního MMB – duben 2024 – návrh rozpočtového opatření,pass,Z9/16,15,40,0,8
2024-04-09-014,2024-04-09T08:28:48+00:00,13. Členský příspěvek Cities and RegionsforCyclists – návrh rozpočtového opatření,pass,Z9/16,14,41,0,6
2024-04-09-013,2024-04-09T08:28:16+00:00,12. Návrh přistoupení města Brna k Memorandu ze dne 10. 9. 2021 o vzájemné spolupráci a společném postupu „Muchova stezka“,pass,Z9/16,13,40,0,6
2024-04-09-012,2024-04-09T08:27:44+00:00,11. Návrh aktualizace Integrované strategie rozvoje Brněnské metropolitní oblasti 2021+,pass,Z9/16,12,42,0,6
2024-04-09-011,2024-04-09T08:27:07+00:00,10. Návrh smlouvy o spolupráci mezi městy Záhřebem (Chorvatská republika) a Brnem (Česká republika),pass,Z9/16,11,43,0,5
2024-04-09-010,2024-04-09T08:26:36+00:00,9. Návrh smlouvy o spolupráci mezi městy Lvovem (Ukrajina) a Brnem (Česká republika),pass,Z9/16,10,42,6,0
2024-04-09-009,2024-04-09T08:20:17+00:00,8. Návrh zřizovacích listin příspěvkových organizací v působnosti Odboru kultury Magistrátu města Brna,pass,Z9/16,9,47,0,0
2024-04-09-008,2024-04-09T08:19:48+00:00,"7. Návrh obecně závazné vyhlášky statutárního města Brna, kterou se mění obecně závazná vyhláška statutárního města Brna č. 20/2020, o zákazu požívání alkoholických nápojů na veřejných prostranstvích, ve znění obecně závazné vyhlášky statutárního města Brna č. 6/2022“",pass,Z9/16,8,44,0,3
2024-04-09-007,2024-04-09T08:19:00+00:00,"6. Návrh obecně závazné vyhlášky statutárního města Brna, kterou se mění obecně závazná vyhláška statutárního města Brna č. 11/2017, o nočním klidu, ve znění pozdějších vyhlášek vč. doplnění",pass,Z9/16,7,47,0,0
2024-04-09-006,2024-04-09T08:16:56+00:00,"6. Návrh obecně závazné vyhlášky statutárního města Brna, kterou se mění obecně závazná vyhláška statutárního města Brna č. 11/2017, o nočním klidu, ve znění pozdějších vyhlášek",pass,Z9/16,6,45,0,1
2024-04-09-005,2024-04-09T08:16:16+00:00,"5. Návrh obecně závazné vyhlášky statutárního města Brna, kterou se mění obecně závazná vyhláška statutárního města Brna č. 9/2017, o pravidlech pro pohyb psů, ve znění obecně závazné vyhlášky statutárního města Brna č. 21/2020",pass,Z9/16,5,46,0,0
2024-04-09-004,2024-04-09T08:15:34+00:00,"1. Technický bod (zapisovatelé, právní asistence, ověřovatelé zápisu, schválení programu zasedání ZMB) - program",pass,Z9/16,4,47,0,0
2024-04-09-003,2024-04-09T08:15:15+00:00,"1. Technický bod (zapisovatelé, právní asistence, ověřovatelé zápisu, schválení programu zasedání ZMB) - program - hlasování o zařazení bodu č. 130",pass,Z9/16,3,47,0,0
2024-04-09-002,2024-04-09T08:14:55+00:00,"1. Technický bod (zapisovatelé, právní asistence, ověřovatelé zápisu, schválení programu zasedání ZMB) - program - hlasování o stažení bodu č. 20, 25, 52, 85, 122, 128",pass,Z9/16,2,47,0,0
2024-04-09-001,2024-04-09T08:10:57+00:00,"1. Technický bod (zapisovatelé, právní asistence, ověřovatelé zápisu, schválení programu zasedání ZMB) - ověřovatelé zápisu",pass,Z9/16,1,45,0,0
2024-03-05-102,2024-03-05T11:30:38+00:00,"124. Návrh zapojení statutárního města Brna do projektu Agentury pro sociální začleňování s názvem ""Desegregace vzdělávání dětí a žáků se sociálním znevýhodněním""",pass,Z9/15,102,45,0,5
2024-03-05-101,2024-03-05T11:29:57+00:00,"123. Návrh koncernového pokynu – Zajištění dodávek elektřiny a zemního plynu prostřednictvím společnosti Energie Teplárny Brno, s. r. o., od roku 2025 dále",pass,Z9/15,101,50,0,0
2024-03-05-100,2024-03-05T11:28:31+00:00,122. Plán udržitelné městské mobility města Brna – aktualizace přílohy 2.1. Zásobník projektů,pass,Z9/15,100,49,0,2
2024-03-05-099,2024-03-05T11:28:00+00:00,"120. Návrh Dodatku č. 2 ke Smlouvě o spolupráci při výstavbě veřejné infrastruktury „POLYFUNKČNÍ OBJEKT TRIANGL C, ulice Podveská, Brno“ 121. Návrh Dodatku č. 3 ke Smlouvě o spolupráci při výstavbě veřejné infrastruktury „POLYFUNKČNÍ OBJEKT TRIANGL B, ulice Podveská, Brno“ a návrh Dohody o zrušení zástavního práva smluvního k nemovitým věcem",pass,Z9/15,99,48,0,3
2024-03-05-098,2024-03-05T11:27:29+00:00,"119. Návrh Dodatku č. 2 ke Smlouvě o výstavbě veřejné dopravní a technické infrastruktury v rámci stavby ""OC KASKÁDY"", návrh Smlouvy o výstavbě veřejné dopravní a technické infrastruktury v rámci stavby ""OC KASKÁDY – C) Horní výstavba""",pass,Z9/15,98,48,0,2
2024-03-05-097,2024-03-05T11:26:56+00:00,Body č. 114-118,pass,Z9/15,97,47,0,3
2024-03-05-096,2024-03-05T11:25:34+00:00,112. Návrh Smlouvy o spolupráci při výstavbě veřejné infrastruktury „Dostavba proluky a městský park při ulici Leitnerova v Brně“,pass,Z9/15,96,46,0,3
2024-03-05-095,2024-03-05T11:25:04+00:00,"111. Návrh Smlouvy o spolupráci při výstavbě veřejné infrastruktury „POLYFUNKČNÍ OBJEKT, BRNO – KALOVÁ“",pass,Z9/15,95,50,0,0
2024-03-05-094,2024-03-05T11:24:36+00:00,"111. Návrh Smlouvy o spolupráci při výstavbě veřejné infrastruktury „POLYFUNKČNÍ OBJEKT, BRNO – KALOVÁ“",pass,Z9/15,94,50,1,0
2024-03-05-093,2024-03-05T11:24:03+00:00,"110. Brněnské vodárny a kanalizace, a. s.– Smlouva o součinnosti v rámci Projektu Kalové hospodářství ČOV Brno-Modřice",pass,Z9/15,93,48,0,3
2024-03-05-092,2024-03-05T11:23:33+00:00,109. Návrh na zrušení věcného břemene (služebnosti) zatěžujícího pozemek p. č. 1117/1 v k. ú. Štýřice,pass,Z9/15,92,51,0,0
2024-03-05-091,2024-03-05T11:23:02+00:00,"108. Návrh odnětí svěřeného majetku města městské části Brno–Nový Lískovec, pozemků v k. ú. Nový Lískovec",pass,Z9/15,91,50,0,0
2024-03-05-090,2024-03-05T11:22:35+00:00,"107. Návrh svěření majetku města městské části Brno-jih, pozemků p. č. 480/3, 480/31, 480/32 v k. ú. Komárov",pass,Z9/15,90,52,0,0
2024-03-05-089,2024-03-05T11:22:06+00:00,Body č. 103-106,pass,Z9/15,89,49,0,0
2024-03-05-088,2024-03-05T11:21:29+00:00,"102. Návrh smlouvy o bezúplatném převodu části stavby s názvem ""Brno, MČ Tuřany – odkanalizování Dvorska"" (celoplošná obnova povrchu stávající komunikace č. II/417 ul. Zapletalova)",pass,Z9/15,88,52,0,0
2024-03-05-087,2024-03-05T11:20:53+00:00,"87-101, bez 98",pass,Z9/15,87,51,0,0
2024-03-05-086,2024-03-05T11:20:01+00:00,Body č. 83-86,pass,Z9/15,86,52,0,0
2024-03-05-085,2024-03-05T11:19:22+00:00,82. Návrh prodeje části pozemku p. č. 2927/23 v k. ú. Žebětín,pass,Z9/15,85,51,0,0
2024-03-05-084,2024-03-05T11:18:54+00:00,"81. Návrh prodeje částí pozemků p. č. 852/5, 974/1, 977/2, vše v k. ú. Trnitá společnosti MS Trnitá 2, s.r.o.",pass,Z9/15,84,44,2,2
2024-03-05-083,2024-03-05T11:18:25+00:00,Body č. 76-80,pass,Z9/15,83,51,0,1
2024-03-05-082,2024-03-05T11:17:28+00:00,"75. Dohoda o narovnání, prodej pozemků p. č. 288/6 a 288/12, nabytí stavby vše v k. ú. Město Brno-majetkoprávní vypořádání ve vztahu k nemovitému majetku statutárního města Brna v lokalitě podchod pod hlavním nádražím, ulice Benešova, Pohořelec a Josefská - schvaluje - 2. a 3. odr.",pass,Z9/15,82,44,0,6
2024-03-05-081,2024-03-05T11:16:55+00:00,"75. Dohoda o narovnání, prodej pozemků p. č. 288/6 a 288/12, nabytí stavby vše v k. ú. Město Brno-majetkoprávní vypořádání ve vztahu k nemovitému majetku statutárního města Brna v lokalitě podchod pod hlavním nádražím, ulice Benešova, Pohořelec a Josefská - schvaluje - 1. a 4. odr.",pass,Z9/15,81,49,0,2
2024-03-05-080,2024-03-05T11:16:24+00:00,"75. Dohoda o narovnání, prodej pozemků p. č. 288/6 a 288/12, nabytí stavby vše v k. ú. Město Brno-majetkoprávní vypořádání ve vztahu k nemovitému majetku statutárního města Brna v lokalitě podchod pod hlavním nádražím, ulice Benešova, Pohořelec a Josefská - bere na vědomí",pass,Z9/15,80,48,0,3
2024-03-05-079,2024-03-05T11:15:10+00:00,"74. Návrh zpeněžení pozemků p. č. 2773/1, p. č. 2773/2 a p. č. 2773/7, vše k. ú. Kuřim, formou veřejné elektronické dobrovolné dražby",pass,Z9/15,79,40,5,7
2024-03-05-078,2024-03-05T10:19:58+00:00,"74. Návrh zpeněžení pozemků p. č. 2773/1, p. č. 2773/2 a p. č. 2773/7, vše k. ú. Kuřim, formou veřejné elektronické dobrovolné dražby",fail,Z9/15,78,2,0,0
2024-03-05-077,2024-03-05T10:19:35+00:00,73. Návrh na změnu katastrální hranice mezi katastrálním územím Štýřice a katastrálním územím Horní Heršpice,pass,Z9/15,77,51,0,1
2024-03-05-076,2024-03-05T10:19:07+00:00,72. Přehled bytů poskytnutých v celoměstském zájmu za 2. pololetí roku 2023,pass,Z9/15,76,50,0,1
2024-03-05-075,2024-03-05T10:18:39+00:00,"71. Návrh na odnětí svěřeného majetku města městské části Brno-střed, pozemku p. č. 1119/1, jehož součástí je stavba č. p. 329, bytový dům Mlýnská 21, 23 v k. ú. Trnitá, obec Brno",pass,Z9/15,75,40,0,12
2024-03-05-074,2024-03-05T10:18:11+00:00,"71. Návrh na odnětí svěřeného majetku města městské části Brno-střed, pozemku p. č. 1119/1, jehož součástí je stavba č. p. 329, bytový dům Mlýnská 21, 23 v k. ú. Trnitá, obec Brno",pass,Z9/15,74,40,0,11
2024-03-05-073,2024-03-05T10:17:26+00:00,"70. Návrh dispozice s bytovými domy Ibsenova 9, 10, 11, Brno, včetně pozemků, vč. úpravy",pass,Z9/15,73,34,1,10
2024-03-05-072,2024-03-05T10:15:55+00:00,"70. Návrh dispozice s bytovými domy Ibsenova 9, 10, 11, Brno, včetně pozemků - hlasování o návrhu p. Zemka",fail,Z9/15,72,11,1,21
2024-03-05-071,2024-03-05T09:59:51+00:00,"69. Návrh prodeje podílu na pozemku p. č. 1651/1, k. ú. Kohoutovice, pod bytovým domem Bellova 22, 24, 26 v Brně",pass,Z9/15,71,51,0,1
2024-03-05-070,2024-03-05T09:59:19+00:00,"68. Vymezení bytových jednotek a adresný záměr bezúplatného převodu spoluvlastnických podílů na 31 bytových jednotkách bytového domu č. p. 729 v k. ú. Žebětín, Brno, členům Bytového družstva Za Kněžským hájkem",pass,Z9/15,70,52,0,1
2024-03-05-069,2024-03-05T09:58:44+00:00,"67. Adresný záměr bezúplatného převodu spoluvlastnických podílů na b.j. domu č.p. 2072, k. ú. Řečkovice na členy družstva Cihelna a záměr úplatného převodu podílů na pozemcích p. č. 799/7, 799/8, 815/34, 815/35, 940/4, 940/5, 940/6, k. ú. Řečkovice",pass,Z9/15,69,51,0,1
2024-03-05-068,2024-03-05T09:58:03+00:00,"66. Návrh vzorové dohody o narovnání s bezúplatným převodem spoluvlastnického podílu města na bytových jednotkách bytového domu č. p.1228 Vrbovecká 4, 6, 8, 10 a převod podílu na pozemku p. č. 7231/2 v k. ú. Bystrc členům BYTOVÉHO DRUŽSTVA ZELENÁ LOUKA",pass,Z9/15,68,50,0,1
2024-03-05-067,2024-03-05T09:57:32+00:00,65. Návrh na schválení záměru poskytnutí úročené investiční zápůjčky z rozpočtu města Brna městské části Brno-Židenice,pass,Z9/15,67,47,5,0
2024-03-05-066,2024-03-05T09:52:20+00:00,"64. Projekt ""ZŠ Hamry – stavební úpravy"" – návrh smlouvy o poskytnutí podpory",pass,Z9/15,66,48,0,1
2024-03-05-065,2024-03-05T09:51:53+00:00,"63. Projekt ""Brno, MČ Bosonohy III. a IV. etapa – dostavba oddílného kanalizačního systému"" - rozhodnutí o poskytnutí dotace",pass,Z9/15,65,49,0,1
2024-03-05-064,2024-03-05T09:51:23+00:00,"62. Projekty ""Fotovoltaický systém pro městskou část Brno-Líšeň"" – rozhodnutí o poskytnutí dotace",pass,Z9/15,64,49,0,1
2024-03-05-063,2024-03-05T09:50:55+00:00,"61. Projekt ""ZŠ a MŠ Jana Broskvy – rekonstrukce školní kuchyně"" – rozhodnutí o poskytnutí dotace",pass,Z9/15,63,48,0,0
2024-03-05-062,2024-03-05T09:50:25+00:00,"60. Projekt ""Místní akční plán rozvoje vzdělávání ve městě Brně IV""– rozhodnutí o poskytnutí dotace",pass,Z9/15,62,48,0,1
2024-03-05-061,2024-03-05T09:49:56+00:00,"59. Projekt ""Rosteme s digitálními technologiemi"" – posouzení projektu, návrh rozpočtového opatření",pass,Z9/15,61,48,0,1
2024-03-05-060,2024-03-05T09:49:27+00:00,"58. Projekt ""#Vzdělávání #Inovace #Prosperita 2"" – posouzení projektu, návrh rozpočtového opatření",pass,Z9/15,60,44,4,1
2024-03-05-059,2024-03-05T09:48:57+00:00,"57. Projekt ""Výstavba budovy mateřské školy, školní družiny a úprava přilehlého školního hřiště v areálu ZŠ Přemyslovo náměstí 1"" – posouzení projektu",pass,Z9/15,59,48,0,1
2024-03-05-058,2024-03-05T09:48:28+00:00,"56. Projekt ""Výstavba MŠ Šámalova"" – posouzení projektu",pass,Z9/15,58,46,0,1
2024-03-05-057,2024-03-05T09:47:59+00:00,"55. Projekt ""Rozvoj ITS v Brně, 3. etapa"" – posouzení projektu",pass,Z9/15,57,46,0,4
2024-03-05-056,2024-03-05T09:46:51+00:00,"54. Projekt ""Rekonstrukce parkové plochy u ZŠ Jana Babáka"" – posouzení projektu",pass,Z9/15,56,46,0,1
2024-03-05-055,2024-03-05T09:46:20+00:00,"53. Projekt ""Bosonožské náměstí – úprava veřejného prostranství"" – posouzení projektu",pass,Z9/15,55,48,0,1
2024-03-05-054,2024-03-05T09:45:49+00:00,52. Finanční prostředky Fondu kofinancování projektů – březen 2024 – návrh rozpočtových opatření,pass,Z9/15,54,50,0,1
2024-03-05-053,2024-03-05T09:45:19+00:00,"51. Žádost Masarykovy univerzity o prominutí nájemného v objektu Jakubské náměstí 5/Moravské náměstí 3, k. ú. Město Brno",pass,Z9/15,53,51,0,0
2024-03-05-052,2024-03-05T09:44:45+00:00,"50. Návrh Dodatku č. 1 ke Smlouvě o poskytnutí investičního příspěvku „Bytový dům Rezidence Koniklec, Nový Lískovec“ a návrh Dohody o zrušení zástavního práva smluvního k nemovitým věcem",pass,Z9/15,52,39,0,10
2024-03-05-051,2024-03-05T09:40:33+00:00,49. Návrh smlouvy o poskytnutí individuální dotace z rozpočtu města Brna v roce 2024 pro Nadační fond MEHRIN na projekt „Výroba 3D exponátů pro Nadační fond Mehrin“ – návrh rozpočtového opatření,pass,Z9/15,51,45,2,4
2024-03-05-050,2024-03-05T09:40:01+00:00,"48. Návrh smlouvy o poskytnutí individuální neinvestiční dotace SNIP & CO, reklamní společnost, spol. s r.o. na realizaci projektu „Dronové show 2024""",pass,Z9/15,50,43,0,6
2024-03-05-049,2024-03-05T09:39:28+00:00,47. Návrh na poskytnutí investiční dotace na pořízení výškové techniky pro Hasičský záchranný sbor Jihomoravského kraje; návrh veřejnoprávní smlouvy,pass,Z9/15,49,49,1,0
2024-03-05-048,2024-03-05T09:38:56+00:00,46. Návrh na poskytnutí neinvestiční dotace na provoz a vybavení jednotek Hasičského záchranného sboru Jihomoravského kraje; návrh veřejnoprávní smlouvy; návrh rozpočtového opatření,pass,Z9/15,48,49,0,1
2024-03-05-047,2024-03-05T09:38:25+00:00,45. Návrh na poskytnutí individuální neinvestiční dotace na projekt Zpřístupnění Atomového krytu 10-Z v roce 2024,pass,Z9/15,47,43,0,4
2024-03-05-046,2024-03-05T09:37:55+00:00,44. Návrh na poskytnutí investičních dotací v rámci dotačního programu Podpora vytváření zelených střech,pass,Z9/15,46,48,0,1
2024-03-05-045,2024-03-05T09:37:26+00:00,"43. Návrh na poskytnutí neinvestičního účelového příspěvku Kanceláři architekta města Brna, příspěvkové organizaci – návrh rozpočtového opatření",pass,Z9/15,45,43,0,6
2024-03-05-044,2024-03-05T09:34:43+00:00,"42. Návrh na poskytnutí individuální neinvestiční dotace Ptačímu centru o. p. s., na zajištění činnosti záchranné stanice v roce 2024 - návrh rozpočtového opatření",pass,Z9/15,44,50,0,1
2024-03-05-043,2024-03-05T09:34:12+00:00,41. Návrh na poskytnutí individuálních neinvestičních dotací pro oblast životního prostředí na rok 2024,pass,Z9/15,43,49,0,1
2024-03-05-042,2024-03-05T09:33:43+00:00,40. Návrh na poskytnutí individuální neinvestiční dotace Masarykově univerzitě na popularizaci vědy pro žáky základních škol ve vědeckém výukovém centru Bioskop v roce 2024 – návrh rozpočtového opatření,pass,Z9/15,42,50,0,1
2024-03-05-041,2024-03-05T09:33:12+00:00,39. Návrh na poskytnutí neinvestičních dotací na provozní náklady středisek volného času v roce 2024,pass,Z9/15,41,49,0,1
2024-03-05-040,2024-03-05T09:32:44+00:00,38. Návrh na poskytnutí účelových neinvestičních dotací v programu Mezinárodní cena vévody z Edinburghu v roce 2024 – návrh rozpočtového opatření,pass,Z9/15,40,51,0,1
2024-03-05-039,2024-03-05T09:32:11+00:00,37. Návrh na poskytnutí účelových neinvestičních příspěvků základním školám na mezinárodní projekty v roce 2024 – návrh rozpočtového opatření,pass,Z9/15,39,50,0,1
2024-03-05-038,2024-03-05T09:31:42+00:00,"36. Návrh na poskytnutí účelového neinvestičního příspěvku Základní škole a Mateřské škole Brno, Merhautova 37, příspěvkové organizaci, na projekt OnStage Brno – návrh rozpočtového opatření",pass,Z9/15,38,46,1,4
2024-03-05-037,2024-03-05T09:27:45+00:00,35. Návrh na poskytnutí neinvestičních příspěvků základním školám na zajištění vzdělávacího projektu Příběhy našich sousedů – návrh rozpočtového opatření,pass,Z9/15,37,44,0,6
2024-03-05-036,2024-03-05T09:27:17+00:00,34. Návrh na poskytnutí individuální neinvestiční dotace GALANT BRNO s. r. o. na projekt „Zabezpečení celoročního provozu Sportareálu Družstevní v roce 2024“,pass,Z9/15,36,50,0,1
2024-03-05-035,2024-03-05T09:26:46+00:00,33. Návrh na poskytnutí individuální neinvestiční dotace TJ TESLA BRNO z. s. na projekt „Zabezpečení celoročního provozu sportovního areálu TJ TESLA BRNO v roce 2024“,pass,Z9/15,35,47,0,1
2024-03-05-034,2024-03-05T09:26:14+00:00,"32. Návrh na poskytnutí individuální investiční dotace společnosti STAREZ-SPORT, a. s., na realizaci projektu – Rekonstrukce ledové plochy haly Rondo",pass,Z9/15,34,47,0,3
2024-03-05-033,2024-03-05T09:25:32+00:00,31. Záměr poskytnutí individuální investiční dotace Tělocvičné jednotě Sokol Brno-Žabovřesky na realizaci projektu „Rekonstrukce sauny Rosnička Brno“,pass,Z9/15,33,45,0,6
2024-03-05-032,2024-03-05T09:24:45+00:00,30. Návrh na poskytnutí individuální investiční dotace z rozpočtu města Brna na realizaci busty Ernsta Wiesnera ve vile Stiassni; návrh rozpočtového opatření,pass,Z9/15,32,46,0,5
2024-03-05-031,2024-03-05T09:24:10+00:00,29. Návrh na poskytnutí neinvestičních dotací dle dotačních programů v oblasti kultury na rok 2024 - návrh rozpočtového opatření,pass,Z9/15,31,50,0,1
2024-03-05-030,2024-03-05T09:23:34+00:00,"29. Návrh na poskytnutí neinvestičních dotací dle dotačních programů v oblasti kultury na rok 2024 - návrh rozpočtového opatření - tab. č. 1, pol. 11",pass,Z9/15,30,45,4,1
2024-03-05-029,2024-03-05T09:23:03+00:00,"29. Návrh na poskytnutí neinvestičních dotací dle dotačních programů v oblasti kultury na rok 2024 - návrh rozpočtového opatření - tab. č. 1, pol. 8",pass,Z9/15,29,44,4,0
2024-03-05-028,2024-03-05T09:20:04+00:00,28. Návrh na poskytnutí účelového neinvestičního transferu městské části Brno-střed na správu a údržbu svěřeného pomníku Adolfa Loose na Janáčkově náměstí a svěřeného vodního prvku na Dominikánském náměstí v Brně; návrh rozpočtového opatření,pass,Z9/15,28,43,0,6
2024-03-05-027,2024-03-05T09:17:17+00:00,"27. Změna zatřídění účelového transferu z rozpočtu města Brna poskytnutého městské části Brno-Bohunice na správu a údržbu kontejnerových stání, určených pro nádoby na komunální odpad z neinvestičního na investiční, návrh rozpočtového opatření",pass,Z9/15,27,50,0,0
2024-03-05-026,2024-03-05T09:16:39+00:00,26. Zapojení Fondu rezerv a rozvoje do rozpočtu Odboru vnitřních věcí MMB v souvislosti se vznikem Odboru územního plánování a stavebního řádu MMB – návrh rozpočtového opatření,pass,Z9/15,26,44,0,8
2024-03-05-025,2024-03-05T08:57:30+00:00,25. Zapojení Fondu rezerv a rozvoje v souvislosti s poskytnutím neinvestičních příspěvků základním školám na zajištění projektu Primární prevence na základních školách – návrh rozpočtového opatření,pass,Z9/15,25,49,0,1
2024-03-05-024,2024-03-05T08:56:56+00:00,24. Zapojení Fondu rezerv a rozvoje k financování běžných a kapitálových výdajů Odboru školství a mládeže MMB – návrh rozpočtového opatření,pass,Z9/15,24,51,0,0
2024-03-05-023,2024-03-05T08:56:25+00:00,"23. Zapojení Fondu rezerv a rozvoje v souvislosti s poskytnutím investičního příspěvku Kanceláři architekta města Brna, příspěvkové organizaci, na fyzický model k soutěži ""Sportovní hala pro dráhovou cyklistiku a atletiku"", návrh rozpočtového opatření",pass,Z9/15,23,42,0,8
2024-03-05-022,2024-03-05T08:54:20+00:00,22. Zapojení Fondu rezerv a rozvoje v souvislosti s poskytnutí účelového investičního transferu městské části Brno-střed na realizaci Revitalizace vnitrobloku Bayerova – Botanická – návrh rozpočtového opatření,pass,Z9/15,22,46,0,6
2024-03-05-021,2024-03-05T08:53:43+00:00,"21. Zapojení Fondu rezerv a rozvoje k financování běžných výdajů Městské policie Brno, návrh rozpočtového opatření",pass,Z9/15,21,51,0,1
2024-03-05-020,2024-03-05T08:53:15+00:00,20. Návrh rozpočtového opatření – aktualizace rozpočtu Odboru participace MMB,pass,Z9/15,20,46,0,5
2024-03-05-019,2024-03-05T08:31:13+00:00,19. Aktualizace rozpočtu běžných a kapitálových výdajů rozpočtu Odboru dopravy MMB – březen 2024 – návrh rozpočtového opatření,pass,Z9/15,19,48,0,4
2024-03-05-018,2024-03-05T08:28:29+00:00,18. Aktualizace rozpočtu Odboru investičního MMB – březen 2024 – návrh rozpočtového opatření,pass,Z9/15,18,49,0,1
2024-03-05-017,2024-03-05T08:28:01+00:00,"17. Platba faktur za energie Vysokému učení technickému v Brně – nebytové prostory svěřené Hvězdárně a planetáriu Brno, příspěvkové organizaci – návrh rozpočtového opatření",pass,Z9/15,17,50,0,1
2024-03-05-016,2024-03-05T08:27:30+00:00,16. Výstavba městských holubníků – návrh rozpočtového opatření,pass,Z9/15,16,46,0,2
2024-03-05-015,2024-03-05T08:21:19+00:00,14. Návrh zřizovacích listin příspěvkových organizací v působnosti Odboru školství a mládeže Magistrátu města Brna,pass,Z9/15,15,50,0,1
2024-03-05-014,2024-03-05T08:20:48+00:00,13. Návrh zřizovacích listin příspěvkových organizací v působnosti Odboru zdraví Magistrátu města Brna,pass,Z9/15,14,50,0,1
2024-03-05-013,2024-03-05T08:20:17+00:00,"12. Návrh zřizovací listiny Hvězdárny a planetária Brno, příspěvkové organizace",pass,Z9/15,13,48,0,1
2024-03-05-012,2024-03-05T08:19:48+00:00,"11. Návrh zřizovací listiny Zoo Brno a stanice zájmových činností, příspěvkové organizace",pass,Z9/15,12,51,0,1
2024-03-05-011,2024-03-05T08:19:21+00:00,"10. Návrh zřizovací listiny Veřejné zeleně města Brna, příspěvkové organizace",pass,Z9/15,11,50,0,1
2024-03-05-010,2024-03-05T08:18:52+00:00,"9. Návrh zřizovací listiny Správy hřbitovů města Brna, příspěvkové organizace",pass,Z9/15,10,46,0,1
2024-03-05-009,2024-03-05T08:18:22+00:00,"8. Návrh zřizovací listiny Kanceláře architekta města Brna, příspěvkové organizace",pass,Z9/15,9,46,0,6
2024-03-05-008,2024-03-05T08:17:52+00:00,"7. Návrh obecně závazné vyhlášky statutárního města Brna, kterou se mění obecně závazná vyhláška statutárního města Brna č. 3/2017, kterou se stanoví školské obvody mateřských škol, ve znění pozdějších vyhlášek",pass,Z9/15,8,49,0,1
2024-03-05-007,2024-03-05T08:17:16+00:00,"6. Návrh obecně závazné vyhlášky statutárního města Brna, kterou se mění obecně závazná vyhláška statutárního města Brna č. 2/2017, kterou se stanoví školské obvody základních škol, ve znění pozdějších vyhlášek",pass,Z9/15,7,51,0,1
2024-03-05-006,2024-03-05T08:16:39+00:00,"5. Návrh obecně závazné vyhlášky statutárního města Brna, kterou se mění obecně závazná vyhláška statutárního města Brna č. 11/2017, o nočním klidu, ve znění pozdějších vyhlášek",pass,Z9/15,6,50,0,1
2024-03-05-005,2024-03-05T08:16:02+00:00,"4. Určení funkcí, pro které budou členky/členové Zastupitelstva města Brna dlouhodobě uvolněny/i – návrh na změnu usnesení Z9/14. zasedání Zastupitelstva města Brna konaného dne 30. 1. 2024, bod č. 6",pass,Z9/15,5,45,0,3
2024-03-05-004,2024-03-05T08:14:48+00:00,"1. Technický bod (zapisovatelé, právní asistence, ověřovatelé zápisu, schválení programu zasedání ZMB) - program",pass,Z9/15,4,48,0,0
2024-03-05-003,2024-03-05T08:14:16+00:00,"1. Technický bod (zapisovatelé, právní asistence, ověřovatelé zápisu, schválení programu zasedání ZMB) - program - hlasování o zařazení bodu č. 123, 124",pass,Z9/15,3,48,0,1
2024-03-05-002,2024-03-05T08:13:55+00:00,"1. Technický bod (zapisovatelé, právní asistence, ověřovatelé zápisu, schválení programu zasedání ZMB) - program - hlasování o stažení bodu č. 15, 98, 113",pass,Z9/15,2,48,0,0
2024-03-05-001,2024-03-05T08:11:37+00:00,"1. Technický bod (zapisovatelé, právní asistence, ověřovatelé zápisu, schválení programu zasedání ZMB) - ověřovatelé zápisu",pass,Z9/15,1,43,0,0
2024-01-30-101,2024-01-30T12:15:12+00:00,"96. Návrh změny stanov obchodních společností Teplárny Brno, a. s., a Veletrhy Brno, a. s.",pass,Z9/14,101,48,0,2
2024-01-30-100,2024-01-30T12:14:37+00:00,94. Územně plánovací dokumentace 2023 – návrhy na nezahájení/zahájení procesu pořízení změn Územního plánu a regulačních plánů města Brna,pass,Z9/14,100,47,0,1
2024-01-30-099,2024-01-30T12:14:03+00:00,"93. Návrh Dodatku č. 1 ke Smlouvě o spolupráci při výstavbě veřejné infrastruktury „Oáza u řeky, bydlení Horní Heršpice, ulice Dufkovo nábřeží """,pass,Z9/14,99,39,0,8
2024-01-30-098,2024-01-30T12:13:31+00:00,"91. Návrh Dodatku č.1 ke Smlouvě o spolupráci při výstavbě veřejné dopravní a technické infrastruktury „Polyfunkční stavba Trnitá II Bulvár"" 92.Návrh Dodatku č. 1 ke Smlouvě o spolupráci při výstavbě veřejné infrastruktury ""Budova D""",pass,Z9/14,98,38,0,10
2024-01-30-097,2024-01-30T12:12:33+00:00,90. Návrh Smlouvy o spolupráci při výstavbě veřejné infrastruktury „Obytný soubor Pastviny – Uhlířova“,pass,Z9/14,97,50,0,0
2024-01-30-096,2024-01-30T12:12:01+00:00,89. Návrh Smlouvy o spolupráci na přípravě a realizaci programu „Rezidence KREILU“,pass,Z9/14,96,45,0,6
2024-01-30-095,2024-01-30T12:11:30+00:00,"88. Návrh na setrvání na části usnesení Zastupitelstva města Brna Z9/08 konaného dne 20. 6. 2023, bod č. 159 - nesvěření pozemku p. č. 3123 v k. ú. Kníničky městské části Brno-Kníničky.",pass,Z9/14,95,46,0,6
2024-01-30-094,2024-01-30T12:10:48+00:00,"87. Návrh odnětí svěřeného majetku města městské části Brno-Maloměřice a Obřany, pozemků p. č. 1804/4, p. č. 1804/5 v k. ú. Obřany",pass,Z9/14,94,51,0,1
2024-01-30-093,2024-01-30T12:10:15+00:00,"85. Návrh směny pozemku p. č. 5864/2 za pozemek p. č. 5811/1 a návrh na zřízení služebnosti k pozemku p. č. 5864/2, vše v k. ú. Židenice",pass,Z9/14,93,46,0,7
2024-01-30-092,2024-01-30T12:09:43+00:00,"83. Návrh směny pozemku p. č. 1519 a části pozemku p. č. 2620/1 za část pozemku p. č. 2621 a část pozemku p. č. 2622 k. ú. Bosonohy 84.Návrh směny pozemku p. č. 1601/2 za pozemek p. č. 1598/5, vše v k. ú. Chrlice",pass,Z9/14,92,48,0,4
2024-01-30-091,2024-01-30T12:08:32+00:00,82. Předkupní právo dle § 101 stavebního zákona k pozemku p. č. 707/3 v k. ú. Horní Heršpice,pass,Z9/14,91,44,0,5
2024-01-30-090,2024-01-30T12:07:59+00:00,Body č. 75-81,pass,Z9/14,90,51,0,0
2024-01-30-089,2024-01-30T12:07:00+00:00,"73. Návrh nabytí pozemku p. č. 49/3 v k. ú.Dvorska 74. Návrh nabytí pozemků p. č. 1684/76 a p. č. 1903/47, oba v k. ú. Starý Lískovec",pass,Z9/14,89,52,0,1
2024-01-30-088,2024-01-30T12:06:19+00:00,Body č. 70-72,pass,Z9/14,88,52,0,1
2024-01-30-087,2024-01-30T12:05:37+00:00,"69. Návrh zpeněžení pozemků p. č. 403/1, 403/4, 403/5, 404 v k. ú. Pisárky jejichž součástmi je objekt Lipová č. o. 31, dvě garáže ve veřejné elektronické dobrovolné dražbě",pass,Z9/14,87,48,0,5
2024-01-30-086,2024-01-30T12:05:03+00:00,"68. Projekt ""Akumulace dešťových vod v lokalitě Líšeň – Rokle"" – návrh aktualizovaného znění smlouvy o poskytnutí podpory",pass,Z9/14,86,50,0,0
2024-01-30-085,2024-01-30T12:04:32+00:00,"67. Projekt ""Pořízení cisternové automobilové stříkačky pro JSDH Brno-Židenice"" – rozhodnutí o poskytnutí dotace",pass,Z9/14,85,50,0,1
2024-01-30-084,2024-01-30T12:04:04+00:00,"66. Projekt ""ZŠ Sirotkova – přístavba učeben odborných předmětů"" – rozhodnutí o poskytnutí dotace",pass,Z9/14,84,50,0,1
2024-01-30-083,2024-01-30T12:03:34+00:00,"65. Projekt ""ZŠ Gajdošova 3, druhá etapa"" – rozhodnutí o poskytnutí dotace",pass,Z9/14,83,46,0,5
2024-01-30-082,2024-01-30T12:03:02+00:00,"64. Projekt ""Přístavba Logopedické třídy MŠ Hatě Brno – Ivanovice, Hatě 81/19"" – posouzení projektu",pass,Z9/14,82,46,0,6
2024-01-30-081,2024-01-30T12:02:30+00:00,"63. Projekt ""Integrace cizinců ve městě Brně V."" – posouzení projektu",pass,Z9/14,81,45,6,1
2024-01-30-080,2024-01-30T12:01:59+00:00,"62. Návrh na poskytnutí individuální investiční dotace spolku Tělovýchovná jednota Lokomotiva-Ingstav, z. s., na projekt „Stavební úpravy a nástavba objektu Jakuba Obrovského 2/2, 635 00 Brno“ spolufinancovaný z rozpočtu NSA",pass,Z9/14,80,46,0,4
2024-01-30-079,2024-01-30T12:01:10+00:00,61. Finanční prostředky Fondu kofinancování projektů – leden 2024 – návrh rozpočtových opatření - 4. odr.,pass,Z9/14,79,43,0,7
2024-01-30-078,2024-01-30T12:00:47+00:00,61. Finanční prostředky Fondu kofinancování projektů – leden 2024 – návrh rozpočtových opatření - 3. odr.,pass,Z9/14,78,40,0,11
2024-01-30-077,2024-01-30T12:00:22+00:00,61. Finanční prostředky Fondu kofinancování projektů – leden 2024 – návrh rozpočtových opatření - 1. a 2. odr.,pass,Z9/14,77,46,0,5
2024-01-30-076,2024-01-30T11:57:17+00:00,60. Projekty financované z Fondu kofinancování projektů – leden 2024 – návrh rozpočtového opatření,pass,Z9/14,76,44,0,6
2024-01-30-075,2024-01-30T11:56:48+00:00,"59. Rozdělení finančních prostředků na projekty participativního rozpočtu – výsledky hlasování, návrh rozpočtového opatření",pass,Z9/14,75,44,0,6
2024-01-30-074,2024-01-30T11:56:15+00:00,"58. Žádost o prominutí či snížení smluvní pokuty, návrh Dodatku č. 1 k Plánovací smlouvě č. 6313173069",pass,Z9/14,74,49,0,2
2024-01-30-073,2024-01-30T11:55:44+00:00,57. Odpis nedobytné pohledávky z titulu dlužného nájemného,pass,Z9/14,73,52,0,1
2024-01-30-072,2024-01-30T11:55:15+00:00,56. Návrh na uzavření dohody o narovnání – smírné vyřešení soudních sporů se společností KOREKT REAL s. r. o.,pass,Z9/14,72,51,0,0
2024-01-30-071,2024-01-30T11:54:43+00:00,55. Návrh Dodatku č. 1 ke Smlouvě o poskytnutí investičního příspěvku „BLOK VÍDEŇSKÁ – DOSTAVBY“,pass,Z9/14,71,40,0,9
2024-01-30-070,2024-01-30T11:53:28+00:00,54. Návrh Smlouvy o poskytnutí investičního příspěvku „Nová Zbrojovka – objekt A“,pass,Z9/14,70,51,0,0
2024-01-30-069,2024-01-30T11:52:57+00:00,53. Návrh smlouvy s FabLab Brno s. r. o. o poskytování veřejné služby a podmínkách poskytnutí vyrovnávací platby za plnění závazku veřejné služby,pass,Z9/14,69,45,0,6
2024-01-30-068,2024-01-30T11:52:28+00:00,"52. Návrh smlouvy s JIC, zájmovým sdružením právnických osob, o poskytování veřejné služby a podmínkách poskytnutí vyrovnávací platby za plnění závazku veřejné služby – rozpočtové opatření",pass,Z9/14,68,50,0,1
2024-01-30-067,2024-01-30T11:51:52+00:00,50. Návrh na uzavření smluv o poskytnutí víceletých individuálních dotací z rozpočtu města Brna v oblasti kultury v letech 2024–2026,pass,Z9/14,67,46,0,7
2024-01-30-066,2024-01-30T11:51:17+00:00,49. Návrh na uzavření smluv o poskytnutí jednoletých individuálních dotací z rozpočtu města Brna v oblasti kultury v roce 2024 - bod 2,pass,Z9/14,66,52,0,0
2024-01-30-065,2024-01-30T11:50:51+00:00,49. Návrh na uzavření smluv o poskytnutí jednoletých individuálních dotací z rozpočtu města Brna v oblasti kultury v roce 2024,pass,Z9/14,65,51,0,0
2024-01-30-064,2024-01-30T11:50:27+00:00,49. Návrh na uzavření smluv o poskytnutí jednoletých individuálních dotací z rozpočtu města Brna v oblasti kultury v roce 2024 - bod 1.2,pass,Z9/14,64,48,0,4
2024-01-30-063,2024-01-30T11:49:15+00:00,"48. Návrh smlouvy o poskytnutí individuální dotace z rozpočtu města Brna v letech 2024–2025 pro společnost DBP, s. r. o., na projekt „Letní scéna Divadla Bolka Polívky v Brně“",pass,Z9/14,63,39,1,11
2024-01-30-062,2024-01-30T11:48:36+00:00,"51. Návrh dohody o ukončení Smlouvy o poskytnutí individuální dotace v letech 2023-2025 se společností DBP, s. r. o., návrh dodatku č. 1 ke Smlouvě o poskytnutí individuální dotace 2023-2025 s Divadlem Bolka Polívky, z. ú. - návrh rozpočtového opatření",pass,Z9/14,62,39,1,12
2024-01-30-061,2024-01-30T11:48:07+00:00,"51. Návrh dohody o ukončení Smlouvy o poskytnutí individuální dotace v letech 2023-2025 se společností DBP, s. r. o., návrh dodatku č. 1 ke Smlouvě o poskytnutí individuální dotace 2023-2025 s Divadlem Bolka Polívky, z. ú. - návrh rozpočtového opatření",pass,Z9/14,61,40,1,11
2024-01-30-060,2024-01-30T11:41:16+00:00,47. Návrh na uzavření smluv o poskytnutí individuálních dotací z rozpočtu města Brna pro státní příspěvkové organizace v oblasti kultury na roky 2024-2025,pass,Z9/14,60,51,0,1
2024-01-30-059,2024-01-30T11:40:40+00:00,"46. Návrh na poskytnutí dotací a uzavření smluv s organizacemi poskytujícími služby zdravotnické, služby v oblasti podpory rodinné politiky a podpory prevence domácího násilí",pass,Z9/14,59,46,0,6
2024-01-30-058,2024-01-30T11:39:15+00:00,"45. Návrh navýšení poskytnuté individuální dotace, návrh dodatku č. 1 ke smlouvě o poskytnutí individuální dotace z rozpočtu města Brna v letech 2022-2025 uzavřené s Českým filharmonickým sborem Brno, o. p. s.",pass,Z9/14,58,50,0,1
2024-01-30-057,2024-01-30T11:38:38+00:00,"44. Návrh na poskytnutí neinvestičních dotací na podporu aktivit k oživení ploch veřejné zeleně ve městě Brně v roce 2024 -""Nábřežít"", návrh vzorové veřejnoprávní smlouvy o poskytnutí dotace z rozpočtu města Brna, návrh rozpočtového opatření",pass,Z9/14,57,51,0,0
2024-01-30-056,2024-01-30T11:37:59+00:00,"43. Návrh na poskytnutí neinvestičních dotací na podporu aktivit k oživení ploch veřejné zeleně ve městě Brně v roce 2024 – ""Vnitroblok"", návrh vzorové veřejnoprávní smlouvy o poskytnutí dotace z rozpočtu města Brna, návrh rozpočtového opatření",pass,Z9/14,56,51,0,0
2024-01-30-055,2024-01-30T11:37:13+00:00,42. Návrh na poskytnutí dotací na podporu projektů ekologické výchovy ve městě Brně na rok 2024 a návrh rozpočtového opatření,pass,Z9/14,55,45,0,6
2024-01-30-054,2024-01-30T11:36:39+00:00,"41. Návrh na poskytnutí investičních dotací v rámci dotačního programu Podpora využití srážkové vody, návrh veřejnoprávní smlouvy o poskytnutí dotace z rozpočtu města Brna",pass,Z9/14,54,46,1,5
2024-01-30-053,2024-01-30T11:36:07+00:00,"40. Návrh na poskytnutí investičních dotací v rámci dotačního programu Podpora vytváření zelených střech, návrh vzorové veřejnoprávní smlouvy o poskytnutí dotace z rozpočtu města Brna",pass,Z9/14,53,46,0,6
2024-01-30-052,2024-01-30T11:33:59+00:00,"39. Návrh na poskytnutí individuální neinvestiční dotace Malý fotbal Brno, z. s., na projekt „Podpora činnosti trenérů a animátorů pohybových aktivit na ZŠ“ v období 01-06/2024 – návrh rozpočtového opatření",pass,Z9/14,52,51,0,1
2024-01-30-051,2024-01-30T11:31:13+00:00,38. Návrh na poskytnutí neinvestičních dotací na podporu provozu sportovišť pro rok 2024,pass,Z9/14,51,52,0,1
2024-01-30-050,2024-01-30T11:30:26+00:00,37. Návrh na poskytnutí neinvestičních dotací na podporu vrcholového sportu pro rok 2024 – návrh rozpočtového opatření,pass,Z9/14,50,40,0,13
2024-01-30-049,2024-01-30T11:29:41+00:00,"36. Návrh na poskytnutí individuální neinvestiční dotace Trenéři ve škole, z. s., na zabezpečení projektu „Trenéři ve škole“ v období 02-06/2024 – návrh rozpočtového opatření",pass,Z9/14,49,52,0,1
2024-01-30-048,2024-01-30T11:29:07+00:00,35. Návrh na poskytnutí neinvestičních příspěvků školám a školským zařízením na podporu dietního stravování ve městě Brně na rok 2024 - návrh rozpočtového opatření,pass,Z9/14,48,52,0,0
2024-01-30-047,2024-01-30T11:28:34+00:00,34. Návrh na poskytnutí neinvestičních dotací v rámci Programu I pro rok 2024 – sociální služby poskytované NNO – návrh rozpočtového opatření,pass,Z9/14,47,45,0,6
2024-01-30-046,2024-01-30T11:28:01+00:00,"33. Návrh na poskytnutí neinvestičního transferu městským částem na opravy v objektech určených pro poskytování sociálních služeb, poskytnutí investičního transferu městské části Brno-Bohunice na pořízení zvedací plošiny, návrh rozpočtového opatření",pass,Z9/14,46,52,0,1
2024-01-30-045,2024-01-30T11:27:22+00:00,16. Koordinace a synchronizace projektů informačních a komunikačních technologií řízených osob – návrh předchozího souhlasu s udělením koncernového pokynu,pass,Z9/14,45,49,0,5
2024-01-30-044,2024-01-30T11:24:06+00:00,"15. Žádost obchodní společnosti Energie Teplárny Brno, s. r. o., o vstup do Koncernu statutárního města Brna, návrh Dodatku č. 4 k Deklaraci Koncernu statutárního města Brna",pass,Z9/14,44,52,0,1
2024-01-30-043,2024-01-30T11:20:28+00:00,97. Volba členky/člena Rady města Brna pro participaci - Petr Bořecký,pass,Z9/14,43,43,2,8
2024-01-30-042,2024-01-30T11:14:22+00:00,hlasování o zařazení bodu č. 97,pass,Z9/14,42,47,0,2
2024-01-30-041,2024-01-30T10:29:58+00:00,32. Návrh na poskytnutí transferů městským částem z rozpočtu Odboru investičního MMB na rok 2024 – návrh rozpočtového opatření,pass,Z9/14,41,52,0,1
2024-01-30-040,2024-01-30T10:29:26+00:00,31. Zapojení Fondu rezerv a rozvoje v souvislosti s poskytnutím účelového investičního transferu městské části Brno-sever na realizaci II. etapy parku Marie Restituty – návrh rozpočtového opatření,pass,Z9/14,40,52,0,0
2024-01-30-039,2024-01-30T10:28:52+00:00,"30. Zapojení Fondu rezerv a rozvoje v souvislosti s poskytnutím účelového neinvestičního příspěvku Kanceláři architekta města Brna, příspěvkové organizaci, na soutěž o návrh ""Sportovní hala pro dráhovou cyklistiku a atletiku"", návrh rozpočtového opatření",pass,Z9/14,39,47,0,5
2024-01-30-038,2024-01-30T10:22:41+00:00,29. Zapojení Fondu rezerv a rozvoje v souvislosti s návrhem na poskytnutí neinvestičních transferů a investičního transferu městským částem – návrh rozpočtového opatření,pass,Z9/14,38,51,0,1
2024-01-30-037,2024-01-30T10:22:08+00:00,"28. Zapojení Fondu rezerv a rozvoje v souvislosti s poskytnutím úročené investiční zápůjčky městské části Brno-Slatina, návrh rozpočtového opatření",pass,Z9/14,37,52,0,1
2024-01-30-036,2024-01-30T10:21:36+00:00,27. Zapojení rezervy rozpočtu v souvislosti s úhradou regresní platby – návrh rozpočtového opatření,pass,Z9/14,36,47,0,7
2024-01-30-035,2024-01-30T10:21:05+00:00,26. Návrh rozpočtového opatření – přesun finančních prostředků z rozpočtu Odboru územního plánování a rozvoje MMB do rozpočtu Odboru vnitřních věcí MMB,pass,Z9/14,35,43,0,10
2024-01-30-034,2024-01-30T10:18:53+00:00,25. Aktualizace rozpočtu Odboru investičního MMB – leden 2024 – návrh rozpočtového opatření,pass,Z9/14,34,44,0,10
2024-01-30-033,2024-01-30T10:18:23+00:00,24. Návrh na poskytnutí peněžitého daru do majetku Jihomoravského filmového nadačního fondu,pass,Z9/14,33,48,0,6
2024-01-30-032,2024-01-30T10:17:54+00:00,23. Návrh změny Dotačních pravidel,pass,Z9/14,32,43,4,5
2024-01-30-031,2024-01-30T10:16:16+00:00,22. Akční plán zlepšování kvality ovzduší Brno - 2023,pass,Z9/14,31,47,1,5
2024-01-30-030,2024-01-30T10:15:44+00:00,"21. Návrh aktualizace dokumentu ""Energetická politika statutárního města Brna""; návrh na zrušení části usnesení Z8/38. zasedání Zastupitelstva města Brna konaného dne 17. května 2022, bod č. 18",pass,Z9/14,30,49,0,5
2024-01-30-029,2024-01-30T10:15:06+00:00,"20. Návrh na změnu zástupce statutárního města Brna na všech valných shromážděních Sdružení energetických manažerů měst a obcí, z. s.",pass,Z9/14,29,54,0,0
2024-01-30-028,2024-01-30T10:14:36+00:00,"19. Návrh na delegování zástupců statutárního města Brna na valnou hromadu spolku CIVINET Česká a Slovenská republika, z. s.; návrh na zrušení části usnesení Z8/19. zasedání ZMB konaného dne 8. 9. 2020, bod 8",pass,Z9/14,28,50,0,2
2024-01-30-027,2024-01-30T10:13:57+00:00,"18. Návrh Protokolu č. 76 o předání majetku statutárního města Brna k hospodaření Veřejné zeleni města Brna, příspěvkové organizaci",pass,Z9/14,27,54,0,0
2024-01-30-026,2024-01-30T10:13:26+00:00,"17. Brněnské vodárny a kanalizace, a. s.– podpora Projektu Kalové hospodářství ČOV Brno-Modřice, zpráva o zahájení jednání o odkupu podílu SUEZ International S. A. S.",pass,Z9/14,26,48,0,5
2024-01-30-025,2024-01-30T09:55:37+00:00,"14. SAKO Brno, a. s.– návrh změny stanov",pass,Z9/14,25,52,0,0
2024-01-30-024,2024-01-30T09:55:08+00:00,13. Návrh zřizovacích listin příspěvkových organizací v působnosti Odboru sociální péče Magistrátu města Brna,pass,Z9/14,24,51,0,0
2024-01-30-023,2024-01-30T09:54:36+00:00,"12. Návrh obecně závazné vyhlášky statutárního města Brna, kterou se mění obecně závazná vyhláška statutárního města Brna č. 20/2001, kterou se vydává Statut města Brna, ve znění pozdějších vyhlášek, a obecně závazná vyhláška statutárního města Brna č. 25/2023",pass,Z9/14,23,51,0,1
2024-01-30-022,2024-01-30T09:53:55+00:00,"11. Odměňování neuvolněných členů Zastupitelstva města Brna a členů komisí Rady města Brna a výborů Zastupitelstva města Brna, kteří nejsou členy Zastupitelstva města Brna",pass,Z9/14,22,45,0,7
2024-01-30-021,2024-01-30T09:53:22+00:00,10. Přehled účastí na schůzích výborů ZMB,pass,Z9/14,21,49,0,1
2024-01-30-020,2024-01-30T09:52:45+00:00,9. Návrh změny Jednacího řádu Zastupitelstva města Brna,pass,Z9/14,20,43,0,9
2024-01-30-019,2024-01-30T09:52:14+00:00,"9. Návrh změny Jednacího řádu Zastupitelstva města Brna - čl. 8, písm. b, odst. 7",pass,Z9/14,19,35,2,13
2024-01-30-018,2024-01-30T09:42:52+00:00,"95. Změna v osobě v pořadí druhého náměstka primátorky města Brna - volba v pořadí druhé náměstkyně/druhého náměstka primátorky města Brna - RNDr. Filip Chvátal, Ph.D.",pass,Z9/14,18,44,4,2
2024-01-30-017,2024-01-30T09:26:56+00:00,95. Změna v osobě v pořadí druhého náměstka primátorky města Brna - bere na vědomí,pass,Z9/14,17,49,0,2
2024-01-30-016,2024-01-30T09:23:18+00:00,"8. Změna ve složení Kontrolního výboru Zastupitelstva města Brna - volba místopředsedkyně /místopředsedy Kontrolního výboru Zastupitelstva města Brna - Mgr. Sabina Benešová, DiS, LL.M.",pass,Z9/14,16,50,0,3
2024-01-30-015,2024-01-30T09:21:15+00:00,8. Změna ve složení Kontrolního výboru Zastupitelstva města Brna - bere na vědomí,pass,Z9/14,15,50,0,0
2024-01-30-014,2024-01-30T09:15:51+00:00,7. Změna ve složení Výboru pro národnostní menšiny Zastupitelstva města Brna - volba členky/člena Výboru pro národnostní menšiny Zastupitelstva města Brna - p. Štefan,pass,Z9/14,14,47,0,2
2024-01-30-013,2024-01-30T09:15:32+00:00,7. Změna ve složení Výboru pro národnostní menšiny Zastupitelstva města Brna - volba členky/člena Výboru pro národnostní menšiny Zastupitelstva města Brna - p. Pernes,fail,Z9/14,13,6,0,21
2024-01-30-012,2024-01-30T09:14:57+00:00,7. Změna ve složení Výboru pro národnostní menšiny Zastupitelstva města Brna - volba členky/člena Výboru pro národnostní menšiny Zastupitelstva města Brna - p. Krytinář,pass,Z9/14,12,42,0,4
2024-01-30-011,2024-01-30T09:14:24+00:00,7. Změna ve složení Výboru pro národnostní menšiny Zastupitelstva města Brna - volba členky/člena Výboru pro národnostní menšiny Zastupitelstva města Brna - pí Fuchsová,fail,Z9/14,11,6,0,22
2024-01-30-010,2024-01-30T09:07:13+00:00,7. Změna ve složení Výboru pro národnostní menšiny Zastupitelstva města Brna - volba členky/člena Výboru pro národnostní menšiny Zastupitelstva města Brna - volba volební komise,pass,Z9/14,10,49,0,2
2024-01-30-009,2024-01-30T09:06:07+00:00,7. Změna ve složení Výboru pro národnostní menšiny Zastupitelstva města Brna - volba členky/člena Výboru pro národnostní menšiny Zastupitelstva města Brna - bere na vědomí,pass,Z9/14,9,51,0,0
2024-01-30-008,2024-01-30T09:01:42+00:00,"7. Změna ve složení Výboru pro národnostní menšiny Zastupitelstva města Brna - volba předsedkyně/předsedy Výboru pro národnostní menšiny Zastupitelstva města Brna Mgr. Monika Lukášová Spilková, Ph.D.",pass,Z9/14,8,41,2,8
2024-01-30-007,2024-01-30T08:52:28+00:00,7. Změna ve složení Výboru pro národnostní menšiny Zastupitelstva města Brna - volba volební komise,pass,Z9/14,7,50,0,2
2024-01-30-006,2024-01-30T08:51:03+00:00,7. Změna ve složení Výboru pro národnostní menšiny Zastupitelstva města Brna - bere na vědomí,pass,Z9/14,6,50,0,1
2024-01-30-005,2024-01-30T08:34:44+00:00,"6. Určení funkcí, pro které budou členky/členové Zastupitelstva města Brna dlouhodobě uvolněny/i – návrh na změnu usnesení Z9/01. zasedání Zastupitelstva města Brna konaného dne 20.10.2022, bod č. 4, ve znění pozdějších změn",pass,Z9/14,5,42,3,6
2024-01-30-004,2024-01-30T08:19:48+00:00,"1. Technický bod (zapisovatelé, právní asistence, ověřovatelé zápisu, schválení programu zasedání ZMB) - program",pass,Z9/14,4,51,0,1
2024-01-30-003,2024-01-30T08:19:25+00:00,"1. Technický bod (zapisovatelé, právní asistence, ověřovatelé zápisu, schválení programu zasedání ZMB) - program - hlasování o zařazení bodu č. 95, 96",pass,Z9/14,3,51,0,1
2024-01-30-002,2024-01-30T08:19:03+00:00,"1. Technický bod (zapisovatelé, právní asistence, ověřovatelé zápisu, schválení programu zasedání ZMB) - program - hlasování o stažení bodu č. 86",pass,Z9/14,2,51,0,1
2024-01-30-001,2024-01-30T08:15:22+00:00,"1. Technický bod (zapisovatelé, právní asistence, ověřovatelé zápisu, schválení programu zasedání ZMB) - ověřovatelé zápisu",pass,Z9/14,1,49,0,0
2023-12-12-098,2023-12-12T12:20:43+00:00,"110. Návrh dodatku č. 1 ke Smlouvě o poskytnutí individuální investiční dotace uzavřené mezi statutárním městem Brnem a Domovem pro mne, z. s.",pass,Z9/13,98,43,0,8
2023-12-12-097,2023-12-12T12:20:07+00:00,109. Návrh na poskytnutí neinvestičních individuálních dotací v roce 2023 – V. kolo – návrh rozpočtového opatření,pass,Z9/13,97,48,0,0
2023-12-12-096,2023-12-12T12:19:37+00:00,108. Návrh na změnu termínu vyúčtování a zatřídění účelových investičních a neinvestičních transferů poskytnutých městským částem,pass,Z9/13,96,43,0,8
2023-12-12-095,2023-12-12T12:19:05+00:00,105. Návrh na uzavření dohody o zrušení závazku společnosti B.Letná s. r. o. vybudovat trvalý průchod pro pěší v polyfunkčním objektu v k. ú. Bystrc při ulici Černého,pass,Z9/13,95,36,9,4
2023-12-12-094,2023-12-12T12:18:33+00:00,"104. Zánik zástavních práv smluvních k pozemkům p. č. 4113/5, p. č. 4113/6 a p. č. 4113/7, vše v k. ú. Tuřany a na nich stojících stavbách",pass,Z9/13,94,49,0,1
2023-12-12-093,2023-12-12T12:18:00+00:00,"103. Návrh odnětí svěřeného majetku města městské části Brno-střed, pozemků v k. ú. Štýřice",pass,Z9/13,93,45,0,2
2023-12-12-092,2023-12-12T12:17:31+00:00,"102. Návrh odnětí svěřeného majetku města městské části Brno-jih, pozemků p. č. 1053/1, p. č. 1053/2, p. č. 1059, p. č. 1060, p. č. 1061, p. č. 1062, p. č. 1063, p. č. 1064, p. č. 1065 v k. ú. Komárov",pass,Z9/13,92,48,0,2
2023-12-12-091,2023-12-12T12:17:00+00:00,"101. Návrh na zrušení usnesení zasedání Zastupitelstva města Brna č. Z9/09 konaného dne 05.09.2023, bod č. 150, návrh budoucí směny pozemků a částí pozemků v k. ú. Štýřice, Bohunice, Trnitá se společností Shell Czech Republic a. s.",pass,Z9/13,91,38,0,11
2023-12-12-090,2023-12-12T12:16:20+00:00,100. Návrh směny části pozemku p. č. 5405/1 v k. ú. Žabovřesky,pass,Z9/13,90,45,0,0
2023-12-12-089,2023-12-12T12:15:44+00:00,"99. Návrh směny pozemků v k. ú. Starý Lískovec a v k. ú. Trnitá se společností Brněnské komunikace a. s., návrh na zřízení služebností",pass,Z9/13,89,46,0,2
2023-12-12-088,2023-12-12T12:15:09+00:00,"98. Návrh směny pozemků p. č. 7623/54 p. č. 7652/35 a p. č. 7748/22, vše v k. ú. Židenice (městská část Brno-Vinohrady)",pass,Z9/13,88,30,11,2
2023-12-12-087,2023-12-12T12:06:03+00:00,96. Návrh dispozice s pozemkem p. č. 1340/99 v k. ú. Stránice,pass,Z9/13,87,50,0,1
2023-12-12-086,2023-12-12T12:05:32+00:00,Body č. 86-95,pass,Z9/13,86,49,0,1
2023-12-12-085,2023-12-12T12:04:48+00:00,Body č. 83-85,pass,Z9/13,85,50,0,1
2023-12-12-084,2023-12-12T12:04:03+00:00,Body č. 80-82,pass,Z9/13,84,49,0,1
2023-12-12-083,2023-12-12T12:03:22+00:00,79. Návrh na nepřijetí nabídky Státního pozemkového úřadu na uzavření kupní smlouvy k části pozemku p. č. 538 v k. ú. Staré Brno dotčené veřejně prospěšnou stavbou VPS1/06-II,pass,Z9/13,83,42,0,7
2023-12-12-082,2023-12-12T12:02:42+00:00,Body č. 75-78,pass,Z9/13,82,48,0,0
2023-12-12-081,2023-12-12T12:02:11+00:00,"74. Návrh nabytí části pozemku p. č. 4158 v k. ú. Tuřany pro stavbu „Komunikační obchvat Tuřan, I.etapa“",pass,Z9/13,81,42,0,6
2023-12-12-080,2023-12-12T12:01:40+00:00,Body č. 72 a 73,pass,Z9/13,80,49,0,0
2023-12-12-079,2023-12-12T12:00:41+00:00,Body č. 68-71,pass,Z9/13,79,44,0,4
2023-12-12-078,2023-12-12T11:59:51+00:00,66. Návrh na pověření vedoucí/vedoucího Majetkového odboru MMB k podpisu dokumentů za statutární město Brno,pass,Z9/13,78,45,4,1
2023-12-12-077,2023-12-12T11:57:00+00:00,Body č. 63-65,pass,Z9/13,77,50,0,0
2023-12-12-076,2023-12-12T11:55:52+00:00,"62. Návrh Dohody o zrušení bytového spoluvlastnictví a o zrušení společenství vlastníků jednotek v budově č. ev. 284, 285, 286, 287, 288, vše v k. ú. Husovice, pro stavbu „Silnice I/42 Brno, VMO Tomkovo náměstí a VMO Rokytova“",pass,Z9/13,76,49,0,0
2023-12-12-075,2023-12-12T11:55:14+00:00,"61. Návrh na zrušení části usnesení Z7/19. zasedání Zastupitelstva města Brna, konaného dne 21.6.2016, bod 153, ve věci odnětí svěřeného majetku městské části Brno-střed u bytového domu Úvoz 14 v k ú. Staré Brno",pass,Z9/13,75,39,0,12
2023-12-12-074,2023-12-12T11:54:38+00:00,"60. Návrh na odnětí svěřeného majetku města městské části Brno-střed, nemovitosti při ulici Kamenná 2, v k. ú. Štýřice",pass,Z9/13,74,38,1,11
2023-12-12-073,2023-12-12T11:53:33+00:00,"60. Návrh na odnětí svěřeného majetku města městské části Brno-střed, nemovitosti při ulici Kamenná 2, v k. ú. Štýřice",pass,Z9/13,73,42,0,8
2023-12-12-072,2023-12-12T11:53:03+00:00,"59. Návrh na odnětí svěřeného majetku města městské části Brno-sever, nemovitosti při ulici Mostecká 16, v k. ú. Husovice",pass,Z9/13,72,51,0,0
2023-12-12-071,2023-12-12T11:52:32+00:00,58. Adresný záměr bezúplatného převodu spoluvlastnických podílů na bytových jednotkách domu č. p. 1228 Vrbovecká 10 v Brně a záměr převodu podílu na pozemku p. č. 7231/2 v k. ú. Bystrc členům BYTOVÉHO DRUŽSTVA ZELENÁ LOUKA,pass,Z9/13,71,52,0,0
2023-12-12-070,2023-12-12T11:51:57+00:00,57. Žádost o prominutí dluhu za nájem bytu č. 19 v domě Mostecká 987/12 v Brně,pass,Z9/13,70,43,0,6
2023-12-12-069,2023-12-12T11:51:27+00:00,56. Návrh na uzavření dodatku č. 1 ke smlouvě č. 62 13 04 47 52 ze dne 27. 12. 2013 obsahující podmínky výstavby parkovacích stání v rámci bytové výstavby KAMECHY - var. A,pass,Z9/13,69,48,0,2
2023-12-12-068,2023-12-12T11:50:37+00:00,"55. Návrh dohody o změně smlouvy o výstavbě bytového domu č. p. 747 postaveného na pozemku parc. č. 1461/137 v k. ú. Žebětín, obec Brno",pass,Z9/13,68,52,0,0
2023-12-12-067,2023-12-12T11:50:06+00:00,"54. Návrh na udělení výjimky ze Statutu startovacího bytu, který je přílohou č. 2 Pravidel pronájmu bytů v domech v majetku statutárního města Brna, nájemcům startovacího bytu č. 15 v domě Mostecká 987/12, Brno",pass,Z9/13,67,44,0,8
2023-12-12-066,2023-12-12T11:49:34+00:00,"53. Návrh aktualizovaného znění Statutu Fondu bytové výstavby a návrh na zrušení části usnesení Z8/21. zasedání ZMB konaného dne 10.11.2020, bod č. 89",pass,Z9/13,66,45,0,7
2023-12-12-065,2023-12-12T11:48:59+00:00,"52. Projekt ""Rozšíření monitoringu a logování síťových prvků SMB"" – změna parametrů posouzení projektu",pass,Z9/13,65,50,0,0
2023-12-12-064,2023-12-12T11:48:18+00:00,"51. Projekt ""Revitalizace Žebětínského rybníka"" – posouzení projektu",pass,Z9/13,64,42,0,6
2023-12-12-063,2023-12-12T11:47:03+00:00,49. Finanční prostředky Fondu kofinancování projektů – prosinec 2023 – návrh rozpočtových opatření,pass,Z9/13,63,44,0,7
2023-12-12-062,2023-12-12T11:45:58+00:00,48. Projekty financované z Fondu kofinancování projektů – prosinec 2023 – návrh rozpočtového opatření,pass,Z9/13,62,42,0,7
2023-12-12-061,2023-12-12T11:45:25+00:00,47. Návrh aktualizace Metodiky implementace projektů (spolu)financovatelných z evropských fondů a národních programů; návrh aktualizace Statutu Fondu kofinancování projektů,pass,Z9/13,61,45,0,7
2023-12-12-060,2023-12-12T11:44:23+00:00,46. Žádosti o souhlas se změnou projektu/činnosti a návrh dodatku ke smlouvě o poskytnutí dotace v oblasti kultury,pass,Z9/13,60,51,0,1
2023-12-12-059,2023-12-12T11:43:54+00:00,45. Návrh smlouvy o převodu vlastnického práva mezi statutárním městem Brnem a společností IMOS development otevřený podílový fond,pass,Z9/13,59,48,0,3
2023-12-12-058,2023-12-12T11:43:23+00:00,"44. Žádost o bezúplatný převod hrobového zařízení, návrh darovací smlouvy",pass,Z9/13,58,49,0,1
2023-12-12-057,2023-12-12T11:42:54+00:00,"43. Návrh Dodatku č. 30 ke Smlouvě o závazku veřejné služby a kompenzaci z veřejné přepravy cestujících uzavřené mezi statutárním městem Brnem a Dopravním podnikem města Brna, a. s.",pass,Z9/13,57,45,0,6
2023-12-12-056,2023-12-12T11:30:12+00:00,42. Žádost spolku SH ČMS – Sbor dobrovolných hasičů Brno-Královo Pole o prominutí povinnosti odvodu za porušení rozpočtové kázně u smluv o poskytnutí účelové neinvestiční dotace z rozpočtu města Brna,pass,Z9/13,56,48,0,1
2023-12-12-055,2023-12-12T11:29:37+00:00,"41. Návrh na prodloužení termínu vyúčtování, změnu účelu a tvorba Fondu rezerv a rozvoje na základě očekávaného nedočerpání transferů poskytnutých městským částem v rámci postoupených příjmů od města Brna na rok 2023 – návrh rozpočtového opatření",pass,Z9/13,55,50,0,0
2023-12-12-054,2023-12-12T11:28:59+00:00,40. Návrh na poskytnutí neinvestičních příspěvků základním školám zapojeným do projektu Příběhy našich sousedů na zajištění vstupu do expozice Tichá hrdinství – návrh rozpočtového opatření,pass,Z9/13,54,43,4,3
2023-12-12-053,2023-12-12T11:28:23+00:00,"39. Převod nájemného za nemovitý majetek, snížení neinvestičního příspěvku Hvězdárny a planetária Brno, příspěvkové organizace, na odpisy a snížení nařízeného odvodu do rozpočtu města – návrh rozpočtového opatření",pass,Z9/13,53,50,0,0
2023-12-12-052,2023-12-12T11:27:50+00:00,"38. Návrh smlouvy o poskytnutí individuální neinvestiční dotace Czech NationalSemiconductor Cluster, z. s. na realizaci projektu „Polovodičové kompetence Brna“",pass,Z9/13,52,49,0,2
2023-12-12-051,2023-12-12T11:27:18+00:00,37. Návrh smlouvy o poskytnutí individuální neinvestiční dotace na projekt „Meziuniverzitní studentská soutěž MUNISS 2024“ Masarykově univerzitě,pass,Z9/13,51,52,0,0
2023-12-12-050,2023-12-12T11:26:45+00:00,36. Návrh na poskytnutí individuální neinvestiční dotace na projekt „Rozvoj AI oblasti v neziskové organizaci Czechitas z. ú.“ Czechitas z. ú.,pass,Z9/13,50,50,0,0
2023-12-12-049,2023-12-12T11:26:08+00:00,35. Návrh na snížení příspěvku zřizovatele příspěvkovým organizacím v působnosti Odboru sociální péče MMB na rok 2023 - návrh rozpočtového opatření,pass,Z9/13,49,43,6,2
2023-12-12-048,2023-12-12T11:25:36+00:00,"34. Návrh na poskytnutí individuální neinvestiční dotace ASOCIACI ŘECKÝCH OBCÍ V ČESKÉ REPUBLICE, z. s.– Řecká obec Brno, pobočný spolek na provoz spolku – návrh rozpočtového opatření",pass,Z9/13,48,46,0,6
2023-12-12-047,2023-12-12T11:25:05+00:00,33. Návrh na převod transferů poskytnutých městským částem z rozpočtu Odboru investičního MMB v rámci postoupených příjmů od města na rok 2023 – návrh rozpočtového opatření,pass,Z9/13,47,51,0,0
2023-12-12-046,2023-12-12T11:24:32+00:00,32. Návrh smlouvy o poskytnutí návratné finanční výpomoci mezi statutárním městem Brnem a Úrazovou nemocnicí v Brně,pass,Z9/13,46,51,0,0
2023-12-12-045,2023-12-12T11:24:00+00:00,"31. Nemocnice Milosrdných bratří, příspěvková organizace – návrh na změnu účelu využití části účelového neinvestičního příspěvku",pass,Z9/13,45,41,0,6
2023-12-12-044,2023-12-12T11:23:28+00:00,30. Návrh na poskytnutí neinvestičních dotací na podporu sportovních odvětví v roce 2023 – 2. kolo – návrh rozpočtového opatření,pass,Z9/13,44,51,0,0
2023-12-12-043,2023-12-12T11:22:50+00:00,28. Návrh na poskytnutí individuálních neinvestičních a investičních dotací pro oblast tělovýchovy a sportu na rok 2023 – IV. kolo – návrh rozpočtového opatření,pass,Z9/13,43,48,0,3
2023-12-12-042,2023-12-12T11:22:16+00:00,27. Návrh na poskytnutí účelových neinvestičních příspěvků pro příspěvkové organizace v působnosti Odboru kultury MMB v roce 2023 – návrh rozpočtového opatření - 2. část usnesení,pass,Z9/13,42,46,0,6
2023-12-12-041,2023-12-12T11:21:40+00:00,27. Návrh na poskytnutí účelových neinvestičních příspěvků pro příspěvkové organizace v působnosti Odboru kultury MMB v roce 2023 – návrh rozpočtového opatření - 3. organizace,pass,Z9/13,41,45,5,1
2023-12-12-040,2023-12-12T11:21:08+00:00,27. Návrh na poskytnutí účelových neinvestičních příspěvků pro příspěvkové organizace v působnosti Odboru kultury MMB v roce 2023 – návrh rozpočtového opatření - 2. organizace,pass,Z9/13,40,49,0,1
2023-12-12-039,2023-12-12T11:20:42+00:00,27. Návrh na poskytnutí účelových neinvestičních příspěvků pro příspěvkové organizace v působnosti Odboru kultury MMB v roce 2023 – návrh rozpočtového opatření - 1. organizace,pass,Z9/13,39,51,0,0
2023-12-12-038,2023-12-12T11:19:44+00:00,"26. Návrh na poskytnutí účelového neinvestičního příspěvku a prodloužení termínu čerpání účelových neinvestičních příspěvků Centru experimentálního divadla, příspěvkové organizaci na rok 2023 – návrh rozpočtového opatření",pass,Z9/13,38,43,6,0
2023-12-12-037,2023-12-12T11:19:08+00:00,25. Návrh na poskytnutí individuální investiční dotace z rozpočtu města Brna na realizaci pamětní desky věnované spisovateli Antonínu Zhořovi a výtvarnému teoretiku Igoru Zhořovi – návrh smlouvy – návrh rozpočtového opatření,pass,Z9/13,37,50,0,1
2023-12-12-036,2023-12-12T11:18:26+00:00,24. Návrh na poskytnutí individuální investiční dotace z rozpočtu města Brna na realizaci umístění Poesiomatu před budovu Káznice v Brně – návrh smlouvy – návrh rozpočtového opatření,pass,Z9/13,36,43,6,2
2023-12-12-035,2023-12-12T11:17:53+00:00,"23. Návrh na poskytnutí individuální účelové neinvestiční dotace Územnímu sdružení Českého zahrádkářského svazu Brno-město na podporu zahrádkářských akcí, vzdělávacích aktivit a zapojení dětí a mládeže – návrh smlouvy a rozpočtového opatření",pass,Z9/13,35,46,0,2
2023-12-12-034,2023-12-12T11:17:18+00:00,"22. Návrh na poskytnutí účelového neinvestičního příspěvku Správě hřbitovů města Brna, příspěvkové organizaci – návrh rozpočtového opatření",pass,Z9/13,34,41,0,6
2023-12-12-033,2023-12-12T11:15:28+00:00,21. Tvorba Fondu rezerv a rozvoje na základě očekávaného nedočerpání rozpočtu běžných a kapitálových výdajů Odboru životního prostředí MMB roku 2023 – návrh rozpočtového opatření,pass,Z9/13,33,39,0,7
2023-12-12-032,2023-12-12T11:14:49+00:00,20. Tvorba Fondu rezerv a rozvoje na základě očekávaného nedočerpání rozpočtu kapitálových výdajů Odboru sportu MMB roku 2023 – návrh rozpočtového opatření,pass,Z9/13,32,41,0,6
2023-12-12-031,2023-12-12T11:14:14+00:00,19. Návrh rozpočtového opatření – tvorba Fondu rezerv a rozvoje na základě očekávaného nedočerpání rozpočtu běžných a kapitálových výdajů Odboru školství a mládeže MMB roku 2023,pass,Z9/13,31,39,0,6
2023-12-12-030,2023-12-12T11:13:39+00:00,"18. Přesun běžných a kapitálových výdajů v rámci rozpočtu Odboru správy majetku MMB, návrh rozpočtového opatření",pass,Z9/13,30,45,0,2
2023-12-12-029,2023-12-12T11:13:08+00:00,17. Přesun běžných výdajů v rámci Odboru participace MMB – návrh rozpočtového opatření,pass,Z9/13,29,45,0,1
2023-12-12-028,2023-12-12T11:12:36+00:00,16. Návrh rozpočtového opatření – přesun mezi výdaji v rámci rozpočtu Odboru životního prostředí Magistrátu města Brna,pass,Z9/13,28,29,0,9
2023-12-12-027,2023-12-12T11:12:00+00:00,"15. „Rekonstrukce NN a SV pavilonu ""C"" WSŠ, ZŠ a MŠ Plovdivská 8“ – návrh rozpočtového opatření",pass,Z9/13,27,38,0,7
2023-12-12-026,2023-12-12T10:30:55+00:00,14. Návrh rozpočtu statutárního města Brna na rok 2024,pass,Z9/13,26,41,2,10
2023-12-12-025,2023-12-12T10:30:01+00:00,14. Návrh rozpočtu statutárního města Brna na rok 2024 - hl. o návrhu občanky,fail,Z9/13,25,9,2,19
2023-12-12-024,2023-12-12T10:28:43+00:00,14. Návrh rozpočtu statutárního města Brna na rok 2024 - hlasování o návrhu pí Flamikové,fail,Z9/13,24,11,1,18
2023-12-12-023,2023-12-12T10:07:03+00:00,"13. Kancelář architekta města Brna, příspěvková organizace – návrh na prodloužení termínu vyúčtování schváleného investičního příspěvku",pass,Z9/13,23,45,0,7
2023-12-12-022,2023-12-12T10:06:27+00:00,"12. Záměr sloučení příspěvkových organizací Mateřské školy Brno, Bellova 2, příspěvkové organizace, se Základní školou Brno, Pavlovská 16, příspěvkovou organizací",pass,Z9/13,22,51,0,0
2023-12-12-021,2023-12-12T10:05:55+00:00,"11. Souhlas s vytvořením společného školského obvodu Základní školy, Brno, Bosonožská 9, příspěvkové organizace, s obcí Popůvky – návrh smlouvy",pass,Z9/13,21,52,0,1
2023-12-12-020,2023-12-12T10:05:23+00:00,10. Návrh aktualizace Integrované strategie rozvoje Brněnské metropolitní oblasti 2021+,pass,Z9/13,20,44,0,3
2023-12-12-019,2023-12-12T10:03:53+00:00,9. Návrh obecně závazné vyhlášky statutárního města Brna o místních poplatcích,pass,Z9/13,19,50,0,2
2023-12-12-018,2023-12-12T10:03:15+00:00,"8. Návrh obecně závazné vyhlášky, kterou se mění obecně závazná vyhláška statutárního města Brna č. 15/2007, o ochraně zeleně v městě Brně",pass,Z9/13,18,52,0,0
2023-12-12-017,2023-12-12T10:02:27+00:00,"7. Návrh obecně závazné vyhlášky statutárního města Brna, kterou se mění obecně závazná vyhláška statutárního města Brna č. 20/2001, kterou se vydává Statut města Brna, ve znění pozdějších vyhlášek",pass,Z9/13,17,37,7,7
2023-12-12-016,2023-12-12T10:01:41+00:00,"7. Návrh obecně závazné vyhlášky statutárního města Brna, kterou se mění obecně závazná vyhláška statutárního města Brna č. 20/2001, kterou se vydává Statut města Brna, ve znění pozdějších vyhlášek - hlasování o návrhu pí Drápalové",fail,Z9/13,16,12,0,18
2023-12-12-015,2023-12-12T10:00:26+00:00,"7. Návrh obecně závazné vyhlášky statutárního města Brna, kterou se mění obecně závazná vyhláška statutárního města Brna č. 20/2001, kterou se vydává Statut města Brna, ve znění pozdějších vyhlášek - hlasování o návrhu p. Vondry",fail,Z9/13,15,11,2,18
2023-12-12-014,2023-12-12T08:52:31+00:00,"7. Návrh obecně závazné vyhlášky statutárního města Brna, kterou se mění obecně závazná vyhláška statutárního města Brna č. 20/2001, kterou se vydává Statut města Brna, ve znění pozdějších vyhlášek - hlasování o návrhu pí Drápalové",pass,Z9/13,14,38,0,5
2023-12-12-013,2023-12-12T08:49:14+00:00,"6. Návrh na pojmenování nových ulic a návrh na úpravu názvu parčíku, vše na území města Brna",pass,Z9/13,13,52,0,0
2023-12-12-012,2023-12-12T08:48:45+00:00,5. Návrh na udělení Ceny města Brna pro rok 2023 - bod č. 2,pass,Z9/13,12,47,0,6
2023-12-12-011,2023-12-12T08:48:10+00:00,5. Návrh na udělení Ceny města Brna pro rok 2023,pass,Z9/13,11,53,0,0
2023-12-12-010,2023-12-12T08:47:38+00:00,5. Návrh na udělení Ceny města Brna pro rok 2023 - oblast literární činnost,pass,Z9/13,10,45,5,0
2023-12-12-009,2023-12-12T08:27:54+00:00,4. Volba členky/člena Kontrolního výboru Zastupitelstva města Brna - volba členky/člena Kontrolního výboru Zastupitelstva města Brna - p. Benjamin Skála,pass,Z9/13,9,44,0,1
2023-12-12-007,2023-12-12T08:22:44+00:00,4. Volba členky/člena Kontrolního výboru Zastupitelstva města Brna - volba volební komise,pass,Z9/13,7,49,0,0
2023-12-12-006,2023-12-12T08:21:03+00:00,4. Volba členky/člena Kontrolního výboru Zastupitelstva města Brna - bere na vědomí,pass,Z9/13,6,48,0,0
2023-12-12-005,2023-12-12T08:19:03+00:00,"1. Technický bod (zapisovatelé, právní asistence, ověřovatelé zápisu, schválení programu zasedání ZMB) - program",pass,Z9/13,5,47,0,3
2023-12-12-004,2023-12-12T08:18:21+00:00,"1. Technický bod (zapisovatelé, právní asistence, ověřovatelé zápisu, schválení programu zasedání ZMB) - program - hlasování o stažení bodu č. 10",fail,Z9/13,4,8,8,24
2023-12-12-003,2023-12-12T08:16:30+00:00,"1. Technický bod (zapisovatelé, právní asistence, ověřovatelé zápisu, schválení programu zasedání ZMB) - program - hlasování o zařazení bodu č. 108, 109, 110",pass,Z9/13,3,49,0,1
2023-12-12-002,2023-12-12T08:16:06+00:00,"1. Technický bod (zapisovatelé, právní asistence, ověřovatelé zápisu, schválení programu zasedání ZMB) - program - hlasování o stažení bodu č. 29, 50, 67, 97, 106, 107",pass,Z9/13,2,48,0,1
2023-12-12-001,2023-12-12T08:11:40+00:00,"1. Technický bod (zapisovatelé, právní asistence, ověřovatelé zápisu, schválení programu zasedání ZMB) - ověřovatelé zápisu",pass,Z9/13,1,46,0,0
2023-11-14-077,2023-11-14T09:51:14+00:00,"98. Návrh Dodatku č. 1 ke Smlouvě o spolupráci při výstavbě veřejné infrastruktury „Residenční park Štefánikova, Brno – soubor staveb I (Etapa A+B)“",pass,Z9/12,77,43,1,5
2023-11-14-076,2023-11-14T09:50:36+00:00,97. Návrh Dodatku č. 1 ke Smlouvě o spolupráci při výstavbě veřejné infrastruktury „Bytový dům Havlenova“,pass,Z9/12,76,43,0,5
2023-11-14-075,2023-11-14T09:50:04+00:00,"96. Realizace výstavby Multifunkční sportovní a kulturní haly ve městě Brně – návrh dodatku č. 2 ke smlouvě o společnosti, dodatku č. 1 smlouvy o spolupráci a dodatku č. 1 smlouvy o společném zadávání veřejných zakázek",pass,Z9/12,75,40,1,9
2023-11-14-074,2023-11-14T09:49:25+00:00,"95. Návrh svěření majetku města městské části Brno-střed, pozemků v k. ú. Staré Brno - var. A",pass,Z9/12,74,50,0,0
2023-11-14-073,2023-11-14T09:48:41+00:00,"94. Návrh svěření majetku města městské části Brno-jih, pozemek p. č. 577/24 v k. ú. Komárov",pass,Z9/12,73,51,0,0
2023-11-14-072,2023-11-14T09:46:14+00:00,93. Návrh dispozice s částí pozemku p. č. 7529/48 v k. ú. Židenice,pass,Z9/12,72,50,0,0
2023-11-14-071,2023-11-14T09:45:43+00:00,Body č. 83-92,pass,Z9/12,71,49,0,0
2023-11-14-070,2023-11-14T09:44:57+00:00,82. Návrh na bezúplatné nabytí pozemků v k. ú. Žabovřesky z majetku ČR – Státní pozemkový úřad,pass,Z9/12,70,51,0,0
2023-11-14-069,2023-11-14T09:44:28+00:00,81. Návrh nabytí komunikačních staveb při ulici Gustava Broma – úsek B1 a část úseku B2 v k. ú. Sadová a nabytí pozemků v k. ú. Sadová,pass,Z9/12,69,51,0,0
2023-11-14-068,2023-11-14T09:43:52+00:00,Body č. 73-80,pass,Z9/12,68,50,0,0
2023-11-14-067,2023-11-14T09:43:03+00:00,"72. Návrh na změnu usnesení Z9/09. zasedání Zastupitelstva města Brna konaného dne 5. 9. 2023, bod č. 100 – návrh prodeje pozemků p. č. 1521/15 a p. č. 1521/24, vše v k. ú. Stránice",pass,Z9/12,67,50,0,0
2023-11-14-066,2023-11-14T09:42:27+00:00,Body č. 69-71,pass,Z9/12,66,51,0,0
2023-11-14-065,2023-11-14T09:41:52+00:00,"68. Návrh prodeje pozemků p. č. 501/5, 505/5 v k. ú. Nový Lískovec, návrh na zřízení služebnosti",pass,Z9/12,65,44,0,4
2023-11-14-064,2023-11-14T09:41:20+00:00,"66. Návrh prodeje pozemku p. č. 1676/11 v k. ú. Starý Lískovec 67. Návrh prodeje pozemků p. č. 351/3, 351/4 v k. ú. Slatina",pass,Z9/12,64,43,0,1
2023-11-14-063,2023-11-14T09:40:46+00:00,65. Návrh prodeje pozemku p. č. 834/46 v k. ú. Medlánky,pass,Z9/12,63,42,0,6
2023-11-14-062,2023-11-14T09:40:14+00:00,Body č. 62-64,pass,Z9/12,62,48,0,1
2023-11-14-061,2023-11-14T09:39:08+00:00,61. Návrh na uzavření dodatku č. 2 ke Smlouvě o uzavření budoucí kupní smlouvy č. 6319074508 s Masarykovou univerzitou,pass,Z9/12,61,50,0,0
2023-11-14-060,2023-11-14T09:38:37+00:00,60. Návrh dodatku č. 1 ke smlouvě o uzavření budoucí kupní smlouvy a budoucí smlouvy o zřízení služebnosti,pass,Z9/12,60,49,0,0
2023-11-14-059,2023-11-14T09:38:06+00:00,59. Návrh na uzavření Dodatku č. 1 ke smlouvě o smlouvě budoucí kupní č. 6322070465,pass,Z9/12,59,42,0,6
2023-11-14-058,2023-11-14T09:37:37+00:00,"58. Návrh zpeněžení části pozemku p. č. 5328 v k. ú. Komín formou veřejné elektronické dobrovolné dražby zajišťované prostřednictvím společnosti CD CENTRUM COMS, a. s.",pass,Z9/12,58,40,0,10
2023-11-14-057,2023-11-14T09:37:01+00:00,57. Návrh zpeněžení pozemku p. č. 1897/163 v k. ú. Maloměřice formou veřejné elektronické dobrovolné dražby,pass,Z9/12,57,40,0,10
2023-11-14-056,2023-11-14T09:36:31+00:00,"56. Záměr prodeje volné vymezené bytové jednotky č. 73/12 v domě Špitálka 18, 18a, Brno",pass,Z9/12,56,43,0,5
2023-11-14-055,2023-11-14T09:35:59+00:00,"55. Záměr prodeje volné vymezené bytové jednotky č. 51/19 v domě Gallašova 8, Brno",pass,Z9/12,55,43,0,5
2023-11-14-054,2023-11-14T09:35:27+00:00,54. Adresný záměr bezúplatného převodu spoluvlastnických podílů na bytových jednotkách domu č. p. 957 Bezručova 19 v Brně členům Bytového družstva Bezručova 19,pass,Z9/12,54,44,0,3
2023-11-14-053,2023-11-14T09:34:54+00:00,"53. Návrh vzorové dohody o narovnání s bezúpl. převodem spoluvl. podílů města na byt. jednotkách domu Adamcova 1229/4 členům Bytového družstva ADAMCOVA 4, družstvo, prodej pozemků p. č.7190/110, 7190/169, k. ú. Bystrc, návrh zřízení služebností",pass,Z9/12,53,50,0,0
2023-11-14-052,2023-11-14T09:34:18+00:00,"52. Projekt ""Akumulace dešťových vod v lokalitě Líšeň – Rokle"" – návrh smlouvy o poskytnutí podpory",pass,Z9/12,52,48,0,2
2023-11-14-051,2023-11-14T09:33:47+00:00,"51. Projekt ""Podpora uplatnitelnosti ohrožených skupin trhu práce na území města Brna metodou Individual Placement and Support""– rozhodnutí o poskytnutí dotace",pass,Z9/12,51,48,0,2
2023-11-14-050,2023-11-14T09:33:12+00:00,"50. Projekt ""Zvýšení kvality a dostupnosti domácí paliativní péče"" – posouzení projektu, návrh rozpočtového opatření",pass,Z9/12,50,51,0,0
2023-11-14-049,2023-11-14T09:32:39+00:00,"49. Projekt ""Sanace svahové nestability v areálu Zoo Brno"" – posouzení projektu, návrh rozpočtového opatření",pass,Z9/12,49,51,0,0
2023-11-14-048,2023-11-14T09:29:33+00:00,47. Finanční prostředky Fondu kofinancování projektů – listopad 2023 – návrh rozpočtového opatření,pass,Z9/12,48,49,0,0
2023-11-14-047,2023-11-14T09:29:01+00:00,48. Projekty financované z Fondu kofinancování projektů – listopad 2023 – návrh rozpočtového opatření,pass,Z9/12,47,44,0,5
2023-11-14-046,2023-11-14T09:28:29+00:00,"46. Návrh Dodatku ke smlouvě o poskytnutí dotace uzavíraný se Senioři České republiky, z. s., Městská organizace Brno",pass,Z9/12,46,48,0,0
2023-11-14-045,2023-11-14T09:27:52+00:00,"45. Návrh na uzavření dodatků ke smlouvám o poskytnutí individuálních investičních dotací na realizaci projektů na sportovištích v majetku STAREZ-SPORT, a. s.",pass,Z9/12,45,49,0,0
2023-11-14-044,2023-11-14T09:27:13+00:00,"44. Návrh dodatku č. 1 ke smlouvě o poskytnutí investiční dotace na rekonstrukci veřejného osvětlení na parkovišti Městského divadla uzavřené mezi statutárním městem Brnem a společností Technické sítě Brno, akciová společnost",pass,Z9/12,44,50,0,0
2023-11-14-043,2023-11-14T09:26:36+00:00,43. Návrh Smlouvy o poskytnutí investičního příspěvku „NOVÁ ZBROJOVKA – objekt E“,pass,Z9/12,43,44,0,6
2023-11-14-042,2023-11-14T09:26:07+00:00,42. Návrh smlouvy o poskytnutí individuální neinvestiční dotace Regionální hospodářské komoře Brno na realizaci projektu „Propojujeme živé vědy – Life Sciences 4.0“ – návrh rozpočtového opatření,pass,Z9/12,42,43,5,1
2023-11-14-041,2023-11-14T09:25:31+00:00,"41. Návrh prodloužení realizace projektu, návrh dodatku č. 1 ke smlouvě o poskytnutí dotace z rozpočtu města Brna na rok 2023 uzavřené s Martinem Reinerem",pass,Z9/12,41,45,4,1
2023-11-14-040,2023-11-14T09:25:00+00:00,40. Návrh na prodloužení termínu čerpání a vyúčtování účelových investičních a neinvestičních příspěvků poskytnutých příspěvkovým organizacím v působnosti Odboru kultury MMB z rozpočtu na rok 2022 a 2023,pass,Z9/12,40,47,2,0
2023-11-14-039,2023-11-14T09:23:19+00:00,39. Návrh na změnu termínu vyúčtování a účelu využití účelových investičních transferů poskytnutých městským částem,pass,Z9/12,39,48,0,0
2023-11-14-038,2023-11-14T09:22:45+00:00,38. Návrh na převod transferů poskytnutých městským částem z rozpočtu Odboru investičního MMB v rámci postoupených příjmů od města na r. 2023 – návrh rozpočtového opatření,pass,Z9/12,38,51,0,0
2023-11-14-037,2023-11-14T09:22:08+00:00,37. Návrh na změnu účelu části investičního příspěvku schváleného Úrazové nemocnici v Brně,pass,Z9/12,37,47,0,0
2023-11-14-036,2023-11-14T09:21:37+00:00,36. Návrh změn neinvestičních příspěvků u příspěvkových organizací v působnosti Odboru kultury MMB v roce 2023 – návrh rozpočtových opatření,pass,Z9/12,36,49,0,0
2023-11-14-035,2023-11-14T09:21:03+00:00,35. Návrh na změnu účelu využití specifické dotace na pořádání kulturní akce poskytnuté městské části Brno-Chrlice pro rok 2023,pass,Z9/12,35,47,0,0
2023-11-14-034,2023-11-14T09:20:31+00:00,34. Návrh na změnu účelu použití části účelové dotace poskytnuté městské části Brno-Ořešín z rozpočtu města Brna na výkon práv a povinností k veřejně přístupným účelovým komunikacím a dopravním plochám v majetku města Brna,pass,Z9/12,34,50,0,0
2023-11-14-033,2023-11-14T09:19:53+00:00,"33. Návrh na navýšení účelového neinvestičního příspěvku poskytnutého Veřejné zeleni města Brna, příspěvkové organizaci, na projekt ""Stromy II"" – návrh rozpočtového opatření",pass,Z9/12,33,46,0,4
2023-11-14-032,2023-11-14T09:18:16+00:00,32. Návrh na snížení příspěvku zřizovatele příspěvkovým organizacím v působnosti Odboru sociální péče MMB na rok 2023 – návrh rozpočtového opatření,pass,Z9/12,32,39,1,8
2023-11-14-031,2023-11-14T09:17:41+00:00,"31. Návrh na poskytnutí individuální neinvestiční dotace pro Centrum Brusinka, z. s., na provoz spolku – návrh rozpočtového opatření",pass,Z9/12,31,34,0,11
2023-11-14-030,2023-11-14T09:17:08+00:00,30. Návrh na poskytnutí neinvestičních příspěvků základním školám na zajištění vzdělávacího projektu Příběhy našich sousedů – návrh rozpočtového opatření,pass,Z9/12,30,44,5,0
2023-11-14-029,2023-11-14T09:16:36+00:00,"29. Návrh na poskytnutí účelového neinvestičního příspěvku Městskému divadlu Brno, příspěvkové organizaci v roce 2023 – návrh rozpočtového opatření",pass,Z9/12,29,45,0,4
2023-11-14-028,2023-11-14T09:14:47+00:00,"28. Návrh na poskytnutí neinvestiční dotace na zajištění provozu společnosti CD CENTRUM COMS, a. s.",pass,Z9/12,28,47,0,2
2023-11-14-027,2023-11-14T09:14:16+00:00,27. Návrh na poskytnutí individuálních neinvestičních dotací pro oblast tělovýchovy a sportu na rok 2023 – III. kolo – návrh rozpočtového opatření,pass,Z9/12,27,49,0,1
2023-11-14-026,2023-11-14T09:13:42+00:00,"26. Návrh na poskytnutí individuální investiční dotace spolku Tělovýchovná jednota START Brno, z. s., na projekt „Rekonstrukce fotbalových šaten TJ START Brno, z. s.“ spolufinancovaný z rozpočtu Národní sportovní agentury – návrh rozpočtového opatření",pass,Z9/12,26,50,0,0
2023-11-14-025,2023-11-14T09:13:01+00:00,"25. Návrh na poskytnutí účelového investičního příspěvku Divadlu Radost, příspěvkové organizaci, na projektovou dokumentaci Ozelenění vnitrobloku Divadla Radost – návrh rozpočtového opatření",pass,Z9/12,25,44,4,1
2023-11-14-024,2023-11-14T09:12:28+00:00,24. Návrh na poskytnutí investičních dotací v rámci dotačního programu Podpora využití srážkové vody,pass,Z9/12,24,49,0,0
2023-11-14-023,2023-11-14T09:11:55+00:00,23. Návrh na poskytnutí investičních dotací v rámci dotačního programu Podpora vytváření zelených střech,pass,Z9/12,23,45,0,5
2023-11-14-022,2023-11-14T09:11:15+00:00,22. Návrh rozpočtového opatření na zajištění provozu obecního systému odpadového hospodářství statutárního města Brna,pass,Z9/12,22,44,0,5
2023-11-14-021,2023-11-14T09:02:22+00:00,"21. Návrh na prodloužení termínu vyúčtování, změnu účelu a tvorba Fondu rezerv a rozvoje na základě očekávaného nedočerpání transferů poskytnutých městským částem v rámci postoupených příjmů od města Brna na rok 2023 – návrh rozpočtového opatření",pass,Z9/12,21,51,0,0
2023-11-14-020,2023-11-14T09:01:47+00:00,"20. Zapojení Fondu rezerv a rozvoje v souvislosti s poskytnutím investičního transferu městské části Brno-sever na akci ""Konektivní škola v polytechnickém světě práce ZŠ a MŠ Brno, Merhautova 37"" – návrh rozpočtového opatření",pass,Z9/12,20,45,3,2
2023-11-14-019,2023-11-14T08:58:22+00:00,"19. Tvorba Fondu rezerv a rozvoje, návrh na poskytnutí příspěvků Správě hřbitovů města Brna, příspěvkové organizaci – návrh rozpočtového opatření",pass,Z9/12,19,44,0,6
2023-11-14-018,2023-11-14T08:57:36+00:00,18. Tvorba Fondu rezerv a rozvoje na základě očekávaného nedočerpání rozpočtu kapitálových výdajů Odboru životního prostředí MMB roku 2023 – návrh rozpočtového opatření,pass,Z9/12,18,46,0,5
2023-11-14-017,2023-11-14T08:57:02+00:00,17. Návrh rozpočtového opatření – Aktualizace očekávaného čerpání rozpočtu kapitálových výdajů Odboru městské informatiky MMB v roce 2023,pass,Z9/12,17,42,0,7
2023-11-14-016,2023-11-14T08:56:22+00:00,16. Aktualizace rozpočtu běžných výdajů Odboru dopravy MMB a běžných a kapitálových výdajů Fondu mobility – listopad 2023 – návrh rozpočtového opatření,pass,Z9/12,16,44,5,1
2023-11-14-015,2023-11-14T08:55:50+00:00,15. Aktualizace očekávaného čerpání rozpočtu kapitálových a běžných výdajů Odboru vodního a lesního hospodářství a zemědělství MMB v roce 2023 – návrh rozpočtového opatření,pass,Z9/12,15,43,0,5
2023-11-14-014,2023-11-14T08:55:15+00:00,14. Aktualizace rozpočtu Odboru participace MMB – listopad 2023 – návrh rozpočtového opatření,pass,Z9/12,14,45,0,5
2023-11-14-013,2023-11-14T08:54:46+00:00,13. Aktualizace rozpočtu Odboru investičního MMB – listopad 2023 – návrh rozpočtového opatření,pass,Z9/12,13,48,0,1
2023-11-14-012,2023-11-14T08:54:12+00:00,"12. Tvorba Fondu rezerv a rozvoje z nedočerpaných výdajů rozpočtu Městské policie Brno na rok 2023, návrh rozpočtového opatření",pass,Z9/12,12,51,0,0
2023-11-14-011,2023-11-14T08:53:44+00:00,"11. Veletrhy Brno, a. s. - náhrada újmy vzniklé v důsledku plnění Koncernového pokynu č. 01/2021 – část III., návrh Smlouvy o náhradě újmy",pass,Z9/12,11,44,0,7
2023-11-14-010,2023-11-14T08:53:09+00:00,10. Žádost Policie České republiky o prominutí dluhu za umístění psů v útulku Městské policie Brno,pass,Z9/12,10,41,6,2
2023-11-14-009,2023-11-14T08:51:40+00:00,"9. Návrh příjmů, které město Brno postoupí v roce 2024 do rozpočtů městských částí",pass,Z9/12,9,46,0,1
2023-11-14-008,2023-11-14T08:21:49+00:00,8. Návrh rozpočtového opatření – aktualizace rozpočtu zdrojů města Brna na rok 2023,pass,Z9/12,8,45,0,5
2023-11-14-007,2023-11-14T08:21:19+00:00,7. Výsledky hospodaření statutárního města Brna za I.–III. čtvrtletí roku 2023,pass,Z9/12,7,43,0,7
2023-11-14-006,2023-11-14T08:20:49+00:00,"6. Návrh Protokolu č. 75 o vynětí majetku statutárního města Brna ze správy Veřejné zeleně města Brna, příspěvkové organizace",pass,Z9/12,6,50,0,0
2023-11-14-005,2023-11-14T08:20:18+00:00,5. Návrh obecně závazné vyhlášky o poplatku za obecní systém odpadového hospodářství,pass,Z9/12,5,48,0,0
2023-11-14-004,2023-11-14T08:19:45+00:00,4. Návrh harmonogramu zasedání Zastupitelstva města Brna v roce 2024,pass,Z9/12,4,49,0,0
2023-11-14-003,2023-11-14T08:19:16+00:00,"1. Technický bod (zapisovatelé, právní asistence, ověřovatelé zápisu, schválení programu zasedání ZMB) - program",pass,Z9/12,3,49,0,0
2023-11-14-002,2023-11-14T08:18:45+00:00,"1. Technický bod (zapisovatelé, právní asistence, ověřovatelé zápisu, schválení programu zasedání ZMB) - program - hlasování o stažení bodu č. 99",pass,Z9/12,2,49,0,0
2023-11-14-001,2023-11-14T08:15:55+00:00,"1. Technický bod (zapisovatelé, právní asistence, ověřovatelé zápisu, schválení programu zasedání ZMB) - ověřovatelé zápisu",pass,Z9/12,1,50,0,0
2023-10-18-010,2023-10-18T13:41:35+00:00,"3. Projekt OHB II – linka K1 – poskytnutí informací od obchodní společnosti SAKO Brno, a. s., návrh koncernových pokynů - sčitatelé",pass,Z9/11,10,37,0,0
2023-10-18-009,2023-10-18T13:12:50+00:00,"3. Projekt OHB II – linka K1 – poskytnutí informací od obchodní společnosti SAKO Brno, a. s., návrh koncernových pokynů - 1. část usnesení",pass,Z9/11,9,30,0,3
2023-10-18-008,2023-10-18T13:11:52+00:00,"3. Projekt OHB II – linka K1 – poskytnutí informací od obchodní společnosti SAKO Brno, a. s., návrh koncernových pokynů - hlasování o návrhu pí Flamikové",fail,Z9/11,8,6,0,9
2023-10-18-007,2023-10-18T13:10:04+00:00,"3. Projekt OHB II – linka K1 – poskytnutí informací od obchodní společnosti SAKO Brno, a. s., návrh koncernových pokynů - tajné hlasování o variantním návrhu usnesení",pass,Z9/11,7,28,14,6
2023-10-18-006,2023-10-18T13:09:20+00:00,"3. Projekt OHB II – linka K1 – poskytnutí informací od obchodní společnosti SAKO Brno, a. s., návrh koncernových pokynů - tajné hlasování o variantním návrhu usnesení",pass,Z9/11,6,30,12,7
2023-10-18-005,2023-10-18T13:04:08+00:00,"3. Projekt OHB II – linka K1 – poskytnutí informací od obchodní společnosti SAKO Brno, a. s., návrh koncernových pokynů - prodloužení času jednání",pass,Z9/11,5,45,3,1
2023-10-18-004,2023-10-18T12:20:30+00:00,"3. Projekt OHB II – linka K1 – poskytnutí informací od obchodní společnosti SAKO Brno, a. s., návrh koncernových pokynů - stažení bodu",fail,Z9/11,4,10,7,14
2023-10-18-003,2023-10-18T09:33:48+00:00,"2. Projekt OHB II – linka K1 – poskytnutí informací od obchodní společnosti Teplárny Brno, a. s.",pass,Z9/11,3,48,0,3
2023-10-18-002,2023-10-18T09:26:40+00:00,"1. Technický bod (zapisovatelé, právní asistence, ověřovatelé zápisu, schválení programu zasedání ZMB) - program",pass,Z9/11,2,48,0,2
2023-10-18-001,2023-10-18T09:24:11+00:00,"1. Technický bod (zapisovatelé, právní asistence, ověřovatelé zápisu, schválení programu zasedání ZMB) - ověřovatelé zápisu",pass,Z9/11,1,52,0,0
2023-10-10-108,2023-10-10T15:02:08+00:00,119. Záměr poskytnutí individuálních investičních dotací z rozpočtu města Brna žadatelům v programech Národní sportovní agentury,pass,Z9/10,108,47,0,1
2023-10-10-107,2023-10-10T15:01:31+00:00,117. Územní plán zóny Kraví hora – návrh na zrušení formou opatření obecné povahy,pass,Z9/10,107,45,0,2
2023-10-10-106,2023-10-10T15:00:58+00:00,"116. Návrh postupu pro přípravu území v souladu s územně plánovací dokumentací, a to vyklizením hromadných staveb garáží v lokalitě při ul. Rybkova",pass,Z9/10,106,39,0,7
2023-10-10-105,2023-10-10T15:00:23+00:00,115. Návrh Dodatku č. 1 ke Smlouvě o spolupráci „Nová Zbrojovka – Prodloužení ulice Markéty Kuncové“,pass,Z9/10,105,47,0,1
2023-10-10-104,2023-10-10T14:58:39+00:00,"114. Návrh Smlouvy o spolupráci (při zajištění realizace projektu „EUROPOINT BRNO“) mezi statutárním městem Brnem a Správou železnic, státní organizací",pass,Z9/10,104,44,0,3
2023-10-10-103,2023-10-10T14:58:08+00:00,113. Návrh dohody o spolupráci mezi statutárním městem Brnem a městem Modřice na využití kanalizační sítě a na propojení chodníkem,pass,Z9/10,103,43,0,3
2023-10-10-102,2023-10-10T14:57:36+00:00,"112. Návrh souhlasného prohlášení týkající se uznání vlastnictví stavby velínu umístěné na pozemku p. č. 2618/44 a na částech pozemku p. č. 2618/11, vše v k. ú. Husovice, pro Českou republiku – Ředitelství silnic a dálnic ČR",pass,Z9/10,102,44,0,1
2023-10-10-101,2023-10-10T14:56:58+00:00,"111. Návrh odnětí svěřeného majetku města městské části Brno-střed, id. 1/14 pozemků v k. ú. Kounické Předměstí",pass,Z9/10,101,45,0,3
2023-10-10-100,2023-10-10T14:56:29+00:00,"110. Návrh odnětí majetku města městské části Brno-jih, pozemku p. č. 1984/4 k. ú. Horní Heršpice",pass,Z9/10,100,46,0,2
2023-10-10-099,2023-10-10T14:55:59+00:00,"109. Návrh svěření majetku města městské části Brno-střed, pozemků p. č. 1663/1 a p. č. 1664/1, vše k. ú. Veveří, obec Brno",pass,Z9/10,99,47,0,1
2023-10-10-098,2023-10-10T14:55:29+00:00,"108. Návrh svěření majetku města městské části Brno-Jundrov, pozemku p. č. 2659/71 v k. ú. Jundrov, obec Brno",pass,Z9/10,98,40,0,5
2023-10-10-097,2023-10-10T14:54:59+00:00,"107. Návrh svěření majetku města městské části Brno-jih, pozemek p. č. 689/23 v k. ú. Horní Heršpice",pass,Z9/10,97,47,0,0
2023-10-10-096,2023-10-10T14:54:27+00:00,"106. Návrh svěření majetku města městské části Brno-Židenice, pozemků p. č. 259/2, p. č. 260, p. č. 263/2 k. ú. Židenice",pass,Z9/10,96,48,0,0
2023-10-10-095,2023-10-10T14:53:56+00:00,"105. Návrh svěření majetku města městské části Brno-Medlánky, pozemků p. č. 414/72, p. č. 414/8, p. č. 414/75, p. č. 991/64, p. č. 984/7, p. č. 996/1, p. č. 983/1, p. č. 983/7, p. č. 1012/6, p. č. 1012/7, p. č. 1818, p. č. 1839, p. č. 545 k. ú. Medlánky",pass,Z9/10,95,44,1,2
2023-10-10-094,2023-10-10T14:53:07+00:00,"104. Návrh směny části pozemku p. č. 965/169 k. ú. Ivanovice za pozemky p. č. 965/360, 965/361, 965/362, 965/276 vše v k. ú. Ivanovice",pass,Z9/10,94,42,0,4
2023-10-10-093,2023-10-10T14:52:34+00:00,103. Návrh směny pozemků a části pozemku v k. ú. Černovice s Českou republikou – Psychiatrickou nemocnicí Brno,pass,Z9/10,93,46,0,1
2023-10-10-092,2023-10-10T14:52:03+00:00,"102. Návrh směny pozemků v k. ú. Bohunice s TJ Tatran Bohunice, z. s.",pass,Z9/10,92,44,0,1
2023-10-10-091,2023-10-10T14:51:33+00:00,"101. Návrh směny pozemků a staveb v k. ú. Starý Lískovec s TJ Tatran Starý Lískovec, z. s.",pass,Z9/10,91,46,0,1
2023-10-10-090,2023-10-10T14:50:52+00:00,Body č. 95-100,pass,Z9/10,90,43,0,3
2023-10-10-088,2023-10-10T14:49:45+00:00,Body č. 92- 94,pass,Z9/10,88,43,0,2
2023-10-10-087,2023-10-10T14:49:11+00:00,91. Návrh nabytí spoluvlastnických podílů na pozemcích v k. ú. Nový Lískovec v souvislosti s projektem „Bytová výstavba v lokalitě Kamenný vrch II“ a návrh rozpočtového opatření,pass,Z9/10,87,46,0,1
2023-10-10-086,2023-10-10T14:48:35+00:00,Body č. 83-90,pass,Z9/10,86,43,0,3
2023-10-10-085,2023-10-10T14:47:36+00:00,"Body č. 71, 73, 75, 76, 79, 80, 82",pass,Z9/10,85,43,0,3
2023-10-10-084,2023-10-10T14:45:41+00:00,"69. Návrh zpeněžení pozemku p. č. 291/3, jehož součástí je stavba – jiná stavba Nádražní 678/6, v k. ú. Město Brno (bývalé kino Čas) formou veřejné elektronické dobrovolné dražby",pass,Z9/10,84,44,0,2
2023-10-10-083,2023-10-10T14:44:58+00:00,"68. Návrh zpeněžení pozemku p. č. 1124, jehož součástí je stavba – objekt k bydlení Pekařská 405/16, v k. ú. Staré Brno formou veřejné elektronické dobrovolné dražby",pass,Z9/10,83,40,0,6
2023-10-10-082,2023-10-10T14:44:24+00:00,67. Návrh na stanovení strategických lokalit a zbytného majetku určeného ke zcizení dle „Strategie a pravidel pro nakládání s nemovitým majetkem ve vlastnictví statutárního města Brna včetně postupu dalšího nabývání nemovitého majetku“ - odst. 3,pass,Z9/10,82,34,1,12
2023-10-10-081,2023-10-10T14:43:59+00:00,67. Návrh na stanovení strategických lokalit a zbytného majetku určeného ke zcizení dle „Strategie a pravidel pro nakládání s nemovitým majetkem ve vlastnictví statutárního města Brna včetně postupu dalšího nabývání nemovitého majetku“ - odst. 2 - 2. odr. vč. návrhu p. Grunda,pass,Z9/10,81,33,1,12
2023-10-10-080,2023-10-10T14:43:10+00:00,67. Návrh na stanovení strategických lokalit a zbytného majetku určeného ke zcizení dle „Strategie a pravidel pro nakládání s nemovitým majetkem ve vlastnictví statutárního města Brna včetně postupu dalšího nabývání nemovitého majetku“ - odst. 2 - 1. odr.,pass,Z9/10,80,38,0,9
2023-10-10-079,2023-10-10T14:42:42+00:00,67. Návrh na stanovení strategických lokalit a zbytného majetku určeného ke zcizení dle „Strategie a pravidel pro nakládání s nemovitým majetkem ve vlastnictví statutárního města Brna včetně postupu dalšího nabývání nemovitého majetku“ - 1. odr.,pass,Z9/10,79,37,0,9
2023-10-10-078,2023-10-10T14:38:52+00:00,66. Přehled bytů poskytnutých v celoměstském zájmu za 1. pololetí roku 2023,pass,Z9/10,78,36,6,2
2023-10-10-077,2023-10-10T14:38:20+00:00,65. Žádost městské části Brno-střed o předchozí souhlas s použitím části postoupených příjmů z prodeje nemovitostí k jinému účelu,pass,Z9/10,77,33,0,8
2023-10-10-076,2023-10-10T13:09:05+00:00,"7. Projekt OHB II – linka K1 (SAKO Brno, a. s.) - hlasování o návrhu p. Kmenta",pass,Z9/10,76,35,0,4
2023-10-10-075,2023-10-10T13:05:15+00:00,"7. Projekt OHB II – linka K1 (SAKO Brno, a. s.) - hlasování o návrhu p. Hrušky - 4. odr.",fail,Z9/10,75,22,0,12
2023-10-10-074,2023-10-10T13:03:40+00:00,"7. Projekt OHB II – linka K1 (SAKO Brno, a. s.) - prodloužení jednání",pass,Z9/10,74,49,0,0
2023-10-10-073,2023-10-10T13:03:03+00:00,"7. Projekt OHB II – linka K1 (SAKO Brno, a. s.) - hlasování o návrhu p. Hrušky - 3. odr.",pass,Z9/10,73,40,0,6
2023-10-10-072,2023-10-10T12:58:31+00:00,"7. Projekt OHB II – linka K1 (SAKO Brno, a. s.) - hlasování o návrhu p. Hrušky - 2. odr.",fail,Z9/10,72,20,3,12
2023-10-10-071,2023-10-10T12:56:25+00:00,"7. Projekt OHB II – linka K1 (SAKO Brno, a. s.) - hlasování o návrhu p. Hrušky - 1. odr.",pass,Z9/10,71,38,0,7
2023-10-10-070,2023-10-10T12:53:23+00:00,"7. Projekt OHB II – linka K1 (SAKO Brno, a. s.) - hlasování o návrhu pí Drápalové",pass,Z9/10,70,46,0,3
2023-10-10-069,2023-10-10T12:50:17+00:00,"7. Projekt OHB II – linka K1 (SAKO Brno, a. s.) - hlasování o návrhu pí Vaňkové",pass,Z9/10,69,44,0,3
2023-10-10-068,2023-10-10T12:48:52+00:00,"7. Projekt OHB II – linka K1 (SAKO Brno, a. s.) - hlasování o návrhu pí Vaňkové",pass,Z9/10,68,38,0,4
2023-10-10-067,2023-10-10T09:32:25+00:00,"7. Projekt OHB II – linka K1 (SAKO Brno, a. s.) - souhlas s vystoupením fyzických osob",pass,Z9/10,67,48,0,1
2023-10-10-066,2023-10-10T09:30:23+00:00,"64. Návrh na převod finančních prostředků do Fondu bytové výstavby, návrh rozpočtového opatření",pass,Z9/10,66,43,0,8
2023-10-10-065,2023-10-10T09:29:53+00:00,63. Návrh rozpočtového opatření – Aktualizace očekávaného plnění rozpočtu příjmů a čerpání rozpočtu kapitálových výdajů Fondu bytové výstavby v roce 2023,pass,Z9/10,65,44,0,7
2023-10-10-064,2023-10-10T09:29:19+00:00,"62. Projekt ""Pořízení cisternové automobilové stříkačky pro JSDH Brno-Židenice"" – návrh smlouvy o poskytnutí dotace",pass,Z9/10,64,48,0,1
2023-10-10-063,2023-10-10T09:28:45+00:00,"61. Projekt ""Aktualizace Akčního plánu pro udržitelnou energii a klima města Brna včetně emisní bilance CO2"" – návrh smlouvy o poskytnutí podpory",pass,Z9/10,63,44,0,7
2023-10-10-062,2023-10-10T09:25:22+00:00,"60. Projekt ""Regenerace veřejného parku Trnkova – akumulační nádrž pro potřeby zálivky"" – návrh smlouvy o poskytnutí podpory",pass,Z9/10,62,48,0,1
2023-10-10-061,2023-10-10T09:21:27+00:00,"59. Projekt ""Výstavba mateřské školy v lokalitě Nad Dědinou""- rozhodnutí o poskytnutí dotace",pass,Z9/10,61,50,0,1
2023-10-10-060,2023-10-10T09:20:55+00:00,"58. Projekt ""ZŠ Bosonožská – Inovace materiálních podmínek pro rozvoj přírodovědné, informační a technické gramotnosti žáků"" – rozhodnutí o poskytnutí dotace",pass,Z9/10,60,51,0,1
2023-10-10-059,2023-10-10T09:20:21+00:00,57. Projekt “Fotbalové centrum Brno“ – změna parametrů posouzení projektu,pass,Z9/10,59,50,0,1
2023-10-10-058,2023-10-10T09:19:46+00:00,"56. Projekt ""Kreativní učení pro děti a mládež v Knihovně Jiřího Mahena v Brně 2"" – posouzení projektu, návrh rozpočtového opatření",pass,Z9/10,58,44,6,1
2023-10-10-057,2023-10-10T09:16:56+00:00,"55. Projekty financované z Fondu kofinancování projektů – říjen 2023 – souhlas s realizací projektu, návrh rozpočtového opatření",pass,Z9/10,57,49,0,3
2023-10-10-056,2023-10-10T09:16:24+00:00,54. Finanční prostředky Fondu kofinancování projektů – říjen 2023 – návrh rozpočtových opatření,pass,Z9/10,56,49,0,3
2023-10-10-055,2023-10-10T09:15:47+00:00,"53. Žádost o bezúplatný převod hrobového zařízení, návrh darovací smlouvy",pass,Z9/10,55,50,0,1
2023-10-10-054,2023-10-10T09:15:15+00:00,"52. Návrh dodatku č. 1 smlouvy o poskytnutí dotace z rozpočtu města Brna mezi statutárním městem Brnem a společností SNIP & CO, reklamní společnost, spol. s r. o.",pass,Z9/10,54,32,6,8
2023-10-10-053,2023-10-10T09:14:08+00:00,"52. Návrh dodatku č. 1 smlouvy o poskytnutí dotace z rozpočtu města Brna mezi statutárním městem Brnem a společností SNIP & CO, reklamní společnost, spol. s r. o. - hlasování o návrhu p. Zemka",fail,Z9/10,53,16,3,19
2023-10-10-052,2023-10-10T09:08:10+00:00,"51. Návrh Dodatku č. 1 ke smlouvě č. 1523092274 o poskytnutí programové neinvestiční dotace z rozpočtu města Brna Nadaci Veronica na projekt ""Boryt Story (přírodní barvení invazivními rostlinami)"" v rámci dotačního programu Pro Kreativní Brno, 3. etapa",pass,Z9/10,52,43,5,1
2023-10-10-051,2023-10-10T09:07:21+00:00,"50. Návrh Dodatku č. 1 ke smlouvě č. 1523091654 o poskytnutí individuální neinvestiční dotace z rozpočtu města Brna Brno CreativeDays s. r. o. na realizaci projektu „Brno CreativeDays 2023""",pass,Z9/10,51,47,0,2
2023-10-10-050,2023-10-10T09:06:46+00:00,"49. Návrh Smlouvy o poskytnutí investičního příspěvku „Rekreační apartmánové domy, Brno-Bystrc“",pass,Z9/10,50,38,5,7
2023-10-10-049,2023-10-10T09:06:13+00:00,"48. Návrh smlouvy o poskytnutí individuální dotace z rozpočtu města Brna v letech 2024 – 2026 pro Moravskou zemskou knihovnu v Brně na projekt „Knihovna Milana Kundery – mezinárodní kulturní spolupráce, edukace, prezentace“",pass,Z9/10,49,49,0,0
2023-10-10-048,2023-10-10T09:05:33+00:00,"47. Návrh smlouvy o poskytnutí individuální dotace z rozpočtu města Brna v roce 2023 společnosti C.E.M.A. –CentralEuropean Music Agency, s. r. o., na projekt ""Brno město hudby / Brno Music Friendly City""",pass,Z9/10,48,42,1,6
2023-10-10-047,2023-10-10T09:04:53+00:00,"46. Návrh smlouvy o poskytnutí dotace Moravian Science Centre Brno, příspěvkové organizaci, na spolufinancování VIDA! science centra v období od 1. 1. 2024 do 31. 12. 2024",pass,Z9/10,47,47,0,3
2023-10-10-046,2023-10-10T09:04:17+00:00,"45. Kancelář architekta města Brna, příspěvková organizace – návrh na prodloužení termínu vyúčtování schválených účelových neinvestičních příspěvků a prodloužení termínu vyúčtování schválených investičních příspěvků",pass,Z9/10,46,40,1,7
2023-10-10-045,2023-10-10T09:03:42+00:00,"44. Kancelář architekta města Brna, příspěvková organizace – návrh na změnu účelů využití části účelových neinvestičních příspěvků na účelový neinvestiční příspěvek Příprava zadávacího řízení se soutěžním dialogem „Revitalizace území Ponava“",pass,Z9/10,45,36,7,6
2023-10-10-044,2023-10-10T08:53:49+00:00,"43. Kancelář architekta města Brna, příspěvková organizace – návrh na změnu účelu využití části účelového neinvestičního příspěvku",pass,Z9/10,44,47,0,3
2023-10-10-043,2023-10-10T08:53:18+00:00,"42. Návrh na změnu účelu využití části účelového neinvestičního příspěvku Centra experimentálního divadla, příspěvkové organizace",pass,Z9/10,43,40,6,1
2023-10-10-042,2023-10-10T08:52:46+00:00,"41. Návrh na snížení neinvestičních příspěvků Národnímu divadlu Brno, příspěvkové organizaci a Filharmonii Brno, příspěvkové organizaci, tvorba Fondu rezerv a rozvoje – návrh rozpočtového opatření",pass,Z9/10,42,43,1,7
2023-10-10-041,2023-10-10T08:52:11+00:00,"40. Návrh na poskytnutí účelové neinvestiční dotace Základní škole a Mateřské škole Pramínek, o.p.s. na zajištění projektu ""Síť brněnských otevřených škol""",pass,Z9/10,41,44,6,0
2023-10-10-040,2023-10-10T08:51:39+00:00,39. Návrh na poskytnutí neinvestičních příspěvků základním školám na zajištění základní plavecké výuky žáků základních škol – návrh rozpočtového opatření,pass,Z9/10,40,48,0,1
2023-10-10-039,2023-10-10T08:51:03+00:00,38. Návrh na poskytnutí individuální investiční dotace TJ STADION BRNO z.s. na realizaci projektu „Rolba na úpravu ledové plochy – krasobruslařská hala na ul. Křídlovická“ – návrh rozpočtového opatření,pass,Z9/10,39,46,0,3
2023-10-10-038,2023-10-10T08:50:28+00:00,37. Návrh na poskytnutí neinvestičních dotací na podporu sportovních odvětví v roce 2023 – návrh rozpočtového opatření,pass,Z9/10,38,47,0,2
2023-10-10-037,2023-10-10T08:49:47+00:00,"36. Návrh na poskytnutí individuální neinvestiční dotace Volejbalovému klubu Královo Pole, z. s., na uspořádání Turnaje CEV ChampionsLeagueVolleyball v roce 2023 – návrh rozpočtového opatření",pass,Z9/10,37,47,0,3
2023-10-10-036,2023-10-10T08:49:00+00:00,"35. Návrh na poskytnutí individuální neinvestiční dotace Římskokatolické duchovní správě u kostela Nanebevzetí Panny Marie, Brno na akci ""Restaurování dvou kusů lavic a oprava části podlahy v kostele Nanebevzetí Panny Marie"" - návrh rozpočtového opatření",pass,Z9/10,36,33,0,12
2023-10-10-035,2023-10-10T08:48:05+00:00,34. Návrh na poskytnutí individuálních neinvestičních dotací z rozpočtu města Brna pro oblast zdraví na rok 2023 – návrh rozpočtového opatření,pass,Z9/10,35,48,0,1
2023-10-10-034,2023-10-10T08:47:27+00:00,"33. Návrh na poskytnutí účelových neinvestičních příspěvků pro Centrum experimentálního divadla, příspěvkovou organizaci, v roce 2023 – návrh rozpočtového opatření",pass,Z9/10,34,33,7,8
2023-10-10-033,2023-10-10T08:46:44+00:00,32. Návrh na změny transferů městských částí poskytnutých Odborem investičním MMB – říjen 2023 – návrh rozpočtového opatření,pass,Z9/10,33,42,0,7
2023-10-10-032,2023-10-10T08:45:57+00:00,"31. Návrh na poskytnutí účelového neinvestičního příspěvku Správě hřbitovů města Brna, příspěvkové organizaci zapojením Fondu rezerv a rozvoje, návrh rozpočtového opatření",pass,Z9/10,32,42,0,7
2023-10-10-031,2023-10-10T08:45:23+00:00,30. Návrh na poskytnutí neinvestičních transferů městským částem za účelem úhrady provozních nákladů středisek volného času – návrh rozpočtového opatření,pass,Z9/10,31,49,0,1
2023-10-10-030,2023-10-10T08:44:49+00:00,"29. Návrh na poskytnutí účelového neinvestičního transferu městské části Brno-střed na zajištění úklidu komunikací a údržbu zeleně přednádražního prostoru, náměstí Svobody a přilehlých ulic zapojením Fondu rezerv a rozvoje – návrh rozpočtového opatření",pass,Z9/10,30,49,0,1
2023-10-10-029,2023-10-10T08:44:15+00:00,28. Návrh na poskytnutí investičních dotací v rámci dotačního programu Podpora vytváření zelených střech,pass,Z9/10,29,42,0,7
2023-10-10-028,2023-10-10T08:43:35+00:00,27. Návrh na poskytnutí investičních dotací v rámci dotačního programu Podpora využití srážkové vody,pass,Z9/10,28,47,0,1
2023-10-10-027,2023-10-10T08:43:07+00:00,"26. Zapojení Fondu rezerv a rozvoje v souvislosti s návrhem Dodatku č.1 ke Smlouvě o poskytnutí dotace POST BELLUM, z. ú.– návrh rozpočtového opatření",pass,Z9/10,27,40,2,8
2023-10-10-026,2023-10-10T08:42:35+00:00,"25. Zapojení Fondu rezerv a rozvoje v souvislosti s poskytnutím účelového neinvestičního příspěvku Muzeu města Brna, příspěvkové organizaci, na opravu oken a dveří v roce 2023 – návrh rozpočtového opatření",pass,Z9/10,26,45,1,3
2023-10-10-025,2023-10-10T08:41:58+00:00,"24. Zapojení Fondu rezerv a rozvoje v souvislosti s uplatněním inflační doložky u smluv uzavřených se společností Technické sítě Brno, akciová společnost – návrh rozpočtového opatření",pass,Z9/10,25,43,0,3
2023-10-10-024,2023-10-10T08:30:28+00:00,23. Návrh na zapojení vyšších příjmů Odboru sportu MMB do rozpočtu běžných výdajů roku 2023 – návrh rozpočtového opatření,pass,Z9/10,24,47,0,4
2023-10-10-023,2023-10-10T08:29:55+00:00,"22. Navýšení rozpočtu příjmů a přesun běžných a kapitálových výdajů v rámci rozpočtu Odboru správy majetku MMB, návrh rozpočtového opatření",pass,Z9/10,23,41,0,9
2023-10-10-022,2023-10-10T08:29:24+00:00,21. Návrh rozpočtového opatření – aktualizace rozpočtu kapitálových a běžných výdajů na projekty participativního rozpočtu v roce 2023,pass,Z9/10,22,44,0,7
2023-10-10-021,2023-10-10T08:28:55+00:00,20. Aktualizace očekávaného čerpání rozpočtu kapitálových výdajů Majetkového odboru MMB v roce 2023 – návrh rozpočtového opatření,pass,Z9/10,21,42,0,9
2023-10-10-020,2023-10-10T08:28:23+00:00,19. Aktualizace očekávaného čerpání rozpočtu kapitálových výdajů Odboru územního plánování a rozvoje Magistrátu města Brna v roce 2023 – návrh rozpočtového opatření,pass,Z9/10,20,40,0,9
2023-10-10-019,2023-10-10T08:27:46+00:00,18. Aktualizace očekávaného čerpání rozpočtu kapitálových výdajů Odboru strategického rozvoje a spolupráce MMB v roce 2023 – návrh rozpočtového opatření,pass,Z9/10,19,48,0,2
2023-10-10-018,2023-10-10T08:27:14+00:00,17. Aktualizace očekávaného čerpání rozpočtu kapitálových výdajů Odboru kultury MMB v roce 2023 – návrh rozpočtového opatření,pass,Z9/10,18,48,0,3
2023-10-10-017,2023-10-10T08:26:43+00:00,16. Aktualizace očekávaného čerpání rozpočtu kapitálových výdajů Odboru městské informatiky MMB v roce 2023 – návrh rozpočtového opatření,pass,Z9/10,17,41,0,9
2023-10-10-016,2023-10-10T08:26:11+00:00,15. Aktualizace očekávaného čerpání rozpočtu kapitálových výdajů Odboru životního prostředí MMB v roce 2023 – návrh rozpočtového opatření,pass,Z9/10,16,42,0,8
2023-10-10-015,2023-10-10T08:25:40+00:00,14. Aktualizace očekávaného čerpání rozpočtu kapitálových výdajů Odboru dopravy MMB a běžných a kapitálových výdajů Fondu mobility v roce 2023 – návrh rozpočtového opatření,pass,Z9/10,15,42,0,9
2023-10-10-014,2023-10-10T08:25:04+00:00,13. Aktualizace rozpočtu běžných a kapitálových výdajů rozpočtu Odboru dopravy MMB – říjen 2023 – návrh rozpočtového opatření,pass,Z9/10,14,39,0,10
2023-10-10-013,2023-10-10T08:24:30+00:00,12. Aktualizace očekávaného čerpání rozpočtu kapitálových a běžných výdajů Odboru vnitřních věcí MMB v roce 2023 – návrh rozpočtového opatření,pass,Z9/10,13,40,0,10
2023-10-10-012,2023-10-10T08:23:56+00:00,11. Aktualizace rozpočtu Odboru investičního MMB – říjen 2023 - návrh rozpočtového opatření,pass,Z9/10,12,42,0,8
2023-10-10-011,2023-10-10T08:23:21+00:00,10. Návrh rozpočtového opatření – aktualizace rozpočtu Odboru vnitřních věcí MMB,pass,Z9/10,11,42,0,9
2023-10-10-010,2023-10-10T08:22:51+00:00,9. Návrh střednědobého výhledu rozpočtu statutárního města Brna na období 2024-2028,pass,Z9/10,10,39,0,9
2023-10-10-009,2023-10-10T08:22:15+00:00,"8. Členský příspěvek města Brna ve spolku Brněnsko, z. s., pro rok 2023",pass,Z9/10,9,40,0,9
2023-10-10-008,2023-10-10T08:21:38+00:00,"6. Návrh obecně závazné vyhlášky statutárního města Brna, kterou se mění obecně závazná vyhláška statutárního města Brna č. 8/2009, o koordinaci výkopových prací na veřejných prostranstvích ve městě Brně, ve znění pozdější vyhlášky",pass,Z9/10,8,46,0,2
2023-10-10-007,2023-10-10T08:20:57+00:00,5. Projednání usnesení z 8. schůze Kontrolního výboru Zastupitelstva města Brna konané dne 11. září 2023 - určení účelu výnosů z charitativních akcí podporovaných v rámci dotačních programů,pass,Z9/10,7,47,0,2
2023-10-10-006,2023-10-10T08:20:08+00:00,"1. Technický bod (zapisovatelé, právní asistence, ověřovatelé zápisu, schválení programu zasedání ZMB)- program",pass,Z9/10,6,48,1,2
2023-10-10-005,2023-10-10T08:19:43+00:00,"1. Technický bod (zapisovatelé, právní asistence, ověřovatelé zápisu, schválení programu zasedání ZMB) - hlasování o stažení bodu č. 7",fail,Z9/10,5,12,8,24
2023-10-10-004,2023-10-10T08:19:00+00:00,"1. Technický bod (zapisovatelé, právní asistence, ověřovatelé zápisu, schválení programu zasedání ZMB) - hlasování o zařazení bodu č. 119",pass,Z9/10,4,50,0,1
2023-10-10-003,2023-10-10T08:18:30+00:00,"1. Technický bod (zapisovatelé, právní asistence, ověřovatelé zápisu, schválení programu zasedání ZMB) - hlasování o stažení bodu č. 70, 72, 74, 77, 78, 81, 118",pass,Z9/10,3,47,0,4
2023-10-10-002,2023-10-10T08:17:47+00:00,"1. Technický bod (zapisovatelé, právní asistence, ověřovatelé zápisu, schválení programu zasedání ZMB) - ověřovatelé zápisu - hlasování o stažení bodu č. 70, 72, 74, 77, 78, 81, 118",pass,Z9/10,2,42,1,8
2023-10-10-001,2023-10-10T08:11:10+00:00,"1. Technický bod (zapisovatelé, právní asistence, ověřovatelé zápisu, schválení programu zasedání ZMB) - ověřovatelé zápisu",pass,Z9/10,1,47,0,0
2023-09-05-130,2023-09-05T11:29:21+00:00,24. Návrh rozpočtového opatření – aktualizace rozpočtu Odboru participace MMB,pass,Z9/09,130,42,0,7
2023-09-05-129,2023-09-05T11:25:27+00:00,24. Návrh rozpočtového opatření – aktualizace rozpočtu Odboru participace MMB - opětovné zařazení,pass,Z9/09,129,50,0,2
2023-09-05-128,2023-09-05T11:24:37+00:00,"162. Návrh Prohlášení k rozdělení práva k nemovité věci na vlastnické právo k jednotkám k pozemku p. č. 40, jehož součástí je budova č. p. 643, stavba občanského vybavení, to vše v k. ú. Město Brno",pass,Z9/09,128,43,0,8
2023-09-05-127,2023-09-05T11:24:03+00:00,"162. Návrh Prohlášení k rozdělení práva k nemovité věci na vlastnické právo k jednotkám k pozemku p. č. 40, jehož součástí je budova č. p. 643, stavba občanského vybavení, to vše v k. ú. Město Brno - stažení bodu",fail,Z9/09,127,11,0,28
2023-09-05-126,2023-09-05T11:21:50+00:00,"161. Návrh Dodatku č. 1 ke Smlouvě o poskytnutí investičního příspěvku „Bytový dům ""G"" Jana Babáka 11“",pass,Z9/09,126,48,0,2
2023-09-05-125,2023-09-05T11:21:21+00:00,160. Návrh Dodatku č. 1 ke Smlouvě o výstavbě dopravní a technické infrastruktury a mateřské školy v rámci stavby „OBYTNÁ ZÓNA SLUNEČNÁ“,pass,Z9/09,125,48,0,1
2023-09-05-124,2023-09-05T11:20:51+00:00,159. Návrh Dodatku č. 1 ke Smlouvě o spolupráci při výstavbě veřejné infrastruktury „Obytný soubor Šedova – 1. etapa“,pass,Z9/09,124,43,0,4
2023-09-05-123,2023-09-05T10:30:15+00:00,158. Návrh Dodatku č. 1 ke Smlouvě o spolupráci při výstavbě veřejné infrastruktury „Ponava City IX“,pass,Z9/09,123,48,0,2
2023-09-05-122,2023-09-05T10:29:44+00:00,157. Návrh Smlouvy o spolupráci při výstavbě veřejné infrastruktury „SPORT FOR LIVING“,pass,Z9/09,122,48,0,2
2023-09-05-121,2023-09-05T10:29:11+00:00,156. Návrh Smlouvy o spolupráci při výstavbě veřejné infrastruktury „Rezidence Křižíkova“,pass,Z9/09,121,49,0,1
2023-09-05-120,2023-09-05T10:28:39+00:00,155. Návrh Smlouvy o spolupráci při výstavbě veřejné infrastruktury „Obytný soubor Šedova 2. etapa“,pass,Z9/09,120,47,0,2
2023-09-05-119,2023-09-05T10:28:09+00:00,"154. Návrh Dohody o ukončení Smlouvy o výstavbě veřejné dopravní a technické infrastruktury „Soubor staveb „U Sýpky“, ulice Kytnerova 1, Brno Medlánky“",pass,Z9/09,119,44,0,2
2023-09-05-118,2023-09-05T10:27:35+00:00,"153. Návrh souhlasu zástavního věřitele ke zřízení věcného břemene k částem pozemků p. č. 2803/7 a p. č. 2803/8, oba k. ú. Šlapanice u Brna, ve vlastnictví společnosti CTP Invest, spol. s r. o.",pass,Z9/09,118,48,0,2
2023-09-05-117,2023-09-05T10:27:03+00:00,"152. Návrh odnětí svěřeného majetku města Brna městské části Brno-střed, pozemku p. č. 1387/10 v k. ú. Štýřice",pass,Z9/09,117,45,0,2
2023-09-05-116,2023-09-05T10:26:32+00:00,"151. Návrh na zrušení Usnesení zasedání Zastupitelstva města Brna č. Z9/06 konaného dne 04.04.2023, bod č. 95 týkající se směny pozemku a části pozemku v k. ú. Soběšice se společností COMMERCIAL SERVICE K + K, s. r. o.",pass,Z9/09,116,45,0,2
2023-09-05-115,2023-09-05T10:25:49+00:00,"150. Návrh budoucí směny pozemků a částí pozemků v k. ú. Štýřice, Bohunice, Trnitá, se společností Shell Czech Republic a. s.",pass,Z9/09,115,41,0,8
2023-09-05-114,2023-09-05T10:25:19+00:00,"149. Záměr a návrh směny pozemků v k. ú. Bystrc, k. ú. Žebětín, k. ú. Medlánky pro stavbu ""Prodloužení tramvajové trati Bystrc – Kamechy""",pass,Z9/09,114,47,0,1
2023-09-05-113,2023-09-05T10:24:48+00:00,"148. Návrh směny pozemků p. č. 2628/28 a p. č. 2628/30, oba v k. ú. Komín a návrh na zřízení služebnosti k pozemku p. č. 2628/28 v k. ú. Komín",pass,Z9/09,113,46,0,1
2023-09-05-112,2023-09-05T10:24:17+00:00,Body č. 141-147,pass,Z9/09,112,49,0,1
2023-09-05-111,2023-09-05T10:21:14+00:00,Body č. 127-140,pass,Z9/09,111,49,0,1
2023-09-05-110,2023-09-05T10:20:30+00:00,"126. Návrh kupní ceny za nabytí pozemku p. č. 189 v k. ú. Horní Heršpice z vlastnictví České republiky-Správy železnic, státní organizace do vlastnictví statutárního města Brna",pass,Z9/09,110,50,0,1
2023-09-05-109,2023-09-05T10:19:58+00:00,"125. Návrh kupní smlouvy na výkup podílů na lesních pozemcích v k. ú. Žebětín – Singulární lesy Starý Lískovec, od společnosti VIAGEM a. s., do vlastnictví statutárního města Brna",pass,Z9/09,109,49,0,1
2023-09-05-108,2023-09-05T10:19:27+00:00,"124. Návrh na neuznání vlastnictví k pozemkům p. č. 1810/1, 1810/2, oba v k. ú. Štýřice, p. č. 1469/16, 1469/19, 1469/20, 1472/1, vše v k. ú. Horní Heršpice pro ALFA ESTATE a. s.",pass,Z9/09,108,47,0,1
2023-09-05-107,2023-09-05T10:18:54+00:00,Body č. 113 - 123,pass,Z9/09,107,49,0,1
2023-09-05-106,2023-09-05T10:18:15+00:00,112. Návrh nabytí staveb v k. ú. Trnitá a návrh dohody o narovnání – majetkoprávní vypořádání pro veřejnoprospěšné stavby (součást stavby „Přestavba železničního uzlu Brno“),pass,Z9/09,106,41,0,8
2023-09-05-105,2023-09-05T10:17:03+00:00,Body č. 106-111,pass,Z9/09,105,47,0,2
2023-09-05-104,2023-09-05T10:16:32+00:00,105. Návrh prodeje pozemků a spoluvlastnického podílu na pozemcích v k. ú. Slatina České republice – Agentuře ochrany přírody a krajiny České republiky,pass,Z9/09,104,43,0,7
2023-09-05-103,2023-09-05T10:15:52+00:00,104. Návrh prodeje pozemku p. č. 70/26 v k. ú. Bohunice,pass,Z9/09,103,48,0,2
2023-09-05-102,2023-09-05T10:15:21+00:00,"103. Návrh prodeje pozemku p. č. 1854/2 v k. ú. Bohunice, návrh na zřízení služebností",pass,Z9/09,102,40,0,8
2023-09-05-101,2023-09-05T10:14:49+00:00,"102. Návrh prodeje pozemku p. č. 1364 v k. ú. Lesná, návrh na zřízení služebnosti",pass,Z9/09,101,47,0,2
2023-09-05-100,2023-09-05T10:14:21+00:00,"101. Návrh prodeje pozemků p. č. 420, p. č. 421, p. č. 422/1, p. č. 422/2, p. č. 422/3, p. č. 424/1 a p. č. 424/2, vše v k. ú. Zábrdovice",pass,Z9/09,100,43,0,6
2023-09-05-099,2023-09-05T10:13:51+00:00,Body č. 94-100,pass,Z9/09,99,49,0,2
2023-09-05-098,2023-09-05T10:13:23+00:00,93. Návrh prodeje pozemku p. č.5497 v k. ú. Bystrc,pass,Z9/09,98,42,0,7
2023-09-05-097,2023-09-05T10:12:53+00:00,"92. Návrh prodeje pozemků p. č. 617/2, 618, 619/1, 619/2 v k. ú. Černá Pole",pass,Z9/09,97,48,0,2
2023-09-05-096,2023-09-05T10:11:27+00:00,"91. Návrh zpeněžení pozemku p. č. 1086, jehož součástí je stavba – objekt k bydlení Vranovská 309/12, v k. ú. Zábrdovice formou veřejné elektronické dobrovolné dražby",pass,Z9/09,96,49,0,2
2023-09-05-095,2023-09-05T10:10:48+00:00,90. Návrh dohody o narovnání se společností Horavia s. r. o.,pass,Z9/09,95,46,0,0
2023-09-05-094,2023-09-05T10:10:19+00:00,"89. Žádost o vzdání se práva na část nájemného představující zvýšení nájemného o část inflace za rok 2022 za užívání nebytových prostor v budově v budově Obilní trh 10, k. ú. Veveří",pass,Z9/09,94,45,0,6
2023-09-05-093,2023-09-05T10:09:48+00:00,"88. Žádost o vzdání se práva na část nájemného představující zvýšení nájemného o část inflace za rok 2022 za užívání nebytových prostor v budově Orlí 7, k. ú. Město Brno",pass,Z9/09,93,44,0,8
2023-09-05-092,2023-09-05T10:09:17+00:00,"87. Žádost o splátkový kalendář – Jabloňová 603/22, byt č. 332, Brno",pass,Z9/09,92,50,0,1
2023-09-05-091,2023-09-05T10:08:47+00:00,"86. Záměr prodeje volné vymezené bytové jednotky č. 59/11 v bytovém domě Grmelova 6, Brno, a podílu na souvisejících pozemcích p. č. 562 a 561/2, k. ú. Štýřice",pass,Z9/09,91,44,0,6
2023-09-05-090,2023-09-05T10:08:16+00:00,"85. Adresný záměr převodu podílů na bytových jednotkách v domě č. p. 1232 na ul. Opálkova členům Bytového družstva Opálkova, družstvo případně družstvu s nebo bez cenového vyrovnání a podmínky vypořádání podílů na pozemcích p. č. 6261/32, 33, k. ú. Bystrc",pass,Z9/09,90,50,0,2
2023-09-05-089,2023-09-05T10:07:34+00:00,"84. Žádost městské části Brno-střed o souhlas statutárního města Brna s pronájmem bytů uzavřením nájemních smluv o pronájmu bytů č. 1, 2, 3, 4, 5, 6, 7 a 8 v domě Křenová 57, Brno, u nichž nájemní vztah skončil 4. 7. 2023",pass,Z9/09,89,43,0,7
2023-09-05-088,2023-09-05T10:06:54+00:00,83. Návrh změny Pravidel pronájmu bytů v domech v majetku statutárního města Brna,pass,Z9/09,88,44,6,1
2023-09-05-087,2023-09-05T10:06:24+00:00,"82. Návrh na změnu protokolu o zápůjčce z Fondu bytové výstavby – změna výše splátek zápůjčky městské části Brno-Černovice, návrh rozpočtového opatření",pass,Z9/09,87,50,0,1
2023-09-05-086,2023-09-05T10:05:51+00:00,"81. Projekt ""SCHOOLHOODS–Schools as thefocal point ofanintegratedplanningapproachfor15-minuteneighbourhoods and a green urban mobility transition"" – návrh Joint Convention (Společné úmluvy)",pass,Z9/09,86,32,1,15
2023-09-05-085,2023-09-05T10:05:07+00:00,"80. Projekt ""Realizace liniových opatření pro cyklisty ve městě Brně"" – posouzení projektu, návrh rozpočtového opatření",pass,Z9/09,85,44,0,7
2023-09-05-084,2023-09-05T10:04:28+00:00,"79. Projekt ""#Vzdělávání #Inovace #Prosperita"" – posouzení projektu, návrh rozpočtového opatření",pass,Z9/09,84,43,0,6
2023-09-05-083,2023-09-05T10:03:58+00:00,"78. Projekt ""Rozvoj ITS v Brně, 2. etapa"" – posouzení projektu, návrh rozpočtového opatření",pass,Z9/09,83,43,0,7
2023-09-05-082,2023-09-05T10:02:33+00:00,"77. Projekt ""Kontaktní centrum Koliště"" – posouzení projektu",pass,Z9/09,82,44,6,0
2023-09-05-081,2023-09-05T10:00:52+00:00,"76. Projekt ""Rekonstrukce asfaltových cest na Ústředním hřbitově města Brna"" – posouzení projektu",pass,Z9/09,81,42,3,3
2023-09-05-080,2023-09-05T09:59:04+00:00,"75. Projekt ""Dny bez bariér"" – návrh dodatku č. 2 ke smlouvě o poskytnutí návratné finanční výpomoci",pass,Z9/09,80,49,0,0
2023-09-05-079,2023-09-05T09:58:35+00:00,"74. Projekt ""Paracentrum Fénix"" – návrh smlouvy o poskytnutí návratné finanční výpomoci; návrh rozpočtového opatření",pass,Z9/09,79,44,0,6
2023-09-05-078,2023-09-05T09:58:07+00:00,"73. Projekt ""Programové zabydlování domácností v bytové nouzi metodou Critical Time Intervention a implementace Městské nájemní agentury"" – návrh partnerské smlouvy",pass,Z9/09,78,41,6,0
2023-09-05-077,2023-09-05T09:54:18+00:00,"72. Projekt ""Brno pomáhá pečovat doma – Socio Info Point"" – návrh smlouvy o partnerství",pass,Z9/09,77,45,6,0
2023-09-05-076,2023-09-05T09:53:44+00:00,"71. Projekt ""Podpora kapacit sociální práce v sociálním bydlení"" – rozhodnutí o poskytnutí dotace, změna parametrů posouzení projektu",pass,Z9/09,76,45,6,0
2023-09-05-075,2023-09-05T09:53:12+00:00,"70. Projekt ""Integrace cizinců ve městě Brně IV."" – rozhodnutí o poskytnutí dotace, návrh smlouvy o partnerství",pass,Z9/09,75,45,6,0
2023-09-05-074,2023-09-05T09:52:43+00:00,"69. Projekt ""Adaptace na pracovní pozice v rámci prostupného zaměstnávání""–rozhodnutí o poskytnutí dotace",pass,Z9/09,74,51,0,0
2023-09-05-073,2023-09-05T09:52:13+00:00,"68. Projekt ""Řízení ITI BMO 5"" – rozhodnutí o poskytnutí dotace",pass,Z9/09,73,50,0,1
2023-09-05-072,2023-09-05T09:51:43+00:00,"67. Projekt ""Přístavba a modernizace MŠ Michalova"" – rozhodnutí o poskytnutí dotace",pass,Z9/09,72,49,0,1
2023-09-05-071,2023-09-05T09:51:13+00:00,66. Projekty financované z Fondu kofinancování projektů – září 2023 – návrh rozpočtového opatření,pass,Z9/09,71,43,6,1
2023-09-05-070,2023-09-05T09:50:22+00:00,65. Finanční prostředky Fondu kofinancování projektů – září 2023 – návrh rozpočtových opatření,pass,Z9/09,70,45,0,7
2023-09-05-069,2023-09-05T09:49:52+00:00,"64. Návrh financování projektu ""Rozvoj kulturního centra CO.LABS"" z rozpočtu města Brna v letech 2023–2025",pass,Z9/09,69,43,1,6
2023-09-05-068,2023-09-05T09:49:12+00:00,"63. Žádost o souhlas se změnou obsahu projektu ""CELOSTÁTNÍ FINÁLE SOUTĚŽE BRÁNA 2023"" – Česká tábornická unie – Velká rada oblasti Jižní Morava, p. s.",pass,Z9/09,68,46,0,1
2023-09-05-067,2023-09-05T09:48:36+00:00,"62. Návrh Dodatku č. 4 ke Smlouvě o závazku veřejné služby a vyrovnávací platbě za jeho výkon uzavřené se STAREZ – SPORT, a. s.",pass,Z9/09,67,49,0,1
2023-09-05-066,2023-09-05T09:48:06+00:00,"61. Návrh dodatku č. 1 ke smlouvám č. 7223090625, č. 7223090651 a č. 7223090666 o poskytnutí neinvestiční dotace v rámci dotačního programu I – sociální služby pro rok 2023",pass,Z9/09,66,49,0,1
2023-09-05-065,2023-09-05T09:47:33+00:00,"60. Návrh na uzavření dodatku č. 1 ke smlouvě č. 5122094572 o poskytnutí individuální investiční dotace z rozpočtu města Brna spolku TJ LODNÍ SPORTY BRNO na projekt „Rekonstrukce provozní budovy a skladu lodí, Brno – Jundrov, Veslařská 177“",pass,Z9/09,65,50,0,1
2023-09-05-064,2023-09-05T09:46:45+00:00,"59. Návrh smlouvy o poskytnutí individuální neinvestiční dotace Asociaci nestátních neziskových organizací Jihomoravského kraje, z. s., na projekt „Partnerství Asociace NNO JMK a statutárního města Brna 2023“ – návrh rozpočtového opatření",pass,Z9/09,64,42,6,4
2023-09-05-063,2023-09-05T09:45:39+00:00,"58. Zapojení Fondu rezerv a rozvoje a návrh smlouvy v souvislosti s poskytnutím individuální neinvestiční dotace PLAYzone s. r. o. na realizaci projektu ""Mistrovství ČR v počítačových a mobilních hrách"" v roce 2023 – návrh rozpočtového opatření",pass,Z9/09,63,41,6,2
2023-09-05-062,2023-09-05T09:44:23+00:00,"57. Návrh smlouvy o poskytnutí dotace z rozpočtu města Brna v oblasti kultury v letech 2023-2025 Společně, o. p. s – návrh rozpočtového opatření",pass,Z9/09,62,43,1,4
2023-09-05-061,2023-09-05T09:42:02+00:00,"56. Návrh smlouvy o poskytnutí individuální dotace z rozpočtu města Brna v oblasti kultury na rok 2023 - PLUM PRODUCTION, s. r. o. – návrh rozpočtového opatření",pass,Z9/09,61,48,0,2
2023-09-05-060,2023-09-05T09:41:23+00:00,"55. Návrh na poskytnutí účelového neinvestičního příspěvku pro Filharmonii Brno, příspěvkovou organizaci, v roce 2023 – návrh rozpočtového opatření",pass,Z9/09,60,50,0,1
2023-09-05-059,2023-09-05T09:40:47+00:00,54. Návrh na poskytnutí dotací dle Dotačního programu pro poskytnutí investičních dotací v oblasti kultury na pořízení techniky nebo hudebních nástrojů v roce 2023 – návrh na změnu přílohy č.46a zápisu ZMB č.Z9/08 - návrh rozpočtového opatření,pass,Z9/09,59,50,0,1
2023-09-05-058,2023-09-05T09:40:08+00:00,53. Návrh na poskytnutí peněžitého daru Nadačnímu fondu Josefů K. – návrh rozpočtového opatření,pass,Z9/09,58,45,0,7
2023-09-05-057,2023-09-05T09:39:38+00:00,"52. Návrh na poskytnutí finančního daru spolku BRNĚNSKÉ CENTRUM SPORTOVNÍCH NADĚJÍ, z. s., na podporu brněnských talentovaných sportovců – návrh rozpočtového opatření",pass,Z9/09,57,47,0,5
2023-09-05-055,2023-09-05T09:36:37+00:00,51. Návrh na zrušení poskytnutí dotace a návrh na poskytnutí individuálních neinvestičních dotací pro oblast tělovýchovy a sportu na rok 2023 – II. kolo – návrh rozpočtového opatření,pass,Z9/09,55,51,0,1
2023-09-05-054,2023-09-05T09:36:00+00:00,"50. Návrh na poskytnutí individuální neinvestiční dotace organizaci EkoInkubátor, z. ú., na projekt ""Symbios– sdílené bydlení Brno"" – návrh rozpočtového opatření",pass,Z9/09,54,44,1,6
2023-09-05-053,2023-09-05T09:35:27+00:00,49. Návrh na poskytnutí neinvestičních dotací v rámci dotačního programu pro poskytování dotací v oblasti podpory kreativních odvětví na rok 2023 a 2024 v 4. etapě - “Pro Kreativní Brno” - návrh rozpočtového opatření,pass,Z9/09,53,45,0,7
2023-09-05-052,2023-09-05T09:34:50+00:00,48. Návrh na poskytnutí individuální neinvestiční dotace na projekt 7th EuropeanAgroforestyConference Brno 2024,pass,Z9/09,52,48,0,1
2023-09-05-051,2023-09-05T09:34:16+00:00,47. Návrh na poskytnutí neinvestičních dotací na podporu významných sportovních akcí konaných ve městě Brně v roce 2023 – II. kolo – návrh rozpočtového opatření,pass,Z9/09,51,50,0,1
2023-09-05-050,2023-09-05T09:33:44+00:00,46. Návrh na poskytnutí individuální neinvestiční dotace Nadačnímu fondu regionální fotbalové Akademie Jihomoravského kraje na zabezpečení činnosti fotbalové akademie ve školním roce 2023/2024,pass,Z9/09,50,46,0,6
2023-09-05-049,2023-09-05T09:33:08+00:00,45. Návrh na poskytnutí investičních dotací v rámci dotačního programu Podpora využití srážkové vody,pass,Z9/09,49,52,0,0
2023-09-05-048,2023-09-05T09:32:39+00:00,44. Návrh na poskytnutí investičních dotací v rámci dotačního programu Podpora vytváření zelených střech,pass,Z9/09,48,44,0,7
2023-09-05-047,2023-09-05T09:32:10+00:00,"43. Žádost o poskytnutí individuální investiční dotace z rozpočtu města Brna společnosti Dům AUGUSTIN s. r. o. na stavbu ""Stavební úpravy opěrné zdi ul. Jaselská""",pass,Z9/09,47,49,0,2
2023-09-05-046,2023-09-05T09:31:38+00:00,"42. „Rekonstrukce NN a SV pavilonu ""C"" WSŠ, ZŠ a MŠ Plovdivská 8“ – návrh rozpočtového opatření",pass,Z9/09,46,44,6,1
2023-09-05-045,2023-09-05T09:31:06+00:00,"41. Návrh rozpočtového opatření na pokrytí zvýšených nákladů na energie, návrh poskytnutí neinvestičního příspěvku Městskému divadlu Brno, příspěvkové organizaci, na vykrytí ztráty hospodaření roku 2022",pass,Z9/09,45,45,0,7
2023-09-05-044,2023-09-05T09:30:29+00:00,"40. Návrh na poskytnutí neinvestičních příspěvků příspěvkovým organizacím na realizaci projektu ""Participace ve školách"" – návrh rozpočtového opatření",pass,Z9/09,44,44,6,1
2023-09-05-043,2023-09-05T09:29:52+00:00,"39. Kancelář architekta města Brna, příspěvková organizace – návrh na změnu účelu využití části účelového neinvestičního příspěvku",pass,Z9/09,43,45,0,6
2023-09-05-042,2023-09-05T09:28:40+00:00,38. Návrh na změnu účelu použití části investičního transferu městské části Brno-střed – návrh rozpočtového opatření,pass,Z9/09,42,42,0,8
2023-09-05-041,2023-09-05T09:28:09+00:00,37. Návrh na změnu účelu použití investičních transferů poskytnutých městské části Brno-Královo Pole – návrh rozpočtového opatření,pass,Z9/09,41,48,0,3
2023-09-05-040,2023-09-05T09:27:39+00:00,36. Návrh na přesun příspěvku zřizovatele příspěvkovým organizacím v působnosti Odboru sociální péče MMB na rok 2023 – návrh rozpočtového opatření,pass,Z9/09,40,46,4,2
2023-09-05-039,2023-09-05T09:24:49+00:00,35. Aktualizace rozpočtu běžných a kapitálových výdajů Odboru dopravy MMB a běžných výdajů Kanceláře marketingu a cestovního ruchu MMB – září 2023 - návrh rozpočtového opatření,pass,Z9/09,39,50,0,2
2023-09-05-038,2023-09-05T09:24:15+00:00,34. Aktualizace očekávaného čerpání rozpočtu kapitálových výdajů Odboru kultury MMB v roce 2023 – návrh rozpočtového opatření,pass,Z9/09,38,44,0,8
2023-09-05-037,2023-09-05T09:23:43+00:00,33. Aktualizace rozpočtu kapitálových a běžných výdajů Odboru sportu MMB v roce 2023 – návrh rozpočtového opatření,pass,Z9/09,37,50,0,1
2023-09-05-036,2023-09-05T09:22:30+00:00,"32. Přesun běžných a kapitálových výdajů v rámci rozpočtu Odboru správy majetku MMB, návrh rozpočtového opatření",pass,Z9/09,36,44,0,7
2023-09-05-035,2023-09-05T09:22:02+00:00,"31. Tvorba a zapojení Fondu rezerv a rozvoje, poskytnutí neinvestičního příspěvku Veřejné zeleni města Brna, příspěvkové organizaci, poskytnutí neinvestičního transferu MČ Brno-Bosonohy, aktualizace rozpočtu Odboru životního prostředí MMB – návrh rozpočtového opatření",pass,Z9/09,35,43,0,7
2023-09-05-034,2023-09-05T09:21:24+00:00,"30. Zapojení Fondu rezerv a rozvoje v souvislosti s navýšením rozpočtu běžných výdajů Odboru správy majetku MMB v roce 2023 na energie a služby, návrh rozpočtového opatření",pass,Z9/09,34,49,0,1
2023-09-05-033,2023-09-05T09:20:47+00:00,28. Zapojení rezervy rozpočtu v souvislosti s úhradou regresní platby – návrh rozpočtového opatření,pass,Z9/09,33,49,0,2
2023-09-05-032,2023-09-05T09:20:17+00:00,27. Zapojení vyšších příjmů Odboru strategického rozvoje a spolupráce MMB do rozpočtu běžných výdajů roku 2023 – návrh rozpočtového opatření,pass,Z9/09,32,43,0,7
2023-09-05-031,2023-09-05T09:19:45+00:00,26. Zapojení vyšších příjmů Odboru strategického rozvoje a spolupráce MMB na úhradu faktur za energie a služby Vysokému učení technickému v Brně – návrh rozpočtového opatření,pass,Z9/09,31,49,0,1
2023-09-05-030,2023-09-05T09:19:11+00:00,25. Návrh na přesun finančních prostředků mezi Odborem sociální péče MMB a Kanceláří marketingu a cestovního ruchu MMB – návrh rozpočtového opatření,pass,Z9/09,30,50,0,1
2023-09-05-029,2023-09-05T09:18:38+00:00,24. Návrh rozpočtového opatření – aktualizace rozpočtu Odboru participace MMB,pass,Z9/09,29,44,0,7
2023-09-05-028,2023-09-05T09:18:08+00:00,23. Aktualizace rozpočtu Odboru investičního MMB – září 2023 – návrh rozpočtového opatření,pass,Z9/09,28,43,0,7
2023-09-05-027,2023-09-05T09:17:38+00:00,22. Návrh na použití zdrojů Fondu mobility – návrh rozpočtového opatření,pass,Z9/09,27,44,0,7
2023-09-05-026,2023-09-05T09:16:52+00:00,"20. Žádost Paspoint, z. ú., Kunštát PRO FUTURO o. p. s a EkoInkubátor, z. ú., o prominutí povinnosti odvodu za porušení rozpočtové kázně u smlouvy o poskytnutí neinvestiční dotace z rozpočtu města Brna pro rok 2022 - 3. org.",pass,Z9/09,26,51,0,0
2023-09-05-025,2023-09-05T09:16:23+00:00,"20. Žádost Paspoint, z. ú., Kunštát PRO FUTURO o. p. s a EkoInkubátor, z. ú., o prominutí povinnosti odvodu za porušení rozpočtové kázně u smlouvy o poskytnutí neinvestiční dotace z rozpočtu města Brna pro rok 2022 - 2. org.",pass,Z9/09,25,45,6,0
2023-09-05-024,2023-09-05T09:15:52+00:00,"20. Žádost Paspoint, z. ú., Kunštát PRO FUTURO o. p. s a EkoInkubátor, z. ú., o prominutí povinnosti odvodu za porušení rozpočtové kázně u smlouvy o poskytnutí neinvestiční dotace z rozpočtu města Brna pro rok 2022 - 1. org.",pass,Z9/09,24,50,0,0
2023-09-05-023,2023-09-05T09:14:49+00:00,19. Žádost o prominutí dluhu za umístění psů v útulku Městské policie Brno,pass,Z9/09,23,51,0,0
2023-09-05-022,2023-09-05T09:14:21+00:00,18. Milostivé léto pro místní poplatek za komunální odpad,pass,Z9/09,22,44,0,6
2023-09-05-021,2023-09-05T09:13:50+00:00,17. Návrh aktualizovaného znění Zásad participativního rozpočtu statutárního města Brna a aktualizovaného znění Metodiky participativního rozpočtu statutárního města Brna,pass,Z9/09,21,41,0,8
2023-09-05-020,2023-09-05T09:13:17+00:00,"16. Návrh bilance zdrojů statutárního města Brna na rok 2024, stanovení základních proporcí návrhu rozpočtu statutárního města Brna na rok 2024",pass,Z9/09,20,44,0,7
2023-09-05-019,2023-09-05T09:12:46+00:00,"15. Návrh rozpočtového opatření ve věci daně z příjmů právnických osob za obce z rozpočtové činnosti, jejímž poplatníkem je město Brno",pass,Z9/09,19,44,0,6
2023-09-05-018,2023-09-05T09:12:17+00:00,14. Výsledky hospodaření statutárního města Brna za I. pololetí roku 2023,pass,Z9/09,18,43,0,7
2023-09-05-017,2023-09-05T09:11:40+00:00,"13. Rozdeˇleni´ odsˇteˇpeni´ sloucˇeni´m spolecˇnosti´ Veletrhy Brno, a. s., a Brneˇnske´ komunikace, a. s., vzda´ni´ se pra´v dle za´kona cˇ. 125/2008 Sb., o prˇemeˇna´ch obchodni´ch spolecˇnosti´ a druzˇstev",pass,Z9/09,17,44,1,4
2023-09-05-016,2023-09-05T09:11:05+00:00,12. Pravidla pro zveřejňování otevřených dat městských společností – návrh předchozího souhlasu s udělením koncernového pokynu,pass,Z9/09,16,49,0,2
2023-09-05-015,2023-09-05T09:10:33+00:00,11. Návrh aktualizace Metodiky na podporu vrcholového sportu ve městě Brně,pass,Z9/09,15,36,1,12
2023-09-05-014,2023-09-05T09:08:18+00:00,10. Návrh Informační strategie města Brna na období 2023–2027,pass,Z9/09,14,45,0,6
2023-09-05-013,2023-09-05T09:06:43+00:00,9. Akční plán Strategie politiky statutárního města Brna v oblasti drog a závislostí na období 2024–2025,pass,Z9/09,13,42,0,6
2023-09-05-012,2023-09-05T09:03:14+00:00,8. Návrh na zrušení Statutu Klubu zastupitelů města Brna a svěření pravomoci Radě města Brna,pass,Z9/09,12,50,0,0
2023-09-05-011,2023-09-05T09:02:43+00:00,"7. Návrh obecně závazné vyhlášky statutárního města Brna, kterou se mění a doplňuje obecně závazná vyhláška statutárního města Brna č. 17/2011, Požární řád města Brna, ve znění pozdějších vyhlášek",pass,Z9/09,11,48,0,0
2023-09-05-010,2023-09-05T09:02:07+00:00,6. Přehled účastí na schůzích výborů ZMB,pass,Z9/09,10,51,0,0
2023-09-05-009,2023-09-05T08:24:23+00:00,163. Změna ve složení Výboru pro národnostní menšiny Zastupitelstva města Brna - volba členů výboru - Miroslav Zima,pass,Z9/09,9,49,0,1
2023-09-05-008,2023-09-05T08:24:05+00:00,163. Změna ve složení Výboru pro národnostní menšiny Zastupitelstva města Brna - volba členů výboru - Žaneta Plachetková,pass,Z9/09,8,48,0,0
2023-09-05-007,2023-09-05T08:23:44+00:00,163. Změna ve složení Výboru pro národnostní menšiny Zastupitelstva města Brna - volba členů výboru - Nick Budai,fail,Z9/09,7,0,2,37
2023-09-05-006,2023-09-05T08:18:01+00:00,163. Změna ve složení Výboru pro národnostní menšiny Zastupitelstva města Brna - volba volební komise,pass,Z9/09,6,50,0,0
2023-09-05-005,2023-09-05T08:16:07+00:00,"163. Změna ve složení Výboru pro národnostní menšiny Zastupitelstva města Brna - stanoví, bere na vědomí",pass,Z9/09,5,50,0,0
2023-09-05-004,2023-09-05T08:15:04+00:00,"1. Technický bod (zapisovatelé, právní asistence, ověřovatelé zápisu, schválení programu zasedání ZMB) - program",pass,Z9/09,4,48,0,1
2023-09-05-003,2023-09-05T08:14:36+00:00,"1. Technický bod (zapisovatelé, právní asistence, ověřovatelé zápisu, schválení programu zasedání ZMB) - program - hlasování o zařazení bodu č. 162, 163",pass,Z9/09,3,49,0,1
2023-09-05-002,2023-09-05T08:14:15+00:00,"1. Technický bod (zapisovatelé, právní asistence, ověřovatelé zápisu, schválení programu zasedání ZMB) - program - hlasování o stažení bodu č. 21, 29",pass,Z9/09,2,48,0,1
2023-09-05-001,2023-09-05T08:11:18+00:00,"1. Technický bod (zapisovatelé, právní asistence, ověřovatelé zápisu, schválení programu zasedání ZMB) - ověřovatelé zápisu",pass,Z9/09,1,46,0,1
2023-06-20-150,2023-06-20T12:47:08+00:00,161. Návrh na získání plného členství statutárního města Brna v mezinárodní síti CultureNextCities Network,fail,Z9/08,150,23,6,18
2023-06-20-149,2023-06-20T12:46:09+00:00,161. Návrh na získání plného členství statutárního města Brna v mezinárodní síti CultureNextCities Network,pass,Z9/08,149,28,6,14
2023-06-20-148,2023-06-20T12:45:15+00:00,161. Návrh na získání plného členství statutárního města Brna v mezinárodní síti CultureNextCities Network,pass,Z9/08,148,36,6,7
2023-06-20-147,2023-06-20T12:43:46+00:00,"160. Záměr dispozice s pozemky p. č. 1113/1, 1113/2, s jinou stavbou bez čp/če, vše v k. ú. Zábrdovice z vlastnictví Správy železnic, státní organizace do vlastnictví statutárního města Brna - var. A",pass,Z9/08,147,45,0,2
2023-06-20-146,2023-06-20T12:42:56+00:00,"159. Návrh odnětí svěřeného majetku města městské části Brno-Kníničky, pozemku p. č. 657/4 včetně vrtu, pozemku p.č. 3471 v k.ú. Kníničky a návrh svěření majetku města městské části Brno-Kníničky, pozemku p. č. 3123 v k.ú. Kníničky - var. A - bod 3",pass,Z9/08,146,43,0,3
2023-06-20-145,2023-06-20T12:42:29+00:00,"159. Návrh odnětí svěřeného majetku města městské části Brno-Kníničky, pozemku p. č. 657/4 včetně vrtu, pozemku p.č. 3471 v k.ú. Kníničky a návrh svěření majetku města městské části Brno-Kníničky, pozemku p. č. 3123 v k.ú. Kníničky - var. A - bod 2",pass,Z9/08,145,49,0,1
2023-06-20-144,2023-06-20T12:42:08+00:00,"159. Návrh odnětí svěřeného majetku města městské části Brno-Kníničky, pozemku p. č. 657/4 včetně vrtu, pozemku p.č. 3471 v k.ú. Kníničky a návrh svěření majetku města městské části Brno-Kníničky, pozemku p. č. 3123 v k.ú. Kníničky - bod č. 1",pass,Z9/08,144,49,0,1
2023-06-20-143,2023-06-20T12:40:53+00:00,"158. Projekt ""ZŠ Přemyslovo náměstí – odborné učebny a zázemí"" – změna parametrů posouzení projektu",pass,Z9/08,143,42,0,7
2023-06-20-142,2023-06-20T12:40:21+00:00,"157. „Zapojení fondu rezerv a rozvoje v souvislosti s úhradou faktur za stavebně technický průzkum v objektu Moravské nám. 3 /Jakubské nám. 5, návrh rozpočtového opatření“",pass,Z9/08,142,42,0,7
2023-06-20-141,2023-06-20T12:39:45+00:00,156. Regulační plán Křenová – Masná – trať ČD – návrh na zrušení formou opatření obecné povahy,pass,Z9/08,141,42,0,6
2023-06-20-140,2023-06-20T12:39:10+00:00,"155. Regulační plán Kaštanová ulice, Černovický hájek – návrh na zrušení formou opatření obecné povahy",pass,Z9/08,140,40,0,7
2023-06-20-139,2023-06-20T12:38:38+00:00,154. Územní plán zóny Kamechy (Bystrc IIa – Žebětín) – návrh na zrušení formou opatření obecné povahy,pass,Z9/08,139,46,0,0
2023-06-20-138,2023-06-20T12:38:07+00:00,"153. Návrh Dodatku č. 1 ke Smlouvě o spolupráci při výstavbě veřejné dopravní infrastruktury „RYBÁŘKA, POLYFUNKČNÍ SOUBOR – dům C1""",pass,Z9/08,138,35,0,10
2023-06-20-137,2023-06-20T12:36:19+00:00,"152. Návrh Dodatku č. 1 ke Smlouvě o spolupráci při výstavbě veřejné infrastruktury ""Polyfunkční dům Železniční, Brno-Komárov""",pass,Z9/08,137,46,0,0
2023-06-20-136,2023-06-20T12:35:40+00:00,"151. Návrh Dodatku č. 1 ke Smlouvě o spolupráci při výstavbě veřejné infrastruktury „KOMPLEX AUGARTEN"" - body 1, 2, 3",pass,Z9/08,136,36,0,11
2023-06-20-135,2023-06-20T12:32:27+00:00,"150. Návrh Dodatku č. 1 ke Smlouvě o výstavbě veřejné infrastruktury „DORNYCH – polyfunkční komplex""",pass,Z9/08,135,47,0,0
2023-06-20-134,2023-06-20T12:31:59+00:00,149. Návrh Smlouvy o spolupráci při výstavbě veřejné infrastruktury „NOVÁ ZBROJOVKA – objekt D5“,pass,Z9/08,134,45,0,1
2023-06-20-133,2023-06-20T12:31:30+00:00,"148. Návrh odnětí svěřeného majetku města městské části Brno-sever, pozemku p. č. 178/1 v k. ú. Husovice",pass,Z9/08,133,32,4,11
2023-06-20-132,2023-06-20T12:29:59+00:00,146. Návrh dodatku č. 1 ke Smlouvě o budoucí směnné smlouvě č. 6319073231 ze dne 18.7.2019 se společností MS Ivanovická s. r. o.,pass,Z9/08,132,41,0,7
2023-06-20-131,2023-06-20T12:29:30+00:00,145. Návrh směny části pozemku p. č. 408/1 za část pozemku p. č. 408/32 oba v k. ú. Medlánky,pass,Z9/08,131,46,0,3
2023-06-20-130,2023-06-20T12:29:00+00:00,"144. Návrh směny pozemků a částí pozemků v k. ú. Komín, návrh na zřízení pozemkové služebnosti stezky a cesty",pass,Z9/08,130,42,0,8
2023-06-20-129,2023-06-20T12:28:05+00:00,"143. Návrh směny pozemků p. č. 2197/33, 2197/40 v k. ú. Slatina, pozemku p. č. 5380/12 v k. ú. Žabovřesky",pass,Z9/08,129,29,5,13
2023-06-20-128,2023-06-20T12:27:07+00:00,"143. Návrh směny pozemků p. č. 2197/33, 2197/40 v k. ú. Slatina, pozemku p. č. 5380/12 v k. ú. Žabovřesky",pass,Z9/08,128,29,3,13
2023-06-20-127,2023-06-20T12:26:07+00:00,"143. Návrh směny pozemků p. č. 2197/33, 2197/40 v k. ú. Slatina, pozemku p. č. 5380/12 v k. ú. Žabovřesky",fail,Z9/08,127,27,4,14
2023-06-20-126,2023-06-20T12:24:47+00:00,"143. Návrh směny pozemků p. č. 2197/33, 2197/40 v k. ú. Slatina, pozemku p. č. 5380/12 v k. ú. Žabovřesky - hlasování o návrhu p. Ledera",fail,Z9/08,126,14,1,19
2023-06-20-125,2023-06-20T12:23:54+00:00,,fail,Z9/08,125,10,2,24
2023-06-20-124,2023-06-20T12:17:51+00:00,142. Návrh směny pozemků v k. ú. Líšeň,pass,Z9/08,124,45,0,1
2023-06-20-123,2023-06-20T12:17:10+00:00,"141. Návrh směny pozemků v k. ú. Židenice, návrh na zřízení služebnosti",pass,Z9/08,123,40,0,7
2023-06-20-122,2023-06-20T12:16:37+00:00,"140. Návrh směny pozemků v k. ú. Bystrc, Komín, Líšeň a Žabovřesky",pass,Z9/08,122,41,0,7
2023-06-20-121,2023-06-20T12:16:08+00:00,"139. Návrh na změnu části usnesení Z8/27. zasedání Zastupitelstva města Brna konaného dne 25. 5. 2021, bod č. 82 ve věci dispozice s pozemky p. č. 7966/7 a p. č. 7966/8, oba v k. ú. Židenice",pass,Z9/08,121,30,5,12
2023-06-20-120,2023-06-20T12:15:03+00:00,"139. Návrh na změnu části usnesení Z8/27. zasedání Zastupitelstva města Brna konaného dne 25. 5. 2021, bod č. 82 ve věci dispozice s pozemky p. č. 7966/7 a p. č. 7966/8, oba v k. ú. Židenice",fail,Z9/08,120,26,5,13
2023-06-20-119,2023-06-20T12:13:12+00:00,"138. Návrh dispozice s pozemky p. č. 2428/8, p. č. 3889/2, p. č. 3891/6, p. č. 5661 a p. č. 5791, vše v k. ú. Komín",pass,Z9/08,119,43,0,6
2023-06-20-118,2023-06-20T12:12:41+00:00,"137. Návrh dispozice s pozemky p. č. 1536/2 a p. č. 1538/2, oba v k. ú. Stránice",pass,Z9/08,118,48,0,0
2023-06-20-117,2023-06-20T12:12:13+00:00,Body č. 133-136,pass,Z9/08,117,49,0,0
2023-06-20-116,2023-06-20T12:11:24+00:00,"132. Nabídka předkupního práva ke stavbě bez č. p./č. e., způsob využití garáž, postavené na pozemcích p. č. 1111/9 a p. č. 1111/18 v k. ú. Zábrdovice",pass,Z9/08,116,32,0,12
2023-06-20-115,2023-06-20T12:10:58+00:00,"132. Nabídka předkupního práva ke stavbě bez č. p./č. e., způsob využití garáž, postavené na pozemcích p. č. 1111/9 a p. č. 1111/18 v k. ú. Zábrdovice - hlasování o návrhu p. Suchého",fail,Z9/08,115,11,2,27
2023-06-20-114,2023-06-20T12:04:08+00:00,"131. Nabídka předkupního práva ke stavbě č. p. 1223, způsob využití průmyslový objekt, postavené na pozemku p. č. 1938/714 v k. ú. Bystrc",pass,Z9/08,114,47,0,1
2023-06-20-113,2023-06-20T12:03:31+00:00,"130. Nabídka předkupního práva ke stavbě č. p. 1092, způsob využití jiná stavba, postavené na pozemku p. č. 2952/5 v k. ú. Slatina",pass,Z9/08,113,43,0,7
2023-06-20-112,2023-06-20T12:02:58+00:00,Body č. 125-129,pass,Z9/08,112,49,0,1
2023-06-20-111,2023-06-20T12:00:30+00:00,"124. Nabídka předkupního práva ke stavbě bez č. p./č. e., způsob využití garáž, postavené na pozemku p. č. 6017 v k. ú. Žabovřesky - stažení bodu",pass,Z9/08,111,46,0,3
2023-06-20-110,2023-06-20T11:58:27+00:00,"124. Nabídka předkupního práva ke stavbě bez č. p./č. e., způsob využití garáž, postavené na pozemku p. č. 6017 v k. ú. Žabovřesky - hlasování o návrhu p. Ledera",fail,Z9/08,110,23,0,12
2023-06-20-109,2023-06-20T11:56:07+00:00,Body č. 120-123,pass,Z9/08,109,47,0,1
2023-06-20-108,2023-06-20T11:55:09+00:00,119. Nabídka na využití předkupního práva dle ustanovení § 101 stavebního zákona k části pozemku p. č. 538 v k. ú. Staré Brno,pass,Z9/08,108,49,0,1
2023-06-20-107,2023-06-20T11:54:33+00:00,Body č. 111-118,pass,Z9/08,107,49,0,0
2023-06-20-106,2023-06-20T11:53:59+00:00,"110. Návrh nabytí garáže bez čp/če umístěné na pozemku p. č. 600/6, vše v k. ú.Ponava do vlastnictví statutárního města Brna",pass,Z9/08,106,45,0,5
2023-06-20-105,2023-06-20T11:53:27+00:00,Body č. 104-109,pass,Z9/08,105,50,0,0
2023-06-20-104,2023-06-20T11:52:40+00:00,103. Návrh budoucího prodeje části pozemku p. č. 2398 v k. ú. Slatina,pass,Z9/08,104,48,0,1
2023-06-20-103,2023-06-20T11:52:13+00:00,"102. Návrh prodeje a bezúplatného převodu částí pozemků v k. ú. Královo Pole a v k. ú. Řečkovice České republice – Správě železnic, státní organizaci, návrh na uzavření Dodatků č. 1 ke smlouvám o bezúplatném převodu vlastnického práva k nemovitým věcem",pass,Z9/08,103,48,0,2
2023-06-20-102,2023-06-20T11:51:44+00:00,Body č. 99-101,pass,Z9/08,102,49,0,1
2023-06-20-101,2023-06-20T11:51:16+00:00,"98. Návrh prodeje pozemků p. č. 5351/17, p. č. 5351/20, p. č. 5351/127 a p. č. 5351/130, vše v k. ú. Líšeň, společnosti Kalcit s. r. o.",pass,Z9/08,101,42,0,8
2023-06-20-100,2023-06-20T11:50:48+00:00,Body č. 93-97,pass,Z9/08,100,48,0,1
2023-06-20-099,2023-06-20T11:49:50+00:00,"92. Návrh zpeněžení pozemku p. č. 1301 v k. ú. Staré Brno, jehož součástí je administrativní objekt na adrese Hybešova č. or. 16 (vjezd Vodní č.or. 9) formou veřejné elektronické dobrovolné dražby",pass,Z9/08,99,34,0,12
2023-06-20-098,2023-06-20T11:49:14+00:00,"90. Žádost o splátkový kalendář – Běhounská 131/17, byt č. 8, Brno",pass,Z9/08,98,37,0,5
2023-06-20-097,2023-06-20T11:48:31+00:00,Zařazení bodu č. 48,fail,Z9/08,97,19,5,15
2023-06-20-096,2023-06-20T11:47:10+00:00,"162. Zrušení usnesení Zastupitelstva města Brna č. Z8/39 ze dne 21. 6. 2022, bod č. 134 k majetkové dispozici – prodej bytového domu Ibsenova 9, 10, 11 včetně pozemků, záměr prodeje bytového domu Ibsenova 9, 10, 11 včetně pozemků",pass,Z9/08,96,37,0,11
2023-06-20-095,2023-06-20T11:44:08+00:00,"162. Zrušení usnesení Zastupitelstva města Brna č. Z8/39 ze dne 21. 6. 2022, bod č. 134 k majetkové dispozici – prodej bytového domu Ibsenova 9, 10, 11 včetně pozemků, záměr prodeje bytového domu Ibsenova 9, 10, 11 včetně pozemků - hlasování o stažení bodu",fail,Z9/08,95,6,4,25
2023-06-20-094,2023-06-20T10:46:28+00:00,24. Multifunkční sportovní a kulturní hala ve městě Brně – návrh úvěrové a finanční dokumentace,pass,Z9/08,94,40,3,9
2023-06-20-093,2023-06-20T10:35:06+00:00,24. Multifunkční sportovní a kulturní hala ve městě Brně – návrh úvěrové a finanční dokumentace - prodloužení doby jednání,pass,Z9/08,93,46,1,0
2023-06-20-092,2023-06-20T10:00:26+00:00,"89. Odnětí svěřeného majetku města městské části Brno-Královo Pole, 11 bytových jednotek v domovním celku Purkyňova 1, 3, 5, 7 v k. ú. Královo Pole",pass,Z9/08,92,48,0,5
2023-06-20-091,2023-06-20T09:59:55+00:00,"88. Návrh na odnětí svěřeného majetku města městské části Brno-střed, nemovitosti při ulici Trnitá 39 a Trnitá 41, vše k. ú. Trnitá",pass,Z9/08,91,40,0,11
2023-06-20-090,2023-06-20T09:59:24+00:00,"87. Záměr prodeje volné vymezené bytové jednotky č. 586/12 v bytovém domě Nové sady 22, Brno, a podílu na souvisejícím pozemku p. č. 1463, k. ú. Staré Brno",pass,Z9/08,90,48,0,5
2023-06-20-089,2023-06-20T09:58:47+00:00,"86. Záměr prodeje volných vymezených bytových jednotek č. 374/3 a č. 374/13 v domě Nejedlého 2, 4, 6, Brno",pass,Z9/08,89,42,5,6
2023-06-20-088,2023-06-20T09:58:20+00:00,"85. Návrh na změnu protokolu o zápůjčce z Fondu bytové výstavby – změna výše splátek zápůjčky městské části Brno-střed, návrh rozpočtového opatření",pass,Z9/08,88,52,0,0
2023-06-20-087,2023-06-20T09:57:48+00:00,"84. Projekt ""Prodloužení TT z Osové ke kampusu MU v Bohunicích"" – návrh dodatku č. 1 ke smlouvě o poskytnutí účelové investiční dotace, návrh rozpočtového opatření",pass,Z9/08,87,51,0,1
2023-06-20-086,2023-06-20T09:57:13+00:00,"83. Projekt ""Brno pomáhá pečovat doma – Socio Info Point"" – rozhodnutí o poskytnutí dotace",pass,Z9/08,86,44,0,6
2023-06-20-085,2023-06-20T09:56:43+00:00,"82. Projekt ""ZŠ a MŠ Jana Broskvy, Brno-Chrlice – nástavba budovy I. stupně"" – rozhodnutí o poskytnutí dotace",pass,Z9/08,85,49,0,0
2023-06-20-084,2023-06-20T09:56:09+00:00,"81. Projekt ""ZŠ Hamry – stavební úpravy"" – rozhodnutí o poskytnutí finančních prostředků",pass,Z9/08,84,41,0,7
2023-06-20-083,2023-06-20T09:55:34+00:00,"80. Projekt ""Pořízení nového softwarového, technického a přístrojového vybavení pro další rozvoj digitalizace sbírky Muzeu města Brna"" – posouzení projektu, návrh rozpočtového opatření",pass,Z9/08,83,46,0,2
2023-06-20-082,2023-06-20T09:54:59+00:00,"79. Projekt ""Místní akční plán rozvoje vzdělávání ve městě Brně IV"" – posouzení projektu",pass,Z9/08,82,43,0,6
2023-06-20-081,2023-06-20T09:54:26+00:00,"78. Projekt ""Pořízení cisternové automobilové stříkačky pro JSDH Brno-Židenice"" – posouzení projektu",pass,Z9/08,81,48,0,1
2023-06-20-080,2023-06-20T09:53:55+00:00,77. Projekty financované z Fondu kofinancování projektů – červen 2023 – návrh rozpočtových opatření,pass,Z9/08,80,42,0,6
2023-06-20-079,2023-06-20T09:53:22+00:00,76. Finanční prostředky Fondu kofinancování projektů – červen 2023 – návrh rozpočtových opatření,pass,Z9/08,79,40,0,6
2023-06-20-078,2023-06-20T09:52:05+00:00,75. Návrh Memoranda o spolupráci na projektech vývoje automatizovaného sběru dat a jejich evaluace v oblasti kultury,pass,Z9/08,78,42,0,6
2023-06-20-077,2023-06-20T09:51:33+00:00,"74. ""Revitalizace sportovních ploch v MČ Brno-Židenice – Školní hřiště ZŠ Kamenačky"" – návrh Dohody o smíru se společností Gardenline s. r. o.",pass,Z9/08,77,43,0,4
2023-06-20-076,2023-06-20T09:51:03+00:00,"73. Soudní spor s Direct pojišťovnou, a. s., o pojistném plnění ze škodní události na fontáně před Janáčkovým divadlem – návrh dohody o narovnání",pass,Z9/08,76,45,0,3
2023-06-20-075,2023-06-20T09:50:32+00:00,72. Žádost společnosti PonavaCafe s. r. o. o slevu z nájemného,pass,Z9/08,75,40,0,6
2023-06-20-074,2023-06-20T09:50:01+00:00,71. Žádost o prominutí části nájemného – Hrstková Design s. r. o.,pass,Z9/08,74,40,0,7
2023-06-20-073,2023-06-20T09:49:28+00:00,"70. Žádost o prominutí části nájemného a sankce za pozdní uhrazení příslušných plateb Brixton-gastro, s. r. o.",pass,Z9/08,73,41,0,6
2023-06-20-072,2023-06-20T09:48:57+00:00,69. Žádost spolku Akademické pěvecké sdružení Moravan z. s. o prominutí povinnosti odvodu za porušení rozpočtové kázně u smlouvy o poskytnutí účelové neinvestiční dotace z rozpočtu města Brna,pass,Z9/08,72,41,0,7
2023-06-20-071,2023-06-20T09:48:23+00:00,68. Žádost společnosti UNPROFI Czech s. r. o. o prominutí povinnosti odvodu za porušení rozpočtové kázně u smlouvy o poskytnutí účelové neinvestiční dotace z rozpočtu města Brna,pass,Z9/08,71,41,0,7
2023-06-20-070,2023-06-20T09:47:45+00:00,67. Festival Meeting Brno 2023 – návrh na poskytnutí návratné finanční výpomoci; návrh rozpočtového opatření,pass,Z9/08,70,44,6,0
2023-06-20-069,2023-06-20T09:47:11+00:00,66. Návrh darovací smlouvy na poskytnutí osobního automobilu Společnosti Podané ruce o. p. s.,pass,Z9/08,69,44,1,5
2023-06-20-068,2023-06-20T09:46:39+00:00,"65. Návrh darovací smlouvy o poskytnutí věcného daru společnosti Člověk v tísni, o. p. s.",pass,Z9/08,68,43,6,1
2023-06-20-067,2023-06-20T09:45:35+00:00,64. Návrh dodatku č. 4 ke smlouvě o poskytnutí investiční dotace na rekonstrukci slavnostního osvětlení ve statutárním městě Brně a o poskytnutí investiční dotace na organizaci soutěže o návrh,pass,Z9/08,67,43,0,6
2023-06-20-066,2023-06-20T09:44:55+00:00,"63. Návrh na uzavření dodatku č. 1 ke smlouvě č. 5122094573 o poskytnutí individuální investiční dotace z rozpočtu města Brna pobočnému spolku Technika Brno, baseball-softball, p. s., na projekt „Modernizace baseballového areálu VSK Technika Brno“",pass,Z9/08,66,47,0,1
2023-06-20-065,2023-06-20T09:44:18+00:00,62. Návrh dodatku č. 1 ke Smlouvě o poskytnutí individuální dotace z rozpočtu města Brna v roce 2023 uzavřené se společností RitmoFactory s. r. o. na projekt BrasilFest Brno 2023 – návrh rozpočtového opatření,pass,Z9/08,65,42,0,7
2023-06-20-064,2023-06-20T09:43:40+00:00,61. Žádost o souhlas se změnou názvu akce specifické dotace na pořádání kulturní akce poskytnuté městské části Brno-Kníničky pro rok 2023,pass,Z9/08,64,49,0,0
2023-06-20-063,2023-06-20T09:43:05+00:00,"60. Kancelář architekta města Brna, příspěvková organizace – návrh na změnu účelu využití části účelového neinvestičního příspěvku",pass,Z9/08,63,48,0,0
2023-06-20-062,2023-06-20T09:42:34+00:00,"59. Návrh na zrušení usnesení Zastupitelstva města Brna Z8/27 konaného dne 25.5.2021, bod č. 30 a Záměr poskytnutí individuální investiční dotace na projekt „Stavební úpravy a nástavba objektu Jakuba Obrovského 2/2, 635 00 Brno“",pass,Z9/08,62,43,0,4
2023-06-20-061,2023-06-20T09:41:49+00:00,"58. Poskytnutí neinvestičních dotací dle dotačních programů v oblasti kultury na rok 2023 – návrh na změnu části usnesení a přílohy č.29a zápisu ZMB č. Z9/05 konaného dne 28.2.2023,bod 33,a dodatku č.1 ke smlouvě o poskytnutí dotace Prokoncertagency s. r. o.",pass,Z9/08,61,41,1,7
2023-06-20-060,2023-06-20T09:39:56+00:00,"57. Žádost o poskytnutí individuální dotace v oblasti kultury na rok 2023 pro spolek MMF Czech Republic, z.s.",pass,Z9/08,60,39,0,10
2023-06-20-059,2023-06-20T09:39:21+00:00,56. Návrh na poskytnutí dotací dle Dotačního programu pro poskytnutí investičních dotací v oblasti kultury na pořízení techniky nebo hudebních nástrojů v roce 2023 – návrh rozpočtového opatření,pass,Z9/08,59,47,0,1
2023-06-20-058,2023-06-20T09:38:47+00:00,"55. Návrh na poskytnutí neinvestiční dotace společnosti CD CENTRUM COMS, a. s.",pass,Z9/08,58,40,0,9
2023-06-20-057,2023-06-20T09:36:00+00:00,"54. Návrh na poskytnutí individuální neinvestiční dotace pro Paspoint z. ú. na projekt ""Vybudování komplexního centra podpory lidí s PAS a jejich blízkých"" – návrh rozpočtového opatření",pass,Z9/08,57,50,0,0
2023-06-20-056,2023-06-20T09:35:28+00:00,"53. Návrh na poskytnutí individuální neinvestiční dotace Malý fotbal Brno, z. s., na projekt „Podpora činnosti trenérů a animátorů pohybových aktivit na ZŠ“ v období 09-12/2023 – návrh rozpočtového opatření",pass,Z9/08,56,50,0,1
2023-06-20-055,2023-06-20T09:34:53+00:00,"52. Návrh na poskytnutí individuální neinvestiční dotace Trenéři ve škole, z. s., na zabezpečení projektu „Trenéři ve škole“ v období 09-12/2023 – návrh rozpočtového opatření",pass,Z9/08,55,42,1,6
2023-06-20-054,2023-06-20T09:30:57+00:00,51. Návrh na poskytnutí neinvestičních dotací na podporu pravidelné sportovní činnosti dospělých v roce 2023,pass,Z9/08,54,49,0,1
2023-06-20-053,2023-06-20T09:30:19+00:00,"50. Návrh na poskytnutí individuálních investičních dotací z rozpočtu města Brna společnosti Dopravní podnik města Brna, a. s.– návrh rozpočtového opatření",pass,Z9/08,53,49,0,0
2023-06-20-052,2023-06-20T09:29:45+00:00,49. Návrh na poskytnutí investičních dotací v rámci dotačního programu Podpora vytváření zelených střech,pass,Z9/08,52,45,0,7
2023-06-20-051,2023-06-20T09:29:11+00:00,"48. Návrh na poskytnutí individuální neinvestiční dotace společnosti EkoInkubátor, z.ú., na podporu Mezinárodního filmového festivalu EKOFILM a návrh smlouvy o poskytnutí dotace",fail,Z9/08,51,24,7,13
2023-06-20-050,2023-06-20T09:28:02+00:00,"48. Návrh na poskytnutí individuální neinvestiční dotace společnosti EkoInkubátor, z. ú., na podporu Mezinárodního filmového festivalu EKOFILM a návrh smlouvy o poskytnutí dotace",fail,Z9/08,50,27,6,12
2023-06-20-049,2023-06-20T09:25:40+00:00,"47. Návrh na poskytnutí investičních a neinvestičních transferů městským částem na výstavbu, opravu a úpravu nadzemních, podzemních a polopodzemních kontejnerových stání na využitelné složky komunálního odpadu – návrh rozpočtového opatření.",pass,Z9/08,49,52,0,0
2023-06-20-048,2023-06-20T09:25:04+00:00,46. Návrh na poskytnutí investičních transferů příspěvkovým organizacím v působnosti Odboru sociální péče MMB – návrh rozpočtového opatření,pass,Z9/08,48,48,0,0
2023-06-20-047,2023-06-20T09:24:33+00:00,45. Návrh na změnu účelu použití části investičního transferu poskytnutého městské části Brno-Medlánky – návrh rozpočtového opatření,pass,Z9/08,47,51,0,0
2023-06-20-046,2023-06-20T09:24:05+00:00,44. Návrh na změnu účelu použití části investičního transferu poskytnutého městské části Brno- Řečkovice a Mokrá Hora - návrh rozpočtového opatření,pass,Z9/08,46,52,0,0
2023-06-20-045,2023-06-20T09:23:38+00:00,43. Návrh na změnu zatřídění části investičního transferu poskytnutého městské části Brno-Bohunice – návrh rozpočtového opatření,pass,Z9/08,45,49,0,0
2023-06-20-044,2023-06-20T09:23:10+00:00,42. Návrh na zařazení nové investiční akce do závazného plánu investic na rok 2023 a přesun běžných a kapitálových výdajů v rozpočtu Odboru školství a mládeže MMB – návrh rozpočtového opatření,pass,Z9/08,44,51,0,0
2023-06-20-043,2023-06-20T09:22:35+00:00,41. Návrh rozpočtového opatření – zapojení Fondu rezerv a rozvoje v souvislosti s realizací PARO projektů,pass,Z9/08,43,44,0,7
2023-06-20-042,2023-06-20T09:22:05+00:00,40. Aktualizace rozpočtu kapitálových a běžných výdajů Odboru územního plánování a rozvoje MMB – návrh rozpočtového opatření,pass,Z9/08,42,46,0,6
2023-06-20-041,2023-06-20T09:21:35+00:00,39. Návrh rozpočtového opatření – zvýšení běžných výdajů a přesun běžných a kapitálových výdajů rozpočtu Odboru dopravy MMB,pass,Z9/08,41,43,0,6
2023-06-20-040,2023-06-20T09:21:06+00:00,"38. Přesun běžných a kapitálových výdajů v rámci rozpočtu Odboru správy majetku MMB, návrh rozpočtového opatření",pass,Z9/08,40,46,0,6
2023-06-20-039,2023-06-20T09:20:38+00:00,"37. Zapojení Fondu rezerv a rozvoje v souvislosti s navýšením rozpočtu běžných výdajů Odboru správy majetku MMB v roce 2023 na energie a služby, návrh rozpočtového opatření",pass,Z9/08,39,44,0,7
2023-06-20-038,2023-06-20T09:20:08+00:00,"36. Zapojení Fondu rezerv a rozvoje v souvislost s poskytnutím individuální neinvestiční dotace KOMETA GROUP, spolek na zabezpečení projektu „Podpora Akademie v rámci HC KOMETA BRNO“ v roce 2023 – návrh rozpočtového opatření",pass,Z9/08,38,50,0,2
2023-06-20-037,2023-06-20T09:19:28+00:00,35. Zapojení Fondu rezerv a rozvoje v souvislosti s poskytnutím účelových neinvestičních příspěvků základním školám na sportovní vybavení pro minibasketbal – návrh rozpočtového opatření,pass,Z9/08,37,49,0,0
2023-06-20-036,2023-06-20T09:18:56+00:00,"34. Zapojení Fondu rezerv a rozvoje v souvislosti s navýšením investičních transferů Správě hřbitovů města Brna, příspěvkové organizaci, zařazení nové investiční akce do závazného plánu investic – návrh rozpočtového opatření",pass,Z9/08,36,45,0,6
2023-06-20-035,2023-06-20T09:18:22+00:00,"33. Zapojení Fondu rezerv a rozvoje v souvislosti s úhradou náhrad nájemného za sociální byty městským částem, návrh rozpočtového opatření",pass,Z9/08,35,43,0,7
2023-06-20-034,2023-06-20T09:17:55+00:00,32. Zapojení Fondu rezerv a rozvoje v souvislosti s navýšením rozpočtu kapitálových výdajů Odboru sportu MMB v roce 2023 – návrh rozpočtového opatření.,pass,Z9/08,34,49,0,1
2023-06-20-033,2023-06-20T09:17:26+00:00,31. Zapojení Fondu rezerv a rozvoje k financování běžných a kapitálových výdajů Odboru školství a mládeže MMB – návrh rozpočtového opatření,pass,Z9/08,33,50,0,1
2023-06-20-032,2023-06-20T09:16:59+00:00,30. Zapojení Fondu rezerv a rozvoje a příjmů k financování kapitálových a běžných výdajů Odboru vnitřních věcí MMB v roce 2023 – návrhy rozpočtových opatření,pass,Z9/08,32,43,0,6
2023-06-20-031,2023-06-20T09:16:27+00:00,29. Zapojení vyšších příjmů Odboru strategického rozvoje a spolupráce MMB do rozpočtu běžných výdajů roku 2023 – návrh rozpočtového opatření,pass,Z9/08,31,43,0,6
2023-06-20-030,2023-06-20T09:15:57+00:00,28. Aktualizace rozpočtu Odboru investičního MMB – červen 2023 – návrh rozpočtového opatření,pass,Z9/08,30,43,0,6
2023-06-20-029,2023-06-20T09:15:29+00:00,"27. Zapojení příjmů k navýšení běžných výdajů Městské policie Brno v souvislosti se zvýšenými výdaji na energie, návrh rozpočtového opatření",pass,Z9/08,29,49,0,2
2023-06-20-028,2023-06-20T09:15:01+00:00,"26. Zapojení rezervy na činnost Městské policie Brno k financování kapitálových výdajů, návrh rozpočtového opatření",pass,Z9/08,28,50,0,1
2023-06-20-027,2023-06-20T09:14:31+00:00,25. Návrh změny Dotačních pravidel,pass,Z9/08,27,45,0,7
2023-06-20-026,2023-06-20T09:14:02+00:00,"23. Návrh harmonogramu přípravy návrhu rozpočtu statutárního města Brna na rok 2024, návrh rozsahu a struktury návrhu střednědobého výhledu rozpočtu statutárního města Brna na období 2025-2029",pass,Z9/08,26,45,0,6
2023-06-20-025,2023-06-20T09:13:28+00:00,"22. Návrh Protokolu č. 74 o vynětí majetku statutárního města Brna ze správy Veřejné zeleně města Brna, příspěvkové organizace",pass,Z9/08,25,50,0,0
2023-06-20-024,2023-06-20T09:13:02+00:00,"21. Návrh Protokolu č. 73 o předání majetku statutárního města Brna k hospodaření Veřejné zeleni města Brna, příspěvkové organizaci",pass,Z9/08,24,51,0,1
2023-06-20-023,2023-06-20T09:12:34+00:00,"20. Veletrhy Brno, a. s.– náhrada újmy vzniklé v důsledku plnění Koncernového pokynu č. 01/2021 – část II., návrh Smlouvy o náhradě újmy",pass,Z9/08,23,42,0,8
2023-06-20-022,2023-06-20T09:12:01+00:00,19. Finanční hospodaření dobrovolného svazku obcí České dědictví UNESCO za rok 2022,pass,Z9/08,22,44,0,8
2023-06-20-021,2023-06-20T09:11:31+00:00,18. Finanční hospodaření dobrovolného svazku obcí Cyklistická stezka Brno –Vídeň za rok 2022,pass,Z9/08,21,51,0,1
2023-06-20-020,2023-06-20T09:11:02+00:00,"17. Návrh dodatku č. 29 ke Zřizovací listině Centra sociálních služeb, příspěvkové organizace",pass,Z9/08,20,52,0,0
2023-06-20-019,2023-06-20T09:10:33+00:00,"16. Návrh dodatku č. 4 ke zřizovací listině Městského divadla Brno, příspěvkové organizace",pass,Z9/08,19,44,0,8
2023-06-20-018,2023-06-20T09:10:04+00:00,"15. Návrh změny stanov obchodních společností Dopravní podnik města Brna, a. s., SAKO Brno, a. s., Teplárny Brno, a. s. a Veletrhy Brno, a. s.",pass,Z9/08,18,50,0,1
2023-06-20-017,2023-06-20T09:09:36+00:00,14. Návrh změny stanov obchodní společnosti Brněnské komunikace a. s.,pass,Z9/08,17,50,0,1
2023-06-20-016,2023-06-20T09:08:01+00:00,"13. Návrh koncernového pokynu, kterým se mění Koncernový pokyn č. 01/2021 - aktualizace Přílohy č. 2 - předchozí souhlas",pass,Z9/08,16,42,0,9
2023-06-20-015,2023-06-20T09:07:22+00:00,"11. Návrh zástupce statutárního města Brna do dozorčí rady obchodní společnosti Brněnské vodárny a kanalizace, a. s. - p. Zámečník",pass,Z9/08,15,39,0,11
2023-06-20-014,2023-06-20T08:29:41+00:00,10. Návrh Akčního plánu č. 2 Strategie kultury a kreativních odvětví 2023–2025,pass,Z9/08,14,47,0,0
2023-06-20-013,2023-06-20T08:29:09+00:00,9. Návrh Akčního plánu 2024–2026 strategického dokumentu Plán zdraví města Brna 2018–2030,pass,Z9/08,13,43,0,5
2023-06-20-012,2023-06-20T08:26:20+00:00,8. Aktualizace Koncepce podpory požární ochrany a ochrany obyvatelstva ve městě Brně – Příloha č. 1 a Příloha č.3,pass,Z9/08,12,48,0,0
2023-06-20-011,2023-06-20T08:25:52+00:00,"7. Akce charitativní běh ""Skolíme Koliště"" - prověření postupu",pass,Z9/08,11,48,0,0
2023-06-20-010,2023-06-20T08:24:55+00:00,6. Návrh na pojmenování lávky na území města Brna,pass,Z9/08,10,39,4,1
2023-06-20-009,2023-06-20T08:24:33+00:00,6. Návrh na pojmenování lávky na území města Brna - hlasování o návrhu p. Skřičky,fail,Z9/08,9,13,6,23
2023-06-20-008,2023-06-20T08:22:11+00:00,"5. Návrh obecně závazné vyhlášky statutárního města Brna, kterou se zrušuje obecně závazná vyhláška statutárního města Brna č. 10/2010, k zajištění udržování čistoty ulic a jiných veřejných prostranství",pass,Z9/08,8,46,0,0
2023-06-20-007,2023-06-20T08:21:38+00:00,"4. Návrh obecně závazné vyhlášky statutárního města Brna, kterou se mění a doplňuje obecně závazná vyhláška statutárního města Brna č. 11/2017, o nočním klidu, ve znění pozdějších vyhlášek",pass,Z9/08,7,47,0,0
2023-06-20-006,2023-06-20T08:21:13+00:00,"4. Návrh obecně závazné vyhlášky statutárního města Brna, kterou se mění a doplňuje obecně závazná vyhláška statutárního města Brna č. 11/2017, o nočním klidu, ve znění pozdějších vyhlášek",pass,Z9/08,6,46,0,0
2023-06-20-005,2023-06-20T08:19:25+00:00,návrh usnesení pí Vaňkové,pass,Z9/08,5,49,0,0
2023-06-20-004,2023-06-20T08:18:07+00:00,"1. Technický bod (zapisovatelé, právní asistence, ověřovatelé zápisu, schválení programu zasedání ZMB) - program",pass,Z9/08,4,49,0,1
2023-06-20-003,2023-06-20T08:17:30+00:00,"1. Technický bod (zapisovatelé, právní asistence, ověřovatelé zápisu, schválení programu zasedání ZMB) - program - hlasování o zařazení bodu č. 157, 158, 159, 160, 161, 162",pass,Z9/08,3,50,0,0
2023-06-20-002,2023-06-20T08:17:01+00:00,"1. Technický bod (zapisovatelé, právní asistence, ověřovatelé zápisu, schválení programu zasedání ZMB) - program - hlasování o stažení bodu č. 12, 91, 147",pass,Z9/08,2,49,0,1
2023-06-20-001,2023-06-20T08:11:04+00:00,"1. Technický bod (zapisovatelé, právní asistence, ověřovatelé zápisu, schválení programu zasedání ZMB) - ověřovatelé zápisu",pass,Z9/08,1,46,0,0
2023-05-16-114,2023-05-16T12:10:56+00:00,"118. Valná hromada obchodní společnosti Automotodrom Brno, a. s. – návrh delegování zástupce statutárního města Brna na valnou hromadu, stanovení postupu při zastupování statutárního města Brna",pass,Z9/07,114,48,0,2
2023-05-16-113,2023-05-16T12:10:08+00:00,"117. Návrh změny stanov obchodní společnosti Brněnské vodárny a kanalizace, a. s.",pass,Z9/07,113,45,0,2
2023-05-16-112,2023-05-16T12:09:40+00:00,116. Návrh dodatku č. 3 k plánovací smlouvě č. 5616174461 ze dne 22. 12. 2016 „Terasové domy Kníničky“,pass,Z9/07,112,37,0,10
2023-05-16-111,2023-05-16T12:09:12+00:00,"115. Návrh Dodatku č. 2 ke Smlouvě o spolupráci při výstavbě veřejné infrastruktury „POLYFUNKČNÍ OBJEKT TRIANGL B, ulice Podveská, Brno“",pass,Z9/07,111,39,0,9
2023-05-16-110,2023-05-16T12:08:41+00:00,"114. Návrh Dodatku č. 2 ke Smlouvě o spolupráci při výstavbě veřejné infrastruktury ""Městský blok Belle Rock"" - var. A",pass,Z9/07,110,35,0,11
2023-05-16-109,2023-05-16T12:08:15+00:00,"114. Návrh Dodatku č. 2 ke Smlouvě o spolupráci při výstavbě veřejné infrastruktury ""Městský blok Belle Rock"" - var. B",fail,Z9/07,109,8,0,30
2023-05-16-108,2023-05-16T12:07:34+00:00,"114. Návrh Dodatku č. 2 ke Smlouvě o spolupráci při výstavbě veřejné infrastruktury ""Městský blok Belle Rock"" - body 1 a 2",pass,Z9/07,108,42,0,7
2023-05-16-107,2023-05-16T12:00:24+00:00,"113. Návrh Dodatku č. 1 ke Smlouvě o spolupráci při výstavbě veřejné infrastruktury „POLYFUNKČNÍ OBJEKT TRIANGL C, ulice Podveská, Brno“",pass,Z9/07,107,42,0,5
2023-05-16-106,2023-05-16T11:59:54+00:00,"112. Návrh smlouvy o spolupráci za účelem přípravy a realizace stavby ""Prodloužení tramvajové trati Bystrc –Kamechy""",pass,Z9/07,106,49,0,0
2023-05-16-105,2023-05-16T11:59:26+00:00,"111. Návrh Smlouvy o spolupráci při výstavbě veřejné infrastruktury „ČTVRŤ POD HÁDY – 2. ETAPA, BRNO“",pass,Z9/07,105,47,0,1
2023-05-16-104,2023-05-16T11:58:58+00:00,"110. Návrh Smlouvy o spolupráci při výstavbě veřejné infrastruktury „Polyfunkční dům QVADRO Gajdošova, Brno-Židenice“",pass,Z9/07,104,40,0,7
2023-05-16-103,2023-05-16T11:57:41+00:00,"109. Návrh Smlouvy o spolupráci při výstavbě veřejné infrastruktury „Polyfunkční dům Železniční, Brno-Komárov“",pass,Z9/07,103,48,0,1
2023-05-16-102,2023-05-16T11:56:33+00:00,"107. Návrh odnětí svěřeného majetku města městské části Brno-Tuřany, pozemku p. č. 465/2 v k. ú. Dvorska",pass,Z9/07,102,50,0,0
2023-05-16-101,2023-05-16T11:56:06+00:00,"106. Návrh svěření majetku města městské části Brno-Komín, pozemku p. č. 1450/63 jehož součástí je stavba bez č. p./č. e. v k. ú. Komín",pass,Z9/07,101,50,0,0
2023-05-16-100,2023-05-16T11:55:40+00:00,"105. Návrh směny pozemků p. č. 4445/12, 4420/2, částí pozemků p. č. 4445/16, 4444, 4420/1, 4421/2, 4422/114 v k. ú. Líšeň – návrh na změnu usnesení Z9/05 zasedání ZMB konaného dne 28.2.2023, bod č. 118",pass,Z9/07,100,49,0,0
2023-05-16-099,2023-05-16T11:55:08+00:00,"103. Návrh směny částí pozemků p. č. 644/7 a p. č. 338/14, k. ú. Bystrc",pass,Z9/07,99,50,0,0
2023-05-16-098,2023-05-16T11:54:38+00:00,"102. Návrh směny částí a celých pozemků, zřízení služebností stezky v k. ú. Trnitá, v souvislosti se stavebním záměrem „DORNYCH – polyfunkční komplex“",pass,Z9/07,98,43,0,6
2023-05-16-097,2023-05-16T11:54:08+00:00,"101. Návrh směny pozemků v k. ú. Lesná – lokalita Halasovo náměstí, návrh na zřízení služebností",pass,Z9/07,97,43,0,6
2023-05-16-096,2023-05-16T11:53:41+00:00,"100. Nabídka předkupního práva ke stavbě bez č. p./č. e., způsob využití garáž, postavené na pozemku p. č. 5460 v k. ú. Královo Pole",pass,Z9/07,96,48,0,1
2023-05-16-095,2023-05-16T11:53:12+00:00,"99. Nabídka předkupního práva ke stavbě č. e. 609, způsob využití rodinná rekreace, postavené na pozemcích p. č. 2933 a p. č. 2934/2, vše v k. ú. Bystrc",pass,Z9/07,95,42,0,6
2023-05-16-094,2023-05-16T11:52:47+00:00,"98. Nabídka předkupního práva ke stavbě č. e. 589, způsob využití rodinná rekreace, postavené na pozemku p. č. 1156/3 v k. ú. Pisárky",pass,Z9/07,94,42,0,7
2023-05-16-093,2023-05-16T11:52:22+00:00,"96. Nabídka předkupního práva ke stavbě bez č. p./č. e., způsob využití garáž, postavené na pozemku p. č. 2468 v k. ú. Královo Pole 97. Nabídka předkupního práva ke stavbě bez č. p./č. e., způsob využití garáž, postavené na pozemku p. č. 3834 v k. ú. Královo Pole",pass,Z9/07,93,47,0,0
2023-05-16-092,2023-05-16T11:51:49+00:00,"95. Nabídka předkupního práva ke stavbě bez č. p./č. e., způsob využití garáž, postavené na pozemku p. č. 151/2 v k. ú. Přízřenice",pass,Z9/07,92,42,1,6
2023-05-16-091,2023-05-16T11:50:52+00:00,"93. Návrh na bezúplatné nabytí pozemků p. č. 5528/11, 5528/19 a 5528/61 v k. ú. Židenice z vlastnictví ČR-ÚZSVM 94. Návrh na bezúplatné nabytí pozemků p. č. 5528/17, 5528/40 a p. č. 5528/47 v k. ú. Židenice z vlastnictví ČR-ÚZSVM na základě smluv s omezujícími podmínkami",pass,Z9/07,91,48,0,0
2023-05-16-090,2023-05-16T11:50:15+00:00,91. Návrh nabytí komunikační stavby při ulici Hybešova v k. ú. Staré Brno a nabytí pozemku p. č. 1545/3 v k. ú. Staré Brno 92. Návrh nabytí komunikační stavby při ulici Kotoulky v k. ú. Bystrc a nabytí pozemků v k. ú. Bystrc,pass,Z9/07,90,46,0,1
2023-05-16-089,2023-05-16T11:49:36+00:00,"90. Návrh nabytí části pozemku p. č. 2227/50 v k. ú. Bosonohy – změna přílohy č. 158 zápisu Z8/40. zasedání Zastupitelstva města Brna konaného dne 6. 9. 2022, bod 197",pass,Z9/07,89,47,0,0
2023-05-16-088,2023-05-16T11:49:03+00:00,Body č. 84-89,pass,Z9/07,88,49,0,0
2023-05-16-087,2023-05-16T11:48:23+00:00,Body č. 75-83,pass,Z9/07,87,48,0,0
2023-05-16-086,2023-05-16T11:47:53+00:00,74. Návrh prodeje pozemku p. č. 4152/2 v k. ú. Královo Pole,pass,Z9/07,86,46,0,4
2023-05-16-085,2023-05-16T11:47:00+00:00,73. Návrh změny průběhu části katastrální hranice mezi katastrálním územím Jundrov a katastrálním územím Bystrc a návrh na udělení předchozího souhlasu s uzavřením dohody o změně části hranice městských částí Brno-Jundrov a Brno-Bystrc,pass,Z9/07,85,50,0,0
2023-05-16-084,2023-05-16T11:46:28+00:00,"72. Návrh dalšího postupu ve věci plnění závazků z kupní smlouvy, smlouvy o zřízení předkupního práva a smlouvy o zřízení zástavního práva č. 6312174263 se společností GLOBAL TRADE PROPERTY, s. r. o.",pass,Z9/07,84,50,0,0
2023-05-16-083,2023-05-16T11:45:58+00:00,"71. Návrh neschválení prominutí smluvní pokuty společnosti MR Design CZ, s. r. o.",pass,Z9/07,83,49,0,0
2023-05-16-082,2023-05-16T11:45:28+00:00,"70. Návrh na uzavření/neuzavření dodatku na mimořádné prodloužení doby nájmu startovacích bytů č. 50 a č. 64 v domě Stamicova 11, Brno",pass,Z9/07,82,48,0,0
2023-05-16-081,2023-05-16T11:45:01+00:00,"69. Návrh vzorové dohody o narovnání s bezúplatným převodem spoluvlastnického podílu města na bytových jednotkách bytového domu čp. 832 a na pozemcích p. č. 703/1, 703/6 k. ú. Štýřice, členům Bytového družstva Táborského nábřeží, družstvo",pass,Z9/07,81,48,0,0
2023-05-16-080,2023-05-16T11:44:25+00:00,"68. Návrh na založení SVJ pro dům Zámezí č. p. 301, návrh vzorové dohody o narovnání s bezúplatným převodem spoluvl. podílů města na 6 byt. jednotkách domu č. p. 301 a budově bez čp/če na p. č. 318/19, k. ú. Jehnice, členům Bytového družstva Zámezí, družstvo",pass,Z9/07,80,51,0,0
2023-05-16-079,2023-05-16T11:43:55+00:00,"67. Záměr prodeje podílu na pozemku p. č. 628, k. ú. Veveří, vlastníkům bytové jednotky č. 136/27 v domě Stojanova 9, Brno",pass,Z9/07,79,42,0,6
2023-05-16-078,2023-05-16T11:43:23+00:00,"66. Záměr prodeje vymezené bytové jednotky č. 78/8 v domě Špitálka 18, 18a, Brno, třetí osobě s nájemkyní",pass,Z9/07,78,40,0,11
2023-05-16-077,2023-05-16T11:40:50+00:00,"65. Záměr prodeje vymezené bytové jednotky č. 136/25 v domě Stojanova 9, Brno",pass,Z9/07,77,39,0,12
2023-05-16-076,2023-05-16T11:40:21+00:00,"64. Záměr prodeje volné vymezené bytové jednotky č. 542/3 v domě Křížkovského 19, Brno",pass,Z9/07,76,44,0,6
2023-05-16-075,2023-05-16T11:39:50+00:00,"63. Návrh na vyjmutí domovního celku Nováčkova 2, 4, 6, Brno, ze „Seznamu bytových a rodinných domů, které budou připravovány k prodeji“",pass,Z9/07,75,47,0,1
2023-05-16-074,2023-05-16T11:39:20+00:00,"62. Žádost o výjimku z Pravidel pronájmu bytů v domech v majetku statutárního města Brna u nájmu bytu zvláštního určení č. 220 v domě s pečovatelskou službou Vojtova 9, Brno, návrh na změnu části usnesení Z8/34. zasedání ZMB konaného dne 07.12.2021, bod 86",pass,Z9/07,74,45,0,6
2023-05-16-073,2023-05-16T11:38:42+00:00,61. Návrh změny Pravidel pronájmu bytů v domech v majetku statutárního města Brna,pass,Z9/07,73,40,0,9
2023-05-16-072,2023-05-16T11:31:43+00:00,"60. Projekt ""Revitalizace ústřední Knihovny KJM včetně zřízení edukačních center v pobočkách"" – návrh na poskytnutí návratné finanční výpomoci Knihovně Jiřího Mahena v Brně, návrh rozpočtového opatření",pass,Z9/07,72,43,1,4
2023-05-16-071,2023-05-16T11:28:28+00:00,"59. Projekt ""Strengthening metropolitan cooperation and governance in centralEurope"" – návrh memoranda o spolupráci",pass,Z9/07,71,43,0,6
2023-05-16-070,2023-05-16T11:27:53+00:00,"58. Projekt ""Studie proveditelnosti Severojižního kolejového diametru"" – návrh smlouvy o poskytnutí finančních prostředků na rok 2023",pass,Z9/07,70,47,0,2
2023-05-16-069,2023-05-16T11:26:08+00:00,"57. Projekt ""Elektrovozy pro MČ Brno-Medlánky"" – rozhodnutí o poskytnutí finančních prostředků",pass,Z9/07,69,49,0,1
2023-05-16-068,2023-05-16T11:23:37+00:00,"56. Projekt ""Adaptační opatření na využití srážkových vod – příprava"" – změna parametrů posouzení projektu",pass,Z9/07,68,50,0,0
2023-05-16-067,2023-05-16T11:15:05+00:00,"55. Projekt ""Rozvoj ITS v Brně, 1. etapa"" – změna parametrů posouzení projektu",pass,Z9/07,67,39,0,9
2023-05-16-066,2023-05-16T11:11:53+00:00,"54. Projekt ""Modernizace kuchyně MMB Malinovského nám. 3"" – posouzení projektu",pass,Z9/07,66,50,0,0
2023-05-16-065,2023-05-16T11:11:23+00:00,"53. Projekt ""ZŠ a MŠ Jana Broskvy – rekonstrukce školní kuchyně"" – posouzení projektu",pass,Z9/07,65,49,0,0
2023-05-16-064,2023-05-16T11:10:55+00:00,"52. Projekt ""Integrace cizinců ve městě Brně IV"" – posouzení projektu",pass,Z9/07,64,44,0,6
2023-05-16-063,2023-05-16T11:08:57+00:00,"51. Projekt ""SMART_MODE – SMART futureMObility, connectedcommunities and DistributedrenewableEnergygeneration"" – účast na projektu",pass,Z9/07,63,33,1,4
2023-05-16-062,2023-05-16T10:31:21+00:00,"50. Projekt ""SCHOOLHOODS – Schools as thefocal point ofanintegratedplanningapproachfor15-minuteneighbourhoods and a green urban mobility transition"" – účast na projektu",pass,Z9/07,62,44,0,5
2023-05-16-061,2023-05-16T10:27:53+00:00,"49. Projekt ""Podpora rozvoje a dostupnosti zdravotní následné péče v Úrazové nemocnici v Brně"" – návrh pověřovacího aktu",pass,Z9/07,61,50,0,0
2023-05-16-060,2023-05-16T10:27:22+00:00,48. Projekty financované z Fondu kofinancování projektů – květen 2023 – návrh rozpočtového opatření,pass,Z9/07,60,44,0,6
2023-05-16-059,2023-05-16T10:26:53+00:00,47. Finanční prostředky Fondu kofinancování projektů – květen 2023 – návrh rozpočtového opatření,pass,Z9/07,59,43,0,7
2023-05-16-058,2023-05-16T10:26:24+00:00,46. Návrh Dodatku č. 2 Smlouvy č. 1518174664 o poskytnutí dotace Vysokému učení technickému v Brně na projekt „JRGL“,pass,Z9/07,58,49,0,0
2023-05-16-057,2023-05-16T10:25:55+00:00,"45. Návrh dodatku č. 1 ke Smlouvě o poskytnutí individuální dotace z rozpočtu města Brna v roce 2023 uzavřené se Společně, o. p. s., na projekt Festival Mendel 2023 - návrh rozpočtového opatření",pass,Z9/07,57,46,0,4
2023-05-16-056,2023-05-16T10:25:15+00:00,44. Návrh Smlouvy o poskytnutí investičního příspěvku „Nová Zbrojovka – objekt C“,pass,Z9/07,56,49,0,1
2023-05-16-055,2023-05-16T10:24:47+00:00,"43. Návrh smlouvy o poskytnutí individuální neinvestiční dotace organizaci JCMM, z. s. p. o., na projekt RIS JMK ""Brno Ph.D. Talent, Výzva 2023""",pass,Z9/07,55,51,0,0
2023-05-16-054,2023-05-16T10:24:21+00:00,"42. Žádost o vzdání se práva na část nájemného představující zvýšení nájemného o část inflace za rok 2022 za užívání nebytových prostor v budově Starobrněnská 20, k. ú. Město Brno",pass,Z9/07,54,43,0,6
2023-05-16-053,2023-05-16T10:23:51+00:00,"41. Žádost nájemce o vzdání se práva na část nájemného představující zvýšení nájemného o inflaci za rok 2022 za užívání prostor sloužících podnikání v objektech Městského divadla Brno, příspěvkové organizace, v k. ú Černá Pole",pass,Z9/07,53,48,0,0
2023-05-16-052,2023-05-16T10:23:18+00:00,"40. Žádost spolku Brněnský sedmnáctý, z. s., o prominutí povinnosti odvodu za porušení rozpočtové kázně u smlouvy o poskytnutí účelové neinvestiční dotace z rozpočtu statutárního města Brna",pass,Z9/07,52,43,0,6
2023-05-16-051,2023-05-16T10:22:42+00:00,"40. Žádost spolku Brněnský sedmnáctý, z. s., o prominutí povinnosti odvodu za porušení rozpočtové kázně u smlouvy o poskytnutí účelové neinvestiční dotace z rozpočtu statutárního města Brna - hlasování o návrhu pí Lukášové Spilkové",pass,Z9/07,51,36,1,10
2023-05-16-050,2023-05-16T10:09:03+00:00,39. Žádost Slovanské unie z. s. o změnu příjemce dotace na projekt Kulturní dědictví UNESCO 2023 - návrh rozpočtového opatření,pass,Z9/07,50,49,0,0
2023-05-16-049,2023-05-16T10:08:29+00:00,38. Návrh na změnu účelu využití účelového investičního transferu poskytnutého městské části Brno-Řečkovice a Mokrá Hora na projektovou dokumentaci Parku Rokle,pass,Z9/07,49,50,0,0
2023-05-16-048,2023-05-16T10:07:58+00:00,37. Návrh na poskytnutí investičních dotací v rámci dotačního programu Podpora využití srážkové vody,pass,Z9/07,48,48,0,0
2023-05-16-047,2023-05-16T10:07:29+00:00,"36. Návrh na poskytnutí investičních dotací v rámci dotačního programu ""Podpora vytváření zelených střech""",pass,Z9/07,47,43,0,6
2023-05-16-046,2023-05-16T10:07:04+00:00,35. Návrh na přidělení státní dotace od Ministerstva kultury z Programu regenerace městských památkových rezervací a městských památkových zón v roce 2023 a návrh na úhradu povinného podílu města ke státní dotaci – návrh rozpočtového opatření,pass,Z9/07,46,49,0,0
2023-05-16-045,2023-05-16T10:06:21+00:00,"34. Návrh na poskytnutí neinvestiční dotace vlastníku památkově významné stavby v roce 2023 – společnosti STEKU, a. s., na akci ""Oprava části fasády budovy Jakubské náměstí 2"" – návrh rozpočtového opatření",pass,Z9/07,45,47,0,1
2023-05-16-044,2023-05-16T10:05:49+00:00,33. Návrh na poskytnutí neinvestičních dotací na zachování a obnovu kulturních památek v roce 2023 – návrh rozpočtového opatření,pass,Z9/07,44,44,0,5
2023-05-16-043,2023-05-16T10:05:14+00:00,33. Návrh na poskytnutí neinvestičních dotací na zachování a obnovu kulturních památek v roce 2023 – návrh rozpočtového opatření - body č. 5-19,pass,Z9/07,43,49,0,0
2023-05-16-042,2023-05-16T10:04:49+00:00,33. Návrh na poskytnutí neinvestičních dotací na zachování a obnovu kulturních památek v roce 2023 – návrh rozpočtového opatření - body č. 3 - 14,pass,Z9/07,42,44,0,5
2023-05-16-041,2023-05-16T10:04:19+00:00,33. Návrh na poskytnutí neinvestičních dotací na zachování a obnovu kulturních památek v roce 2023 – návrh rozpočtového opatření - body 1 a 2,pass,Z9/07,41,47,0,0
2023-05-16-040,2023-05-16T10:02:11+00:00,32. Návrh na poskytnutí neinvestiční dotace na provoz a vybavení jednotek Hasičského záchranného sboru Jihomoravského kraje; návrh veřejnoprávní smlouvy,pass,Z9/07,40,49,0,0
2023-05-16-039,2023-05-16T10:01:43+00:00,"31. Návrh na poskytnutí individuální neinvestiční dotace na projekt Kulturní festival „100 let Slovaňáku na Slovaňáku""",pass,Z9/07,39,49,0,0
2023-05-16-038,2023-05-16T10:01:13+00:00,30. Návrh na poskytnutí individuální neinvestiční dotace na projekt Prima FRESH festival Brno,pass,Z9/07,38,47,0,0
2023-05-16-037,2023-05-16T10:00:45+00:00,29. Návrh na poskytnutí neinvestičních dotací na podporu významných sportovních akcí konaných ve městě Brně v roce 2023 – návrh rozpočtového opatření,pass,Z9/07,37,47,0,0
2023-05-16-036,2023-05-16T10:00:11+00:00,"28. Návrh na změnu části usnesení a části přílohy č.10a zápisu Zastupitelstva města Brna č. Z9/04 konaného dne 24.1.2023, bod č.17 – „Poskytnutí neinvestičních dotací na podporu provozu sportovišť pro rok 2023“ ve vztahu ke spolku Český střelecký svaz, z. s.",pass,Z9/07,36,48,0,0
2023-05-16-035,2023-05-16T09:59:26+00:00,27. Návrh na poskytnutí neinvestičních dotací na podporu mládežnického sportu pro rok 2023 - návrh rozpočtového opatření,pass,Z9/07,35,48,0,0
2023-05-16-034,2023-05-16T09:58:56+00:00,26. Návrh na poskytnutí individuálních neinvestičních a investičních dotací pro oblast tělovýchovy a sportu na rok 2023 – návrh rozpočtového opatření,pass,Z9/07,34,50,0,0
2023-05-16-033,2023-05-16T09:58:24+00:00,"25. Návrh na poskytnutí individuální investiční dotace společnosti STAREZ-SPORT, a. s., na realizaci projektu – Navýšení sociálního zázemí, Městský baseballový stadion – návrh rozpočtového opatření",pass,Z9/07,33,48,0,1
2023-05-16-032,2023-05-16T09:56:28+00:00,"24. Návrh na poskytnutí individuální investiční dotace společnosti STAREZ-SPORT, a. s., na realizaci projektu – Rekonstrukce střechy haly Rondo – návrh rozpočtového opatření",pass,Z9/07,32,47,0,1
2023-05-16-031,2023-05-16T09:54:43+00:00,"23. Návrh na poskytnutí finančního daru spolku Městský sportovní klub Brno, z. s., na podporu brněnských olympioniků – sportovců seniorů pro rok 2023 – návrh rozpočtového opatření",pass,Z9/07,31,47,0,0
2023-05-16-030,2023-05-16T09:54:11+00:00,"22. Návrh na poskytnutí individuální investiční dotace z rozpočtu města Brna na realizaci náhrobku doc Dr. Ing. Jaroslava Kříženeckého, DrSc. – návrh smlouvy, návrh rozpočtového opatření",pass,Z9/07,30,49,0,0
2023-05-16-029,2023-05-16T09:53:41+00:00,21. Žádosti o poskytnutí individuálních dotací z rozpočtu města Brna v oblasti kultury,pass,Z9/07,29,37,0,10
2023-05-16-028,2023-05-16T09:53:07+00:00,"20. Zapojení Fondu rezerv a rozvoje v souvislosti s poskytnutím účelového neinvestičního příspěvku Národnímu divadlu Brno, příspěvkové organizaci v roce 2023 – návrh rozpočtového opatření",pass,Z9/07,28,49,0,0
2023-05-16-027,2023-05-16T09:52:36+00:00,"19. Zapojení Fondu rezerv a rozvoje v souvislosti s poskytnutím účelového neinvestičního příspěvku TIC BRNO, příspěvkové organizaci v roce 2023 – návrh rozpočtového opatření",pass,Z9/07,27,44,0,5
2023-05-16-026,2023-05-16T09:51:25+00:00,18. Zapojení Fondu rezerv a rozvoje v souvislosti s navýšením rozpočtu kapitálových výdajů Odboru investičního MMB v roce 2023 – návrh rozpočtového opatření,pass,Z9/07,26,42,1,4
2023-05-16-025,2023-05-16T09:50:55+00:00,17. Zapojení Fondu rezerv a rozvoje v souvislosti s propagací statutárního města Brna na akci festival Brněnský Majáles – návrh rozpočtového opatření,pass,Z9/07,25,38,7,2
2023-05-16-024,2023-05-16T09:48:41+00:00,16. Zapojení vyšších příjmů Odboru strategického rozvoje a spolupráce MMB na úhradu faktur za energie a služby Vysokému učení technickému v Brně – návrh rozpočtového opatření,pass,Z9/07,24,49,0,0
2023-05-16-023,2023-05-16T09:48:10+00:00,15. Aktualizace rozpočtu běžných a kapitálových výdajů Odboru dopravy MMB a rozpočtu běžných a kapitálových výdajů Fondu mobility – květen 2023 – návrh rozpočtového opatření,pass,Z9/07,23,42,0,6
2023-05-16-022,2023-05-16T09:47:35+00:00,14. Aktualizace rozpočtu Odboru investičního MMB a Plánu nákladů a výnosů vedlejší hospodářské činnosti města Brna – květen 2023 – návrh rozpočtového opatření,pass,Z9/07,22,42,0,6
2023-05-16-021,2023-05-16T09:47:02+00:00,"13. Aktualizace rozpočtu akcí zajišťovaných společností Brněnské vodárny a kanalizace, a. s.– květen 2023 – návrh rozpočtového opatření",pass,Z9/07,21,49,0,0
2023-05-16-020,2023-05-16T09:46:27+00:00,12. Výsledky hospodaření statutárního města Brna za I. čtvrtletí roku 2023,pass,Z9/07,20,43,0,6
2023-05-16-019,2023-05-16T09:45:56+00:00,"11. Návrh změn rozpočtů účelových fondů a veřejných sbírek města Brna, návrh rozpočtových opatření v souvislosti s finančním vypořádáním rozpočtu města Brna za rok 2022",pass,Z9/07,19,42,0,7
2023-05-16-018,2023-05-16T09:45:21+00:00,"10. Návrh závěrečného účtu statutárního města Brna za rok 2022, návrh účetní závěrky statutárního města Brna za rok 2022",pass,Z9/07,18,42,2,5
2023-05-16-017,2023-05-16T09:44:46+00:00,9. Návrh aktualizovaného znění Memoranda o spolupráci v rámci Koordinovaného přístupu k sociálnímu vyloučení 2021+,pass,Z9/07,17,43,0,4
2023-05-16-016,2023-05-16T09:44:21+00:00,9. Návrh aktualizovaného znění Memoranda o spolupráci v rámci Koordinovaného přístupu k sociálnímu vyloučení 2021+ - hlasování o návrhu p. Hollana,fail,Z9/07,16,4,7,20
2023-05-16-015,2023-05-16T09:43:55+00:00,9. Návrh aktualizovaného znění Memoranda o spolupráci v rámci Koordinovaného přístupu k sociálnímu vyloučení 2021+ - hlasování o návrhu p. Hollana,fail,Z9/07,15,5,6,19
2023-05-16-014,2023-05-16T09:25:48+00:00,"8. Návrh Dodatku č. 5 ke zřizovací listině Veřejné zeleně města Brna, příspěvkové organizace",pass,Z9/07,14,49,0,0
2023-05-16-013,2023-05-16T09:25:19+00:00,"7. Návrh obecně závazné vyhlášky statutárního města Brna, kterou se mění a doplňuje obecně závazná vyhláška statutárního města Brna č. 11/2017, o nočním klidu, ve znění pozdějších vyhlášek",pass,Z9/07,13,49,0,0
2023-05-16-012,2023-05-16T09:23:39+00:00,6. Přehled účastí na schůzích výborů ZMB,pass,Z9/07,12,49,0,0
2023-05-16-011,2023-05-16T08:34:41+00:00,5. Volba člena/členky Výboru pro národnostní menšiny Zastupitelstva města Brna - volba člena/členky - pí Kristýna Fuchsová,fail,Z9/07,11,16,1,18
2023-05-16-010,2023-05-16T08:30:22+00:00,5. Volba člena/členky Výboru pro národnostní menšiny Zastupitelstva města Brna - volba člena/členky - pí Kristýna Fuchsová,fail,Z9/07,10,15,1,16
2023-05-16-009,2023-05-16T08:29:13+00:00,5. Volba člena/členky Výboru pro národnostní menšiny Zastupitelstva města Brna - volba člena/členky - pí Kristýna Fuchsová,fail,Z9/07,9,17,5,15
2023-05-16-008,2023-05-16T08:28:36+00:00,5. Volba člena/členky Výboru pro národnostní menšiny Zastupitelstva města Brna - volba člena/členky - p. Oleg Beznosik,pass,Z9/07,8,31,3,9
2023-05-16-007,2023-05-16T08:21:47+00:00,5. Volba člena/členky Výboru pro národnostní menšiny Zastupitelstva města Brna - volba volební komise,pass,Z9/07,7,49,0,0
2023-05-16-006,2023-05-16T08:19:23+00:00,5. Volba člena/členky Výboru pro národnostní menšiny Zastupitelstva města Brna - bere na vědomí,pass,Z9/07,6,49,0,0
2023-05-16-005,2023-05-16T08:15:53+00:00,"1. Technický bod (zapisovatelé, právní asistence, ověřovatelé zápisu, schválení programu zasedání ZMB) - program",pass,Z9/07,5,47,1,1
2023-05-16-004,2023-05-16T08:15:32+00:00,"1. Technický bod (zapisovatelé, právní asistence, ověřovatelé zápisu, schválení programu zasedání ZMB) - program - hlasování o návrhu Bc. Hollana na zařazení bodu – Stanovisko Zastupitelstva města Brna k budoucímu působení Univerzitního kina Scala a Divadla Bolka Polívky v současných městských prostorech",fail,Z9/07,4,9,3,27
2023-05-16-003,2023-05-16T08:14:54+00:00,"1. Technický bod (zapisovatelé, právní asistence, ověřovatelé zápisu, schválení programu zasedání ZMB) - program - hlasování o zařazení bodu č. 117, 118",pass,Z9/07,3,48,0,0
2023-05-16-002,2023-05-16T08:14:28+00:00,"1. Technický bod (zapisovatelé, právní asistence, ověřovatelé zápisu, schválení programu zasedání ZMB) - program - hlasování o stažení bodu č. 104 a 108",pass,Z9/07,2,47,0,1
2023-05-16-001,2023-05-16T08:10:57+00:00,"1. Technický bod (zapisovatelé, právní asistence, ověřovatelé zápisu, schválení programu zasedání ZMB) - ověřovatelé zápisu",pass,Z9/07,1,46,0,0
2023-04-04-100,2023-04-04T15:50:39+00:00,"112. Návrh zástupců statutárního města Brna do představenstva a dozorčí rady obchodní společnosti Brněnské vodárny a kanalizace, a. s.",pass,Z9/06,100,34,0,10
2023-04-04-099,2023-04-04T15:49:59+00:00,"110. Zapojení Fondu rezerv a rozvoje – návrh na poskytnutí bezúročné zápůjčky z rozpočtu města Brna městské části Brno-Židenice na dokončení rekonstrukce objektu Šámalova 2411/10, Brno, návrh rozpočtového opatření",pass,Z9/06,99,38,0,4
2023-04-04-098,2023-04-04T15:49:25+00:00,109. Návrh Dodatku č. 2 ke Smlouvě o výstavbě veřejné infrastruktury „Soubor staveb Západní brána Brno“ ve znění dodatku č. 1 ze dne 12. 10. 2022,pass,Z9/06,98,38,0,5
2023-04-04-097,2023-04-04T15:48:53+00:00,108. Návrh Smlouvy o spolupráci při výstavbě veřejné infrastruktury„Polyfunkční dům Otakara Ševčíka 77“,pass,Z9/06,97,44,0,0
2023-04-04-096,2023-04-04T15:48:24+00:00,Body č. 100-107,pass,Z9/06,96,37,0,7
2023-04-04-095,2023-04-04T15:46:58+00:00,"99. Návrh vzdání se práva na část nájemného za užívání nebytové jednotky č. 127/1 v budově Jakubské nám. 5/Moravské nám. 3, k. ú. Město Brno",pass,Z9/06,95,42,0,1
2023-04-04-094,2023-04-04T15:46:25+00:00,"98. Návrh svěření majetku města městské části Brno-Židenice, pozemku p. č. 3693 v k. ú. Židenice",pass,Z9/06,94,41,0,1
2023-04-04-093,2023-04-04T15:45:57+00:00,97. Návrh směny části pozemku p. č. 45/4 za část pozemku p. č. 43 a pozemku p. č. 44 k. ú. Ořešín,pass,Z9/06,93,43,0,0
2023-04-04-092,2023-04-04T15:45:31+00:00,"96. Návrh směny části pozemku p. č. 1691/1 za pozemky p. č. 1691/101 a p. č. 1691/103, vše v k. ú. Černovice",pass,Z9/06,92,38,0,4
2023-04-04-091,2023-04-04T15:45:05+00:00,"95. Návrh směny pozemku a části pozemku v k. ú. Soběšice se společností COMMERCIAL SERVICE K + K, s. r. o.",pass,Z9/06,91,39,0,3
2023-04-04-090,2023-04-04T15:44:37+00:00,"94. Návrh směny pozemků v k. ú. Zábrdovice při křižovatce ulic Milady Horákové a Koliště – návrh na setrvání na části usnesení Zastupitelstva města Brna Z8/36. konaného dne 1.3.2022, bod č. 120",pass,Z9/06,90,38,0,4
2023-04-04-089,2023-04-04T15:44:06+00:00,93. Záměr dispozice s pozemkem p. č. 1848/43 v k. ú. Starý Lískovec,pass,Z9/06,89,40,0,4
2023-04-04-088,2023-04-04T15:43:37+00:00,"92. Nabídka předkupního práva ke stavbě č.e. 329, způsob využití rodinná rekreace, postavené na pozemku p. č. 1124/11 v k. ú. Horní Heršpice",pass,Z9/06,88,40,0,4
2023-04-04-087,2023-04-04T15:43:07+00:00,Body č. 88 - 91,pass,Z9/06,87,40,0,0
2023-04-04-086,2023-04-04T15:42:00+00:00,Body č. 82 - 87,pass,Z9/06,86,42,0,0
2023-04-04-085,2023-04-04T15:41:29+00:00,81.Záměr nabytí pozemků v k. ú. Královo Pole z vlastnictví České republiky – Ministerstva obrany do vlastnictví statutárního města Brna,pass,Z9/06,85,37,0,4
2023-04-04-084,2023-04-04T15:40:55+00:00,Body č. 79-80,pass,Z9/06,84,40,0,0
2023-04-04-083,2023-04-04T15:39:53+00:00,"78. Návrh budoucího prodeje částí pozemků p. č. 1005, 1114/1, oba v k. ú. Komárov",pass,Z9/06,83,40,0,0
2023-04-04-082,2023-04-04T13:00:04+00:00,Body č. 74 a 75,pass,Z9/06,82,50,0,0
2023-04-04-081,2023-04-04T12:59:35+00:00,"73. Návrh prodeje pozemků p. č. 3881 a p. č. 3882/2, k. ú. Královo Pole",pass,Z9/06,81,48,0,3
2023-04-04-080,2023-04-04T12:59:12+00:00,72. Návrh prodeje pozemku p. č. 1474 v k. ú. Královo Pole,pass,Z9/06,80,49,0,0
2023-04-04-079,2023-04-04T12:58:18+00:00,"71. Návrh na vypořádání podílového spoluvlastnictví k pozemkům p. č. 3328, 3329 v k. ú. Řečkovice formou reálného rozdělení pozemků",pass,Z9/06,79,47,0,0
2023-04-04-078,2023-04-04T12:57:49+00:00,70. Změna průběhu části katastrální hranice mezi katastrálním územím Pisárky a katastrálním územím Nový Lískovec a návrh na udělení předchozího souhlasu s uzavřením dohody o změně části hranice městských částí Brno – Nový Lískovec a Brno-Kohoutovice,pass,Z9/06,78,50,0,0
2023-04-04-077,2023-04-04T12:57:17+00:00,"69. Návrh dispozice s rodinným domem Heinrichova 4, Brno, včetně pozemků",pass,Z9/06,77,42,0,9
2023-04-04-076,2023-04-04T12:46:03+00:00,68. Družstevní bydlení pro mladé – rozhodnutí o námitce proti vyřazení z projektu,pass,Z9/06,76,49,0,0
2023-04-04-075,2023-04-04T12:45:33+00:00,"67. Návrh na změnu protokolu o zápůjčce z Fondu bytové výstavby – změna výše splátek zápůjčky městské části Brno-střed, návrh rozpočtového opatření",pass,Z9/06,75,47,0,0
2023-04-04-074,2023-04-04T12:45:05+00:00,66. Žádost městské části Brno-Židenice o souhlas s použitím části kladného výsledku hospodaření z vedlejší hospodářské činnosti - bytové hospodářství k jinému účelu - smuteční síň,pass,Z9/06,74,41,0,6
2023-04-04-073,2023-04-04T12:44:35+00:00,66. Žádost městské části Brno-Židenice o souhlas s použitím části kladného výsledku hospodaření z vedlejší hospodářské činnosti - bytové hospodářství k jinému účelu - ZŠ Gajdošova,pass,Z9/06,73,43,0,5
2023-04-04-072,2023-04-04T12:33:01+00:00,"65. Projekt ""Nový domov“ – návrh dodatku č. 2 ke smlouvě o poskytnutí návratné finanční výpomoci",pass,Z9/06,72,51,0,0
2023-04-04-071,2023-04-04T12:32:33+00:00,"64. Projekt ""Rekonstrukce strojovny chlazení – Hala Rondo"" – návrh dodatku č. 2 ke smlouvě o poskytnutí účelové investiční dotace",pass,Z9/06,71,46,0,0
2023-04-04-070,2023-04-04T12:32:06+00:00,"63. Projekt ""EXCLAIM – Exploiting the potential of Clean and Automated Solutions for climate neutral cities"" – účast na projektu",pass,Z9/06,70,45,0,5
2023-04-04-069,2023-04-04T12:31:37+00:00,"62. Projekt “Strengthening metropolitan cooperation and governance in central Europe” – návrh partnerské smlouvy, změna parametrů posouzení projektu",pass,Z9/06,69,42,0,5
2023-04-04-068,2023-04-04T12:31:04+00:00,"61. Projekt ""ZŠ Gajdošova 3, druhá etapa""– změna parametrů posouzení projektu",pass,Z9/06,68,50,0,0
2023-04-04-067,2023-04-04T12:30:34+00:00,"60. Projekt ""Řízení ITI BMO 5"" – posouzení projektu",pass,Z9/06,67,49,0,0
2023-04-04-066,2023-04-04T12:30:03+00:00,"59. Projekt ""Modernizace kuchyně a jídelny ZŠ Pastviny"" – posouzení projektu",pass,Z9/06,66,48,0,0
2023-04-04-065,2023-04-04T12:29:33+00:00,"58. Projekt ""Přístavba a modernizace MŠ Michalova"" – posouzení projektu, návrh rozpočtového opatření",pass,Z9/06,65,48,0,0
2023-04-04-064,2023-04-04T12:23:40+00:00,"57. Projekt ""Programové zabydlování domácností v?bytové nouzi metodou Critical Time Intervention a implementace Městské nájemní agentury"" – rozhodnutí o poskytnutí dotace",pass,Z9/06,64,46,0,5
2023-04-04-063,2023-04-04T12:21:12+00:00,"56. Projekt ""MŠ Štouračova – výměna tepelných zdrojů"" – rozhodnutí o poskytnutí dotace",pass,Z9/06,63,50,0,0
2023-04-04-062,2023-04-04T12:20:40+00:00,55. Finanční prostředky Fondu kofinancování projektů – duben 2023 – návrh rozpočtového opatření,pass,Z9/06,62,45,0,5
2023-04-04-061,2023-04-04T12:20:10+00:00,"54. Zpětvzetí žaloby a vzdání se práva na náhradu nákladů řízení ve věci nyní vedené u Městského soudu v Brně pod sp. zn. 49 C 139/2019, o určení neplatnosti odvolání ředitelky Mateřské školy, Brno, nám. Svornosti 8, příspěvkové organizace",pass,Z9/06,61,50,0,0
2023-04-04-060,2023-04-04T12:19:35+00:00,53. Vzdání se práva obce na plnění vyplývající z uplatnění inflační doložky u nájemních smluv v působnosti Odboru sportu MMB,pass,Z9/06,60,51,0,0
2023-04-04-059,2023-04-04T12:19:06+00:00,52. Záměr uzavření dohod o provedení práce s členy ZMB pro hodnocení žádostí o dotace v oblasti kultury,pass,Z9/06,59,47,0,2
2023-04-04-058,2023-04-04T12:18:08+00:00,51. Výuka hry na hudební nástroje na základních školách v sociálně vyloučených lokalitách – návrh na prodloužení termínu vyúčtování,pass,Z9/06,58,43,0,5
2023-04-04-057,2023-04-04T12:17:14+00:00,"50. Návrh Dodatku č. 1 ke Smlouvě o poskytnutí investičního příspěvku ""Bytový komplex Moravanské lány""",pass,Z9/06,57,44,0,5
2023-04-04-056,2023-04-04T12:16:45+00:00,"49. Návrh smlouvy o poskytnutí víceleté individuální dotace z rozpočtu města Brna v oblasti kultury v letech 2023 – 2025 ÚSTAVu K 2001, z. ú. – návrh rozpočtového opatření",pass,Z9/06,56,50,0,0
2023-04-04-055,2023-04-04T12:16:13+00:00,48. „Návrh na poskytnutí individuální investiční dotace z rozpočtu města Brna na realizaci památníku deportovaným občanům z města Brna a okolních obcí v době nacistické okupace na 5. nástupišti hlavního nádraží; návrh rozpočtového opatření“,pass,Z9/06,55,45,0,4
2023-04-04-054,2023-04-04T12:15:36+00:00,47. Návrh na poskytnutí individuální neinvestiční dotace na projekt Provoz botanické zahrady Přírodovědecké fakulty Masarykovy univerzity v roce 2023,pass,Z9/06,54,51,0,0
2023-04-04-053,2023-04-04T12:15:06+00:00,46. Návrh na poskytnutí individuální neinvestiční dotace na projekt Organizace XIX. Brněnské muzejní noci,pass,Z9/06,53,51,0,0
2023-04-04-052,2023-04-04T12:14:36+00:00,45. Návrh na poskytnutí individuální neinvestiční dotace Czechitas z. ú. na projekt „Popularizace digitálních kompetencí a jejich provázání s praxí“ – návrh rozpočtového opatření,pass,Z9/06,52,45,0,5
2023-04-04-051,2023-04-04T12:14:02+00:00,44. Návrh na poskytnutí neinvestičních dotací v rámci dotačního programu pro poskytování dotací v oblasti podpory kreativních odvětví na rok 2023 v 3. etapě – “Pro Kreativní Brno” – návrh rozpočtového opatření,pass,Z9/06,51,45,0,6
2023-04-04-050,2023-04-04T12:12:44+00:00,43. Návrh na poskytnutí neinvestičních dotací na podporu handicapovaných sportovců v roce 2023 – návrh rozpočtového opatření,pass,Z9/06,50,49,0,0
2023-04-04-049,2023-04-04T12:12:16+00:00,42. Návrh na poskytnutí individuální neinvestiční dotace Vysokému učení technickému v Brně na zabezpečení provozu atletického stadionu Pod Palackého vrchem v rámci projektu Centrum brněnské atletiky pro rok 2023 – návrh rozpočtového opatření,pass,Z9/06,49,50,0,0
2023-04-04-048,2023-04-04T12:11:39+00:00,41. Návrh na poskytnutí neinvestičních dotací organizacím národnostních menšin a organizacím působícím v oblasti etnik – návrh rozpočtového opatření,pass,Z9/06,48,42,0,6
2023-04-04-047,2023-04-04T12:10:11+00:00,"40. Návrh na poskytnutí neinvestičních dotací na projekty v programu Dotace na činnosti doplňující zdravotnické služby na území města Brna na rok 2023, návrh rozpočtového opatření",pass,Z9/06,47,49,0,0
2023-04-04-046,2023-04-04T12:09:43+00:00,"39. Návrh na poskytnutí neinvestičních dotací na projekty v programu Dotace na aktivity v oblasti podpory neformálních pečovatelů na rok 2023, návrh rozpočtového opatření",pass,Z9/06,46,44,0,5
2023-04-04-045,2023-04-04T12:09:12+00:00,"38. Návrh na poskytnutí neinvestičních dotací na projekty v programu Dotace na podporu prevence násilí v rodině – problematika domácího násilí na rok 2023, návrh rozpočtového opatření",pass,Z9/06,45,50,0,0
2023-04-04-044,2023-04-04T12:08:42+00:00,"37. Návrh na poskytnutí neinvestičních dotací na projekty v programu „Dotace na projekty v oblasti podpory rodinné politiky“ na rok 2023, návrh rozpočtového opatření",pass,Z9/06,44,46,0,5
2023-04-04-043,2023-04-04T12:08:00+00:00,"36. Návrh na poskytnutí individuální neinvestiční dotace z rozpočtu města Brna na rok 2023 Nadačnímu fondu Proni, návrh na zrušení schválené dotace Diecézní charitě Brno na projekt ""Domácí hospic sv. Lucie"", návrh rozpočtového opatření",pass,Z9/06,43,47,5,0
2023-04-04-042,2023-04-04T12:00:20+00:00,35. Návrh na poskytnutí individuálních neinvestičních dotací pro oblast životního prostředí na rok 2023,pass,Z9/06,42,51,0,0
2023-04-04-041,2023-04-04T11:59:39+00:00,34. Zapojení Fondu rezerv a rozvoje v souvislosti s poskytnutím účelových investičních a neinvestičních transferů městským částem na projektové dokumentace a realizace ploch zeleně – návrh rozpočtového opatření,pass,Z9/06,41,44,0,6
2023-04-04-040,2023-04-04T11:59:05+00:00,33. Návrh na poskytnutí investičních dotací v rámci dotačního programu Podpora využití srážkové vody,pass,Z9/06,40,48,0,0
2023-04-04-039,2023-04-04T11:58:38+00:00,32. Návrh na poskytnutí investičních dotací v rámci dotačního programu Podpora vytváření zelených střech,pass,Z9/06,39,46,0,5
2023-04-04-038,2023-04-04T11:58:10+00:00,"31. Návrh na poskytnutí individuální investiční dotace společnosti CD CENTRUM COMS, a. s.– návrh rozpočtového opatření, návrh přípravy pilotního projektu Dostupné družstevní bydlení – stávající domy, Mostecká 16",pass,Z9/06,38,40,0,9
2023-04-04-037,2023-04-04T11:51:14+00:00,30. Návrh na poskytnutí účelových investičních dotací v programu Zkvalitnění zařízení a vybavení pro volný čas v roce 2023 – návrh rozpočtového opatření,pass,Z9/06,37,51,0,0
2023-04-04-036,2023-04-04T11:50:40+00:00,29. Návrh na poskytnutí neinvestičních příspěvků základním školám na zajištění základní plavecké výuky žáků základních škol – návrh rozpočtového opatření,pass,Z9/06,36,49,0,0
2023-04-04-035,2023-04-04T11:50:13+00:00,28. Návrh na poskytnutí neinvestičních příspěvků školám a školským zařízením na podporu dietního stravování ve městě Brně na rok 2023 – návrh rozpočtového opatření,pass,Z9/06,35,49,0,0
2023-04-04-034,2023-04-04T11:49:43+00:00,"27. Návrh na poskytnutí účelového neinvestičního příspěvku Základní škole a Mateřské škole Brno, Merhautova 37, příspěvkové organizaci a zajištění finančních prostředků pro koordinátory na projekt OnStage Brno – návrh rozpočtového opatření",pass,Z9/06,34,43,0,6
2023-04-04-033,2023-04-04T11:38:31+00:00,"26. Kancelář architekta města Brna, příspěvková organizace – návrh na změnu účelu využití části účelového investičního transferu, návrh rozpočtového opatření",pass,Z9/06,33,42,0,6
2023-04-04-032,2023-04-04T11:38:00+00:00,25. Návrh na změnu účelu použití investičního transferu městské části Brno-Vinohrady – návrh rozpočtového opatření,pass,Z9/06,32,49,0,0
2023-04-04-031,2023-04-04T11:37:29+00:00,24. Návrh rozpočtového opatření v souvislosti s realizací pamětní desky Tomáše Šilingera,pass,Z9/06,31,48,0,0
2023-04-04-030,2023-04-04T11:37:00+00:00,23. Návrh rozpočtového opatření – aktualizace rozpočtu Odboru participace MMB,pass,Z9/06,30,47,0,4
2023-04-04-029,2023-04-04T11:36:30+00:00,22. Návrh na použití zdrojů Fondu mobility – návrh rozpočtového opatření - 2. odr.,pass,Z9/06,29,51,0,0
2023-04-04-028,2023-04-04T11:36:08+00:00,22. Návrh na použití zdrojů Fondu mobility – návrh rozpočtového opatření,pass,Z9/06,28,49,0,0
2023-04-04-027,2023-04-04T11:35:39+00:00,22. Návrh na použití zdrojů Fondu mobility – návrh rozpočtového opatření - Cyklocargo překladiště,pass,Z9/06,27,44,5,2
2023-04-04-026,2023-04-04T11:22:28+00:00,"21. Zapojení Veřejné sbírky na činnost Útulku pro opuštěná zvířata a odchytové a asanační služby Městské policie Brno, návrh rozpočtového opatření",pass,Z9/06,26,52,0,0
2023-04-04-025,2023-04-04T11:21:58+00:00,20. Zapojení vyšších příjmů Odboru strategického rozvoje a spolupráce MMB na úhradu faktur za energie a služby Vysokému učení technickému v Brně – návrh rozpočtového opatření,pass,Z9/06,25,53,0,0
2023-04-04-024,2023-04-04T11:21:29+00:00,"19. Zapojení Fondu rezerv a rozvoje, poskytnutí účelového neinvestičního transferu městské části Brno-Medlánky na památkovou obnovu zvonice Kytnerova – návrh rozpočtového opatření",pass,Z9/06,24,50,0,0
2023-04-04-023,2023-04-04T11:20:55+00:00,"18. Zapojení Fondu rezerv a rozvoje v souvislosti s předfinancováním doplatku grantu v souladu s Grantovou dohodou pro projekt s více příjemci v rámci programu ERASMUS+, – návrh rozpočtového opatření",pass,Z9/06,23,51,0,0
2023-04-04-022,2023-04-04T11:20:21+00:00,"17. Zapojení Fondu rezerv a rozvoje v souvislosti s poskytnutím účelového neinvestičního příspěvku Muzeu města Brna, příspěvkové organizaci, na zajištění projektu ""Výstava Eliška Rejčka – 700 let"" v roce 2023, návrh rozpočtového opatření",pass,Z9/06,22,53,0,0
2023-04-04-021,2023-04-04T11:19:48+00:00,16. Zapojení Fondu rezerv a rozvoje v souvislosti s poskytnutím účelových neinvestičních transferů městským částem na nárůst cen energií škol a školských zařízení zřizovaných statutárním městem Brnem-městskými částmi-návrh rozpočtového opatření,pass,Z9/06,21,53,0,0
2023-04-04-020,2023-04-04T11:19:15+00:00,15. Zapojení Fondu rezerv a rozvoje v souvislosti s poskytnutím individuální účelové neinvestiční dotace Diecézní charitě Brno – návrh rozpočtového opatření,pass,Z9/06,20,48,0,5
2023-04-04-019,2023-04-04T11:12:25+00:00,"14. Realizace participativního rozpočtu města Brna na nemovitých věcech ve vlastnictví řízených osob – návrh předchozího souhlasu s udělením koncernového pokynu, návrh Zásad a Metodiky participativního rozpočtu statutárního města Brna",pass,Z9/06,19,42,0,6
2023-04-04-018,2023-04-04T11:11:51+00:00,13. Schválené rozpočty na rok 2023 příspěvkových organizací zřízených městem Brnem,pass,Z9/06,18,38,0,6
2023-04-04-017,2023-04-04T11:11:18+00:00,12. Souhrnný rozpočet statutárního města Brna na rok 2023,pass,Z9/06,17,38,0,6
2023-04-04-016,2023-04-04T11:10:48+00:00,11. Návrh na zapojení statutárního města Brna do mezinárodní sítě Culture Next Cities Network,pass,Z9/06,16,37,0,6
2023-04-04-015,2023-04-04T10:31:47+00:00,10. Návrh změny statutu Fondu mobility,pass,Z9/06,15,47,2,2
2023-04-04-014,2023-04-04T10:31:25+00:00,10. Návrh změny statutu Fondu mobility - hlasování o návrhu pí Flamikové,fail,Z9/06,14,3,1,37
2023-04-04-013,2023-04-04T10:30:58+00:00,10. Návrh změny statutu Fondu mobility - hlasování o návrhu pí Flamikové,fail,Z9/06,13,7,1,34
2023-04-04-012,2023-04-04T10:18:30+00:00,"9. Návrh změny stanov obchodní společnosti CD CENTRUM COMS, a. s.",pass,Z9/06,12,52,0,0
2023-04-04-011,2023-04-04T10:18:02+00:00,8. Dodatky ke zřizovacím listinám příspěvkových organizací zřízených městem v působnosti Odboru zdraví Magistrátu města Brna,pass,Z9/06,11,53,0,0
2023-04-04-010,2023-04-04T10:17:32+00:00,"7. Návrh obecně závazné vyhlášky statutárního města Brna, kterou se mění a doplňuje obecně závazná vyhláška statutárního města Brna č. 11/2017, o nočním klidu, ve znění pozdějších vyhlášek",pass,Z9/06,10,49,0,2
2023-04-04-009,2023-04-04T10:16:57+00:00,"6. Návrh obecně závazné vyhlášky statutárního města Brna, kterou se mění a doplňuje obecně závazná vyhláška statutárního města Brna č. 20/2001, kterou se vydává Statut města Brna, ve znění pozdějších vyhlášek",pass,Z9/06,9,50,0,0
2023-04-04-008,2023-04-04T10:13:50+00:00,113. Zpráva o realokaci Divadla Bolka Polívky,pass,Z9/06,8,46,1,5
2023-04-04-007,2023-04-04T10:13:18+00:00,113. Zpráva o realokaci Divadla Bolka Polívky - hlasování o návrhu p. Hollana,fail,Z9/06,7,6,7,23
2023-04-04-006,2023-04-04T08:30:46+00:00,"1. Technický bod (zapisovatelé, právní asistence, ověřovatelé zápisu, schválení programu zasedání ZMB) - program",pass,Z9/06,6,51,1,0
2023-04-04-005,2023-04-04T08:30:17+00:00,"1. Technický bod (zapisovatelé, právní asistence, ověřovatelé zápisu, schválení programu zasedání ZMB) - program- hlasování o návrhu p. Hollana na zařazení bodu",fail,Z9/06,5,10,2,30
2023-04-04-004,2023-04-04T08:29:40+00:00,"1. Technický bod (zapisovatelé, právní asistence, ověřovatelé zápisu, schválení programu zasedání ZMB) - program - hlasování o návrhu pí Drápalové na zařazení bodu č. 114",fail,Z9/06,4,17,1,28
2023-04-04-003,2023-04-04T08:28:58+00:00,"1. Technický bod (zapisovatelé, právní asistence, ověřovatelé zápisu, schválení programu zasedání ZMB) - program - hlasování o zařazení bodu č. 110, 112, 113",pass,Z9/06,3,52,0,0
2023-04-04-002,2023-04-04T08:28:32+00:00,"1. Technický bod (zapisovatelé, právní asistence, ověřovatelé zápisu, schválení programu zasedání ZMB) - program - hlasování o stažení bodu č. 76 a 77",pass,Z9/06,2,50,0,0
2023-04-04-001,2023-04-04T08:12:05+00:00,"1. Technický bod (zapisovatelé, právní asistence, ověřovatelé zápisu, schválení programu zasedání ZMB) - ověřovatelé zápisu",pass,Z9/06,1,48,0,0
2023-02-28-106,2023-02-28T11:18:33+00:00,131. Oznámení o vzdání se funkce přísedící Městského soudu v Brně,pass,Z9/05,106,50,0,0
2023-02-28-105,2023-02-28T11:18:02+00:00,"130. Návrh na poskytnutí bezúročné zápůjčky z rozpočtu města Brna městské části Brno-Komín za účelem nabytí pozemků p. č. 131/1, 131/2, 131/3 a 132, k. ú. Komín, obec Brno, návrh rozpočtového opatření",pass,Z9/05,105,42,0,5
2023-02-28-104,2023-02-28T11:13:10+00:00,"127. Návrh na změnu části usnesení Z8/39. zasedání ZMB konaného dne 21. 6. 2022, bod 208 Nabídka na využití předkupního práva dle § 101 stavebního zákona k pozemkům v k. ú. Brněnské Ivanovice, Návrh Smlouvy o spolupráci „Nová Kaštanová“",pass,Z9/05,104,42,0,5
2023-02-28-103,2023-02-28T11:12:26+00:00,124. Návrh Smlouvy o spolupráci při výstavbě veřejné infrastruktury „KOMPLEX PONAVA“,pass,Z9/05,103,44,0,2
2023-02-28-102,2023-02-28T11:11:43+00:00,123. Návrh Smlouvy o spolupráci při výstavbě veřejné infrastruktury „Protipovodňová opatření lokality Leskava – levý i pravý břeh nad mostem Havránkova“,pass,Z9/05,102,39,0,5
2023-02-28-101,2023-02-28T10:30:03+00:00,122. Návrh smlouvy o spolupráci při realizaci stavebních záměrů v lokalitě Tuřany – Holásky,pass,Z9/05,101,44,0,6
2023-02-28-100,2023-02-28T10:29:35+00:00,"121. Záměr dispozice s pozemky p. č. 3754/12, 3754/22, 3754/24, 3756, vše v k. ú. Královo Pole z vlastnictví České republiky – Ministerstva obrany do vlastnictví statutárního města Brna",pass,Z9/05,100,46,0,6
2023-02-28-099,2023-02-28T10:26:18+00:00,"120. Návrh na zrušení usnesení zasedání ZMB č. Z9/03, konaného dne 13. 12. 2022, bod č. 83 a návrh směny pozemků v k. ú. Komárov pro stavbu „Tramvaj Plotní – soubor staveb – etapa 2-4“ - 2. schvaluje",pass,Z9/05,99,44,0,5
2023-02-28-098,2023-02-28T10:25:54+00:00,"120. Návrh na zrušení usnesení zasedání ZMB č. Z9/03, konaného dne 13. 12. 2022, bod č. 83 a návrh směny pozemků v k. ú. Komárov pro stavbu „Tramvaj Plotní – soubor staveb – etapa 2-4“ -1. ruší",pass,Z9/05,98,52,0,0
2023-02-28-097,2023-02-28T10:24:53+00:00,"119. Návrh směny části a celých pozemků v k. ú. Nový Lískovec, návrh nabytí spoluvlastnického podílu na pozemcích v k. ú. Nový Lískovec, pro strategický projekt „Bytová výstavba v lokalitě Kamenný vrch II“, návrh rozpočtového opatření",pass,Z9/05,97,52,0,0
2023-02-28-096,2023-02-28T10:24:05+00:00,"119. Návrh směny části a celých pozemků v k. ú. Nový Lískovec, návrh nabytí spoluvlastnického podílu na pozemcích v k. ú. Nový Lískovec, pro strategický projekt „Bytová výstavba v lokalitě Kamenný vrch II“, návrh rozpočtového opatření",pass,Z9/05,96,49,1,0
2023-02-28-095,2023-02-28T10:23:24+00:00,"118. Návrh směny pozemků p. č. 4445/12, 4420/2, částí pozemků p. č. 4445/16, 4444, 4420/1, 4421/2, 4422/114 v k. ú. Líšeň",pass,Z9/05,95,50,0,0
2023-02-28-094,2023-02-28T10:22:54+00:00,"117. Nabídka předkupního práva ke spoluvlastnickému podílu o velikosti id. 1/2 na stavbě bez č. p./č. e., způsob využití garáž, postavené na pozemku p. č. 4730 v k. ú. Komín",pass,Z9/05,94,52,0,0
2023-02-28-093,2023-02-28T10:22:24+00:00,"116. Nabídka předkupního práva ke stavbám bez č. p./č. e., způsob využití garáže, postaveným na pozemcích p. č. 285/45, 211/28, 212 až 241, 243 až 247, 257 až 284, 285/11, 285/14 až 285/50, 285/52 až 285/81 a 285/124, vše v k. ú. Žabovřesky - var. A",pass,Z9/05,93,43,1,8
2023-02-28-092,2023-02-28T10:21:34+00:00,Body č. 114 a 115,pass,Z9/05,92,52,0,0
2023-02-28-091,2023-02-28T10:21:01+00:00,"113. Nabídka předkupního práva ke stavbě bez č. p./č. e., způsob využití garáž, postavené na pozemku p. č. 5484 v k. ú. Královo Pole",pass,Z9/05,91,44,0,5
2023-02-28-090,2023-02-28T10:20:29+00:00,"112. Nabídka předkupního práva ke stavbě bez č. p./č. e., způsob využití garáž, postavené na pozemku p. č. 1791 v k. ú. Černovice",pass,Z9/05,90,47,0,5
2023-02-28-089,2023-02-28T10:19:32+00:00,Body č. 108-111,pass,Z9/05,89,49,0,1
2023-02-28-088,2023-02-28T10:18:50+00:00,"107. Návrh darování pozemků p. č. 273/2, 273/3, oba v k. ú. Čížky, p. č. 236/5, 236/6, oba v k. ú. Kuřimské Jestřabí, p. č. 326/15, 326/20, 326/21, vše v k. ú. Vohančice Jihomoravskému kraji",pass,Z9/05,88,52,0,0
2023-02-28-087,2023-02-28T10:18:18+00:00,"106. Návrh kupní ceny za nabytí pozemku p. č. 189 v k. ú. Horní Heršpice z vlastnictví České republiky-Správy železnic, státní organizace do vlastnictví statutárního města Brna",pass,Z9/05,87,46,0,0
2023-02-28-086,2023-02-28T10:17:43+00:00,Body č. 101-104,pass,Z9/05,86,51,0,0
2023-02-28-085,2023-02-28T10:17:03+00:00,100. Návrh Dodatku č. 1 ke Smlouvě o bezúplatném převodu vlastnictví č. 1877364911 ze dne 17. 9. 2019 – Sportovně rekreační oblast Pisárky – lokalita za Anthroposem,pass,Z9/05,85,48,0,2
2023-02-28-084,2023-02-28T10:16:27+00:00,Body č. 86-99,pass,Z9/05,84,51,0,0
2023-02-28-083,2023-02-28T10:15:37+00:00,"85. Žádost o bezúplatný převod hrobového zařízení, návrh darovací smlouvy",pass,Z9/05,83,50,0,0
2023-02-28-082,2023-02-28T10:15:02+00:00,Body č. 81-84,pass,Z9/05,82,52,0,0
2023-02-28-081,2023-02-28T10:14:30+00:00,80. Návrh prodeje pozemku p. č. 2650/1 k. ú. Řečkovice,pass,Z9/05,81,46,0,6
2023-02-28-080,2023-02-28T10:13:57+00:00,79. Návrh prodeje pozemku p. č. 226/1 k. ú. Maloměřice,pass,Z9/05,80,47,0,5
2023-02-28-079,2023-02-28T10:13:00+00:00,"78. Prodej podílu statutárního města Brna na pozemcích p. č. 7190/158, p. č. 7190/159, p. č. 7190/165, k. ú. Bystrc, zřízení služebnosti – návrh na změnu přílohy č. 106b zápisu Z8/40. zasedání Zastupitelstva města Brna, konaného dne 6. 9. 2022, bod č. 140",pass,Z9/05,79,50,0,0
2023-02-28-078,2023-02-28T10:12:21+00:00,"77. Prodej podílu statutárního města Brna na pozemcích p. č. 7190/160, p. č. 7190/161, p. č. 7190/166, k. ú. Bystrc, zřízení služebnosti – návrh na změnu přílohy č. 105b zápisu Z8/40. zasedání Zastupitelstva města Brna, konaného dne 6. 9. 2022 bod č.139",pass,Z9/05,78,51,0,1
2023-02-28-077,2023-02-28T10:11:37+00:00,"76. Adresný záměr bezúplatného převodu spoluvlastnických podílů na bytových jednotkách domu č.p. 832 a záměr převodu podílů na pozemcích p. č. 703/6 a 703/1 v k. ú. Štýřice členům Bytového družstva Táborského nábřeží, družstvo",pass,Z9/05,77,47,0,3
2023-02-28-076,2023-02-28T10:10:46+00:00,"75. Návrh vzorové dohody o narovnání s bezúplatným převodem spoluvlastnických podílů města na bytových jednotkách domu Viniční 4340/80 členům Bytového družstva Viniční, družstvo, bezúplatné nabytí části pozemku p. č. 5804/6, o výměře 41 m2",pass,Z9/05,76,48,0,4
2023-02-28-075,2023-02-28T10:10:07+00:00,"74. Vymezení byt. jednotek a adresný záměr bezúplatného převodu spoluvlastnických podílů na 6 byt. jednotkách bytového domu č. p. 301 a budovy bez čp/če, stojících na p. č. 318/18, 318/19 v k. ú. Jehnice, Brno, členům Bytového družstva Zámezí, družstvo",pass,Z9/05,75,48,1,1
2023-02-28-074,2023-02-28T10:09:27+00:00,"73. Založení právnických osob společenství vlastníků jednotek pro domy č. p. 290,291,292,298,299,300, Brno-Jehnice – návrh na změnu příloh č. 47a,47b,47c,47d,47e,47f zápisu Z9/02. zasedání Zastupitelstva města Brna, konaného dne 15.11.2022, bod č. 60",pass,Z9/05,74,52,0,0
2023-02-28-073,2023-02-28T10:08:40+00:00,"72. Návrh na nezařazení domů v městské části Brno-sever a městské části Brno-střed do „Seznamu bytových a rodinných domů, které budou připravovány k prodeji“",pass,Z9/05,73,46,0,3
2023-02-28-072,2023-02-28T10:08:11+00:00,"72. Návrh na nezařazení domů v městské části Brno-sever a městské části Brno-střed do „Seznamu bytových a rodinných domů, které budou připravovány k prodeji“ - hlasování vč. návrhu pí Lukášové Spilkové",fail,Z9/05,72,17,4,25
2023-02-28-071,2023-02-28T10:04:01+00:00,71. Přehled bytů poskytnutých v celoměstském zájmu za 2. pololetí roku 2022,pass,Z9/05,71,51,0,0
2023-02-28-070,2023-02-28T10:03:32+00:00,"70. Projekt ""Dny bez bariér"" – návrh dodatku č. 1 ke smlouvě o poskytnutí návratné finanční výpomoci",pass,Z9/05,70,49,0,0
2023-02-28-069,2023-02-28T10:03:00+00:00,69. Projekt “Strengthening metropolitan cooperation and governance in centralEurope” – návrh smlouvy o poskytnutí podpory,pass,Z9/05,69,46,5,0
2023-02-28-068,2023-02-28T10:02:19+00:00,"68. Projekt ""ZŠ Heyrovského – výměna tepelných zdrojů"" – návrh smlouvy o poskytnutí podpory",pass,Z9/05,68,51,0,0
2023-02-28-067,2023-02-28T10:01:47+00:00,"67. Projekt ""Kotelna Kachlíkova – výměna tepelných zdrojů"" – návrh smlouvy o poskytnutí podpory",pass,Z9/05,67,51,0,0
2023-02-28-066,2023-02-28T10:01:12+00:00,"66. Projekt ""ZŠ Sirotkova – přístavba učeben odborných předmětů"" – změna parametrů posouzení projektu",pass,Z9/05,66,51,0,0
2023-02-28-065,2023-02-28T10:00:40+00:00,"65. Projekt ""Podpora kapacit sociální práce v sociálním bydlení"" – posouzení projektu",pass,Z9/05,65,46,0,5
2023-02-28-064,2023-02-28T10:00:09+00:00,"63. Projekt ""Aktualizace Akčního plánu pro udržitelnou energii a klima města Brna včetně emisní bilance CO2"" – posouzení projektu, návrh rozpočtového opatření",pass,Z9/05,64,51,0,0
2023-02-28-063,2023-02-28T09:59:38+00:00,"62. Projekt ""Výstavba mateřské školy v lokalitě Nad Dědinou"" – posouzení projektu, návrh rozpočtového opatření",pass,Z9/05,63,52,0,0
2023-02-28-062,2023-02-28T09:56:00+00:00,61. Projekty financované z Fondu kofinancování projektů – únor 2023 – změna názvu projektu,pass,Z9/05,62,49,0,0
2023-02-28-061,2023-02-28T09:55:26+00:00,60. Finanční prostředky Fondu kofinancování projektů – únor 2023 – návrh rozpočtového opatření,pass,Z9/05,61,45,0,5
2023-02-28-060,2023-02-28T09:54:54+00:00,"59. Návrh Dodatku č. 3 ke Smlouvě o závazku veřejné služby a vyrovnávací platbě za jeho výkon uzavřené se STAREZ – SPORT, a. s.",pass,Z9/05,60,41,0,9
2023-02-28-059,2023-02-28T09:54:17+00:00,58. Návrh dodatku č. 1 ke smlouvě č. 1522174127 o poskytování veřejné služby a podmínkách poskytnutí vyrovnávací platby za plnění závazku veřejné služby uzavřené s FabLab Brno s. r. o.,pass,Z9/05,59,42,0,6
2023-02-28-058,2023-02-28T09:53:36+00:00,"57. Návrh dodatku č. 1 ke smlouvě č. 1522174521 o poskytování veřejné služby a podmínkách poskytnutí vyrovnávací platby za plnění závazku veřejné služby uzavřené s JIC, zájmovým sdružením právnických osob",pass,Z9/05,58,48,0,0
2023-02-28-057,2023-02-28T09:52:59+00:00,"56. Návrh Dodatku č. 1 Smlouvy č. 1522094095 o poskytnutí programové neinvestiční dotace společnosti KikirikiGames, s. r. o., na projekt „The Brave Brain – vědomostní hra pro nevidomé“ v rámci dotačního programu Pro Kreativní Brno, 2. etapa",pass,Z9/05,57,44,0,5
2023-02-28-056,2023-02-28T09:49:39+00:00,"54. Návrh smlouvy o poskytnutí individuální neinvestiční dotace Brno CreativeDays s. r. o. na realizaci projektu „Brno CreativeDays 2023""",pass,Z9/05,56,47,0,5
2023-02-28-055,2023-02-28T09:48:59+00:00,"53. Návrh smlouvy o poskytnutí individuální neinvestiční dotace SNIP & CO, reklamní společnost, spol. s r.o. na realizaci projektu „Dronové show 2023""",pass,Z9/05,55,46,1,5
2023-02-28-054,2023-02-28T09:48:23+00:00,51. Návrh na poskytnutí účelové individuální neinvestiční dotace TJ TESLA BRNO z. s. na projekt „Zabezpečení celoročního provozu sportovního areálu TJ TESLA BRNO v roce 2023“ – návrh rozpočtového opatření,pass,Z9/05,54,47,0,5
2023-02-28-053,2023-02-28T09:47:49+00:00,50. Návrh na poskytnutí účelové individuální neinvestiční dotace GALANT BRNO s. r. o. na projekt „Zabezpečení celoročního provozu Sportareálu Družstevní v roce 2023“ – návrh rozpočtového opatření,pass,Z9/05,53,47,0,5
2023-02-28-052,2023-02-28T09:47:12+00:00,"49. Návrh na poskytnutí neinvestičních příspěvků Hvězdárně a planetáriu Brno, příspěvkové organizaci – návrh rozpočtového opatření",pass,Z9/05,52,46,0,4
2023-02-28-051,2023-02-28T09:46:35+00:00,48. Návrh na poskytnutí individuální neinvestiční dotace na projekt Zpřístupnění Atomového krytu 10-Z v roce 2023,pass,Z9/05,51,45,0,6
2023-02-28-050,2023-02-28T09:46:01+00:00,47. Návrh na poskytnutí individuální neinvestiční dotace na projekt Nebe plné hvězd – XIX. ročník,pass,Z9/05,50,47,0,5
2023-02-28-049,2023-02-28T09:45:23+00:00,46. Návrh na poskytnutí individuální neinvestiční dotace na projekt GO Kamera 2023,pass,Z9/05,49,46,0,5
2023-02-28-048,2023-02-28T09:44:45+00:00,45. Návrh na poskytnutí individuální neinvestiční dotace z rozpočtu města Brna dobrovolnému svazku obcí Cyklistická stezka Brno – Vídeň v roce 2023,pass,Z9/05,48,45,0,5
2023-02-28-047,2023-02-28T09:44:09+00:00,"44. Návrh na poskytnutí individuální neinvestiční dotace spolku RadoVan, z. s., na projekt Coworking pro lidi s postižením – RadoWork",pass,Z9/05,47,46,0,5
2023-02-28-046,2023-02-28T09:43:33+00:00,43. Návrh na poskytnutí individuální neinvestiční dotace společnosti AMERFO o. p. s. na projekt Dofinancování provozu sociálního podniku navazujícího na sociální služby – návrh rozpočtového opatření,pass,Z9/05,46,45,0,5
2023-02-28-045,2023-02-28T09:41:28+00:00,"42. Návrh na poskytnutí individuální neinvestiční dotace spolku 4S YOU, z. s., na projekt Regionální podnikatelský kemp Brno pro mládež z dětských domovů",pass,Z9/05,45,45,0,5
2023-02-28-044,2023-02-28T09:39:01+00:00,"41. Návrh na poskytnutí neinvestičních dotací nestátním neziskovým organizacím, které vhodným způsobem navazují na sociální služby nebo je doplňují, pro rok 2023 – program II – návrh rozpočtového opatření",pass,Z9/05,44,47,0,5
2023-02-28-043,2023-02-28T09:38:24+00:00,40. Návrh na poskytnutí neinvestičních dotací na provozní náklady středisek volného času v roce 2023,pass,Z9/05,43,50,0,0
2023-02-28-042,2023-02-28T09:37:54+00:00,39. Návrh na poskytnutí neinvestičních příspěvků základním školám na zajištění vzdělávacího projektu Příběhy našich sousedů – návrh rozpočtového opatření,pass,Z9/05,42,46,0,5
2023-02-28-041,2023-02-28T09:37:21+00:00,38. Návrh na poskytnutí účelových neinvestičních příspěvků základním školám na mezinárodní projekty v roce 2023 – návrh rozpočtového opatření,pass,Z9/05,41,46,0,5
2023-02-28-040,2023-02-28T09:36:48+00:00,37. Návrh na poskytnutí účelové neinvestiční dotace Masarykově univerzitě na vědecké populární kurzy pro žáky ZŠ ve vědeckém výukovém centru Bioskop v roce 2023 – návrh rozpočtového opatření,pass,Z9/05,40,51,0,0
2023-02-28-039,2023-02-28T09:36:12+00:00,36. Návrh na poskytnutí účelových neinvestičních dotací v programu Volnočasové aktivity dětí a mládeže v roce 2023 – návrh rozpočtového opatření,pass,Z9/05,39,51,0,1
2023-02-28-038,2023-02-28T09:35:42+00:00,35. Návrh na poskytnutí účelových neinvestičních dotací v programu Mezinárodní cena vévody z Edinburghu v roce 2023 – návrh rozpočtového opatření,pass,Z9/05,38,46,0,4
2023-02-28-037,2023-02-28T09:35:13+00:00,"34. Návrh na poskytnutí účelového neinvestičního příspěvku Muzeu města Brna, příspěvkové organizaci, na zajištění výstavy v Lipsku, v roce 2023 – návrh rozpočtového opatření",pass,Z9/05,37,52,0,0
2023-02-28-036,2023-02-28T09:32:02+00:00,33. Návrh na poskytnutí neinvestičních dotací dle dotačních programů v oblasti kultury na rok 2023 a na roky 2023-2024 – návrh rozpočtového opatření,pass,Z9/05,36,44,0,6
2023-02-28-035,2023-02-28T09:31:09+00:00,"32. Návrh na poskytnutí neinvestičních dotací na podporu aktivit oživení ploch veřejné zeleně ve městě Brně v roce 2023 – ""Nábřežít"", návrh vzorové veřejnoprávní smlouvy o poskytnutí dotace z rozpočtu města Brna, návrh rozpočtového opatření",pass,Z9/05,35,50,0,0
2023-02-28-034,2023-02-28T09:30:33+00:00,"31. Návrh na poskytnutí neinvestičních dotací na podporu aktivit k oživení ploch veřejné zeleně ve městě Brně v roce 2023 – ""Vnitroblok"", návrh vzorové veřejnoprávní smlouvy o poskytnutí dotace z rozpočtu města Brna, návrh rozpočtového opatření",pass,Z9/05,34,50,0,0
2023-02-28-033,2023-02-28T09:29:57+00:00,30. Návrh na poskytnutí dotací na podporu projektů ekologické výchovy v Brně na rok 2023 a návrh rozpočtového opatření,pass,Z9/05,33,51,0,0
2023-02-28-032,2023-02-28T09:29:25+00:00,29. Návrh na poskytnutí investičních transferů příspěvkovým organizacím zřízeným statutárním městem Brnem v působnosti Odboru zdraví MMB – návrh rozpočtového opatření,pass,Z9/05,32,51,0,0
2023-02-28-031,2023-02-28T09:28:52+00:00,28. Návrh na změnu účelu použití investičního transferu městské části Brno-střed – návrh rozpočtového opatření,pass,Z9/05,31,51,0,1
2023-02-28-030,2023-02-28T09:26:22+00:00,129. Zapojení Fondu rezerv a rozvoje v souvislosti s navýšením rozpočtu běžných výdajů Odboru strategického rozvoje a spolupráce MMB roku 2023 – návrh rozpočtového opatření,pass,Z9/05,30,44,0,8
2023-02-28-029,2023-02-28T09:23:49+00:00,128. Zapojení Fondu rezerv a rozvoje v souvislosti s konáním mezinárodní konference k výročí založení Starobrněnského kláštera a obnovou vybavení prostor na Nové radnici – návrh rozpočtového opatření,pass,Z9/05,29,51,0,0
2023-02-28-028,2023-02-28T09:23:05+00:00,"27. Zapojení Fondu rezerv a rozvoje v souvislosti s navýšením poskytnuté dotace z rozpočtu města Brna na projekt IgnisBrunensis– mezinárodní přehlídka ohňostrojů s hudbou v letech 2020-2023 - návrh rozpočtového opatření, návrh dodatku č. 2",pass,Z9/05,28,38,3,8
2023-02-28-027,2023-02-28T09:18:55+00:00,26. Zapojení Fondu rezerv a rozvoje v souvislosti s projektem rekonstrukce domova pro seniory Nopova – návrh rozpočtového opatření,pass,Z9/05,27,39,3,8
2023-02-28-026,2023-02-28T08:51:43+00:00,25. Zapojení Fondu rezerv a rozvoje v souvislosti s návrhem na poskytnutí investičního transferu městské části Brno-Chrlice – návrh rozpočtového opatření,pass,Z9/05,26,49,0,1
2023-02-28-025,2023-02-28T08:51:11+00:00,24. Zapojení Fondu rezerv a rozvoje v souvislosti s navýšením běžných a kapitálových výdajů Odboru školství a mládeže MMB v roce 2023 – návrh rozpočtového opatření,pass,Z9/05,25,48,0,1
2023-02-28-024,2023-02-28T08:50:29+00:00,23. Zapojení Fondu rezerv a rozvoje k financování kapitálových výdajů Odboru školství a mládeže MMB – návrh rozpočtového opatření,pass,Z9/05,24,45,0,3
2023-02-28-023,2023-02-28T08:49:49+00:00,22. Zapojení Fondu rezerv a rozvoje k financování běžných a kapitálových výdajů Odboru kultury MMB v roce 2023 – návrh rozpočtového opatření,pass,Z9/05,23,42,0,8
2023-02-28-022,2023-02-28T08:45:56+00:00,"21. Zapojení Fondu rezerv a rozvoje v souvislosti s návrhem na poskytnutí dotace z rozpočtu města Brna Povodí Moravy, s. p., návrh rozpočtového opatření",pass,Z9/05,22,43,0,6
2023-02-28-021,2023-02-28T08:45:21+00:00,"20. Zapojení Fondu rezerv a rozvoje v souvislosti s poskytnutím účelové neinvestiční dotace Ptačímu centru, o. p. s. – návrh rozpočtového opatření",pass,Z9/05,21,48,0,1
2023-02-28-020,2023-02-28T08:44:46+00:00,19. Zapojení Fondu rezerv a rozvoje v souvislosti s navýšením rozpočtu běžných a kapitálových výdajů Odboru životního prostředí MMB roku 2023 – návrh rozpočtového opatření,pass,Z9/05,20,48,0,3
2023-02-28-019,2023-02-28T08:44:10+00:00,18. Zapojení Fondu rezerv a rozvoje k financování běžných výdajů Odboru sportu MMB v roce 2023 – návrh rozpočtového opatření,pass,Z9/05,19,48,0,2
2023-02-28-018,2023-02-28T08:43:33+00:00,"17. Kancelář architekta města Brna, příspěvková organizace – návrh na převod části schváleného neinvestičního neúčelového příspěvku na investiční transfer, návrh rozpočtového opatření",pass,Z9/05,18,42,0,6
2023-02-28-017,2023-02-28T08:43:00+00:00,16. Návrh na poskytnutí peněžitého daru do majetku Jihomoravského filmového nadačního fondu,pass,Z9/05,17,43,4,1
2023-02-28-016,2023-02-28T08:42:28+00:00,"15. Návrh na využití prostředků Veřejné sbírky statutárního města Brna na zmírnění následků pandemie virové nemoci SARS-CoV-2, návrh darovací smlouvy se Sociálním nadačním fondem, návrh rozpočtového opatření",pass,Z9/05,16,45,5,0
2023-02-28-015,2023-02-28T08:41:08+00:00,"14. Návrh rozpočtového opatření v souvislosti s realizací projektu participativního rozpočtu ""Volejbalové kurty Lužánky""",pass,Z9/05,15,48,0,1
2023-02-28-014,2023-02-28T08:40:36+00:00,13. Asanace havarijního skalního řícení v k. ú. Pisárky – návrh rozpočtového opatření,pass,Z9/05,14,50,0,0
2023-02-28-013,2023-02-28T08:40:04+00:00,12. Aktualizace rozpočtu Odboru městské informatiky MMB – únor 2023 – návrh rozpočtového opatření,pass,Z9/05,13,46,0,3
2023-02-28-012,2023-02-28T08:39:32+00:00,11. Aktualizace rozpočtu Odboru dopravy MMB – únor 2023 – návrh rozpočtového opatření,pass,Z9/05,12,41,0,7
2023-02-28-011,2023-02-28T08:39:01+00:00,10. Návrh rozpočtového opatření – aktualizace rozpočtu zdrojů a výdajů města Brna na rok 2023,pass,Z9/05,11,42,0,8
2023-02-28-010,2023-02-28T08:37:59+00:00,10. Návrh rozpočtového opatření – aktualizace rozpočtu zdrojů a výdajů města Brna na rok 2023,pass,Z9/05,10,42,0,8
2023-02-28-009,2023-02-28T08:21:43+00:00,"8. Návrh obecně závazné vyhlášky statutárního města Brna, kterou se mění a doplňuje obecně závazná vyhláška statutárního města Brna č. 3/2017, kterou se stanoví školské obvody mateřských škol, ve znění pozdějších vyhlášek",pass,Z9/05,9,47,0,0
2023-02-28-008,2023-02-28T08:21:06+00:00,"7. Návrh obecně závazné vyhlášky statutárního města Brna, kterou se mění a doplňuje obecně závazná vyhláška statutárního města Brna č. 2/2017, kterou se stanoví školské obvody základních škol, ve znění pozdějších vyhlášek",pass,Z9/05,8,50,0,0
2023-02-28-007,2023-02-28T08:16:20+00:00,6. Návrh Memoranda o porozumění mezi statutárním městem Brnem a městem Tchao-jüan na Tchaj-wanu.,pass,Z9/05,7,45,4,0
2023-02-28-006,2023-02-28T08:15:33+00:00,5. Návrh na změnu delegování zástupce statutárního města Brna na všech valných shromážděních a jednáních Partnerství pro městskou mobilitu,pass,Z9/05,6,43,0,5
2023-02-28-005,2023-02-28T08:15:01+00:00,4. Návrh na zvolení členů Rady Klubu zastupitelů města Brna,pass,Z9/05,5,48,0,0
2023-02-28-004,2023-02-28T08:14:30+00:00,"1. Technický bod (zapisovatelé, právní asistence, ověřovatelé zápisu, schválení programu zasedání ZMB) - program",pass,Z9/05,4,48,0,0
2023-02-28-003,2023-02-28T08:14:01+00:00,"1. Technický bod (zapisovatelé, právní asistence, ověřovatelé zápisu, schválení programu zasedání ZMB) - program - hlasování o zařazení bodu č. 128, 129, 130,131",pass,Z9/05,3,50,0,0
2023-02-28-002,2023-02-28T08:13:35+00:00,"1. Technický bod (zapisovatelé, právní asistence, ověřovatelé zápisu, schválení programu zasedání ZMB) - program - hlasování o stažení bodu č. 9, 52, 55, 64, 105, 125, 126",pass,Z9/05,2,48,0,0
2023-02-28-001,2023-02-28T08:09:55+00:00,"1. Technický bod (zapisovatelé, právní asistence, ověřovatelé zápisu, schválení programu zasedání ZMB) - ověřovatelé zápisu",pass,Z9/05,1,47,0,0
2023-01-24-068,2023-01-24T09:39:42+00:00,86. Návrh pověření Kontrolního výboru ZMB provedením kontroly,pass,Z9/04,68,51,0,1
2023-01-24-067,2023-01-24T09:39:21+00:00,86. Návrh pověření Kontrolního výboru ZMB provedením kontroly,pass,Z9/04,67,51,0,1
2023-01-24-066,2023-01-24T09:34:18+00:00,"85. Projekt “Přístavba výukového pavilonu k Základní škole Brno, Otevřená 20a, příspěvková organizace“ – posouzení projektu",pass,Z9/04,66,52,0,0
2023-01-24-065,2023-01-24T09:33:15+00:00,"84. Návrh změny stanov obchodní společnosti STAREZ – SPORT, a. s.",pass,Z9/04,65,40,2,7
2023-01-24-064,2023-01-24T09:30:57+00:00,"82. Návrh Smlouvy o spolupráci při výstavbě veřejné infrastruktury „Novostavba bytového domu na parc. č. 587/3“, návrh Zástavní smlouvy k nemovitým věcem",pass,Z9/04,64,50,0,0
2023-01-24-063,2023-01-24T09:30:19+00:00,"80. Návrh na odnětí majetku spoluvlastnického podílu id. 1/6 pozemku p. č. 2712/171 v k. ú. Černovice, městské části Brno-střed",pass,Z9/04,63,51,0,0
2023-01-24-062,2023-01-24T09:29:50+00:00,Body č. 77-79,pass,Z9/04,62,52,0,0
2023-01-24-061,2023-01-24T09:28:59+00:00,"76. Nabídka předkupního práva ke stavbě č. e. 57, způsob využití rodinná rekreace, postavené na pozemcích p. č. 4761/2 a p. č. 4754/2, vše v k. ú. Tuřany - var. A",pass,Z9/04,61,33,1,16
2023-01-24-060,2023-01-24T09:26:39+00:00,"75. Nabídka předkupního práva ke stavbě č. e. 301, způsob využití rodinná rekreace, postavené na pozemku p. č. 794/3 v k. ú. Nový Lískovec",pass,Z9/04,60,49,0,0
2023-01-24-059,2023-01-24T09:26:08+00:00,"74. Nabídka předkupního práva ke stavbě č. e. 282, způsob využití rodinná rekreace, postavené na pozemku p. č. 1278 v k. ú. Nový Lískovec",pass,Z9/04,59,40,0,9
2023-01-24-058,2023-01-24T09:24:55+00:00,Body č. 69-73,pass,Z9/04,58,49,0,0
2023-01-24-057,2023-01-24T09:23:49+00:00,Body č. 64-66,pass,Z9/04,57,49,0,0
2023-01-24-056,2023-01-24T09:23:00+00:00,"63. Návrh budoucího prodeje částí pozemků p. č. 365/1, 501, 505/1, 505/5 a pozemku p. č. 474/9 v k. ú. Nový Lískovec, návrh na budoucí zřízení služebnosti, návrh prodeje částí pozemků p. č. 505/5, 508 v k. ú. Nový Lískovec",pass,Z9/04,56,50,0,0
2023-01-24-055,2023-01-24T09:22:20+00:00,62. Návrh prodeje části pozemku p. č. 2147/2 k. ú. Kohoutovice,pass,Z9/04,55,51,0,0
2023-01-24-054,2023-01-24T09:21:52+00:00,61. Návrh prodeje části pozemku p. č. 2746/2 v k. ú. Bohunice a zřízení služebnosti,pass,Z9/04,54,50,0,0
2023-01-24-053,2023-01-24T09:21:21+00:00,"60. Návrh prodeje pozemků pod garážemi v garážovém dvoře při ulici Bačovského, části pozemku p. č. 3071/17, vše v k. ú. Líšeň",pass,Z9/04,53,47,0,4
2023-01-24-052,2023-01-24T09:20:46+00:00,"59. Návrh prodeje pozemku p. č. 9149/9 v k. ú. Židenice, městská část Brno-Vinohrady",pass,Z9/04,52,39,0,12
2023-01-24-051,2023-01-24T09:20:14+00:00,Body č. 54-58,pass,Z9/04,51,51,0,0
2023-01-24-050,2023-01-24T09:19:35+00:00,53. Návrh prodeje pozemku p. č. 320/2 v k. ú. Horní Heršpice,pass,Z9/04,50,47,0,5
2023-01-24-049,2023-01-24T09:19:03+00:00,52. Návrh prodeje pozemku p. č. 2891/5 v k. ú. Žebětín,pass,Z9/04,49,52,0,0
2023-01-24-048,2023-01-24T09:18:30+00:00,51. Návrh prodeje pozemku p. č. 259 v k. ú. Slatina,pass,Z9/04,48,47,0,4
2023-01-24-047,2023-01-24T09:17:58+00:00,50. Návrh prodeje pozemku p. č. 1808 v k. ú. Černovice,pass,Z9/04,47,49,0,1
2023-01-24-046,2023-01-24T09:17:26+00:00,49. Návrh prodeje pozemku p. č. 2247/2 k. ú. Maloměřice,pass,Z9/04,46,43,0,7
2023-01-24-045,2023-01-24T09:16:54+00:00,48. Návrh prodeje pozemku p. č. 2206 k. ú. Řečkovice,pass,Z9/04,45,53,0,0
2023-01-24-044,2023-01-24T09:15:30+00:00,"47. Záměr prodeje bytových jednotek v domě Veveří 110, 112, 114, Brno, s podílem na pozemcích p. č. 2824/1, p. č. 2824/2, k. ú. Žabovřesky Žádost MČ Brno-Žabovřesky o předchozí souhlas ZMB k prodeji bytových jednotek za cenu nižší než cenu obvyklou",pass,Z9/04,44,43,1,6
2023-01-24-043,2023-01-24T09:14:40+00:00,"45. Záměr prodeje volné vymezené jednotky č. 2521/5 v domě Pešinova 8, Brno",pass,Z9/04,43,40,0,10
2023-01-24-042,2023-01-24T09:14:07+00:00,"44. Záměr prodeje volné vymezené bytové jednotky č. 426/16 v domě Úvoz 59a, Brno",pass,Z9/04,42,41,0,9
2023-01-24-041,2023-01-24T09:13:37+00:00,"43. Návrh na vyjmutí rodinného domu Táborská 30, Brno, včetně pozemku ze ""Seznamu bytových a rodinných domů, které budou připravovány k prodeji""",pass,Z9/04,41,51,0,0
2023-01-24-040,2023-01-24T09:13:07+00:00,"42. Návrh na vyjmutí bytového domu Čelakovského 1/Táborská 192, Brno, včetně pozemku, ze „Seznamu bytových a rodinných domů, které budou připravovány k prodeji“",pass,Z9/04,40,52,0,0
2023-01-24-039,2023-01-24T09:12:36+00:00,"41. Žádost o prominutí příslušenství dluhu za nájem bytu č. 2 v domě Bělohorská 3069/65, Brno",pass,Z9/04,39,52,0,0
2023-01-24-038,2023-01-24T09:12:06+00:00,40. Odpis nákladů zmařené investice z účtu nedokončených investic,pass,Z9/04,38,42,0,10
2023-01-24-037,2023-01-24T09:11:37+00:00,"39. Projekt ""Sanace skalního řícení v ulici Práčata, městská část Brno-Bosonohy"" – posouzení projektu",pass,Z9/04,37,51,0,0
2023-01-24-036,2023-01-24T09:11:07+00:00,"38. Projekt ""Programové zabydlování domácností v bytové nouzi s využitím metody HousingFirst"" – rozhodnutí o poskytnutí dotace",pass,Z9/04,36,45,6,0
2023-01-24-035,2023-01-24T09:10:36+00:00,37. Projekty financované z Fondu kofinancování projektů – leden 2023 – návrh rozpočtového opatření,pass,Z9/04,35,45,0,6
2023-01-24-034,2023-01-24T09:10:05+00:00,36. Finanční prostředky Fondu kofinancování projektů – leden 2023 – návrh rozpočtového opatření,pass,Z9/04,34,51,0,0
2023-01-24-033,2023-01-24T09:09:37+00:00,35. Projekt Regionální inovační strategie Jihomoravského kraje „Brno Ph.D. Talent“ - návrh dodatku č. 1 ke smlouvě č. 1522173539 o poskytování veřejné služby a podmínkách poskytnutí vyrovnávací platby za plnění závazku veřejné služby,pass,Z9/04,33,51,0,0
2023-01-24-032,2023-01-24T09:09:00+00:00,"34. Projekt Regionální inovační strategie Jihomoravského kraje ""Brno Expat Centre"" – návrh dodatku č. 1 ke smlouvě č. 1522172848 o poskytování veřejné služby a podmínkách poskytnutí vyrovnávací platby za plnění závazku veřejné služby",pass,Z9/04,32,46,0,6
2023-01-24-031,2023-01-24T09:08:24+00:00,"33. Rozdělení finančních prostředků na projekty participativního rozpočtu – výsledky hlasování, návrh rozpočtového opatření",pass,Z9/04,31,52,0,0
2023-01-24-030,2023-01-24T09:07:53+00:00,"32. Návrh na poskytnutí dotací organizacím poskytujícím služby zdravotnické, služby v oblasti podpory rodinné politiky, podpory neformálních pečovatelů a podpory prevence domácího násilí na rok 2023",pass,Z9/04,30,52,0,0
2023-01-24-029,2023-01-24T09:07:16+00:00,30. Návrh dodatku č. 1 ke Smlouvě o poskytnutí individuální dotace z rozpočtu města Brna v letech 2022–2026 uzavřené s Janáčkovou akademií múzických umění na projekt Mezinárodní soutěž Leoše Janáčka v Brně,pass,Z9/04,29,51,0,0
2023-01-24-028,2023-01-24T09:06:35+00:00,29. Návrh na uzavření smluv o poskytnutí jednoletých individuálních dotací z rozpočtu města Brna v oblasti kultury v roce 2023,pass,Z9/04,28,42,0,8
2023-01-24-027,2023-01-24T09:05:44+00:00,28. Návrh na uzavření smluv o poskytnutí víceletých individuálních dotací z rozpočtu města Brna v oblasti kultury v letech 2023–2025,pass,Z9/04,27,41,1,8
2023-01-24-026,2023-01-24T09:02:41+00:00,27. Návrh na poskytnutí finančních podílů z rozpočtu města Brna na projekty prevence kriminality v roce 2023 - návrh rozpočtového opatření,pass,Z9/04,26,52,0,0
2023-01-24-025,2023-01-24T09:02:09+00:00,26. Návrh na poskytnutí dotací na Městský program prevence kriminality v Brně na rok 2023 – návrh rozpočtového opatření,pass,Z9/04,25,50,0,0
2023-01-24-024,2023-01-24T09:01:40+00:00,25. Návrh na poskytnutí neinvestičních dotací na projekty v rámci Dotačního programu politiky statutárního města Brna v oblasti drog a závislostí na rok 2023 – návrh rozpočtového opatření,pass,Z9/04,24,47,0,4
2023-01-24-023,2023-01-24T09:01:07+00:00,24. Návrh na poskytnutí individuálních neinvestičních dotací na rok 2023 organizacím poskytujícím služby v souladu se Strategií politiky statutárního města Brna v oblasti drog a závislostí na období 2022-2025,pass,Z9/04,23,46,0,4
2023-01-24-022,2023-01-24T09:00:30+00:00,"23. Návrh na poskytnutí individuální neinvestiční dotace Potravinové bance pro Brno a Jihomoravský kraj, z. s. – návrh rozpočtového opatření",pass,Z9/04,22,45,0,6
2023-01-24-021,2023-01-24T08:59:57+00:00,22. Návrh na poskytnutí individuální neinvestiční dotace Sociálnímu nadačnímu fondu – návrh rozpočtového opatření,pass,Z9/04,21,43,0,6
2023-01-24-020,2023-01-24T08:30:11+00:00,"21. Návrh na poskytnutí individuální neinvestiční dotace Společnosti Podané ruce, o. p. s., na projekt Poradenské zdravotní centrum pro válečné uprchlíky z Ukrajiny – návrh rozpočtového opatření",pass,Z9/04,20,45,0,6
2023-01-24-019,2023-01-24T08:29:33+00:00,"20. Návrh na poskytnutí individuální neinvestiční dotace Lize vozíčkářů, z. ú., na projekt Osobní asistence v nočních hodinách v domě Mikulovská – návrh rozpočtového opatření",pass,Z9/04,19,51,0,0
2023-01-24-018,2023-01-24T08:29:01+00:00,19. Návrh na poskytnutí neinvestičních dotací nestátním neziskovým organizacím na sociální služby pro rok 2023 – Program I – návrh rozpočtového opatření,pass,Z9/04,18,52,0,0
2023-01-24-017,2023-01-24T08:28:30+00:00,18. Návrh na poskytnutí neinvestičních dotací na podporu vrcholového sportu pro rok 2023 - návrh rozpočtového opatření,pass,Z9/04,17,51,0,1
2023-01-24-016,2023-01-24T08:27:50+00:00,17. Návrh na poskytnutí neinvestičních dotací na podporu provozu sportovišť pro rok 2023,pass,Z9/04,16,52,0,0
2023-01-24-015,2023-01-24T08:27:22+00:00,"16. Návrh na poskytnutí dotací organizacím poskytujícím služby zdravotnické, služby v oblasti podpory rodinné politiky, podpory neformálních pečovatelů a podpory prevence domácího násilí na rok 2023",pass,Z9/04,15,46,0,6
2023-01-24-014,2023-01-24T08:26:48+00:00,"15. Návrh na poskytnutí investičních dotací v rámci dotačního programu ""Podpora vytváření zelených střech"", návrh vzorové veřejnoprávní smlouvy o poskytnutí dotace z rozpočtu města Brna",pass,Z9/04,14,46,0,6
2023-01-24-013,2023-01-24T08:26:15+00:00,"14. Návrh na poskytnutí investiční dotace v rámci dotačního programu ""Podpora využití srážkové vody"", návrh vzorové veřejnoprávní smlouvy o poskytnutí dotace z rozpočtu města Brna",pass,Z9/04,13,51,0,0
2023-01-24-012,2023-01-24T08:25:41+00:00,13. Zapojení Fondu rezerv a rozvoje v souvislosti s pomocí dětem ukrajinských uprchlíků v mateřských a základních školách ve městě Brně zřizovaných statutárním městem Brnem a jeho městskými částmi – návrh rozpočtového opatření,pass,Z9/04,12,46,0,6
2023-01-24-011,2023-01-24T08:25:06+00:00,12. Návrh na poskytnutí transferů městským částem z rozpočtu Odboru investičního MMB na rok 2023 – návrh rozpočtového opatření,pass,Z9/04,11,52,0,0
2023-01-24-010,2023-01-24T08:24:37+00:00,11. Aktualizace rozpočtu Odboru investičního MMB – leden 2023 – návrh rozpočtového opatření,pass,Z9/04,10,50,0,2
2023-01-24-009,2023-01-24T08:24:07+00:00,"10. Přesun finančních prostředků mezi běžnými a kapitálovými výdaji rozpočtu Odboru správy majetku MMB, návrh rozpočtového opatření",pass,Z9/04,9,48,0,0
2023-01-24-008,2023-01-24T08:23:37+00:00,"9. Návrh Dodatku č. 29 Protokolu o předání a převzetí movitého a nemovitého majetku města Brna k hospodaření Správě hřbitovů města Brna, příspěvkové organizaci",pass,Z9/04,8,51,0,0
2023-01-24-007,2023-01-24T08:23:05+00:00,"7. Žádost o předchozí souhlas Zastupitelstva města Brna dle čl. 11 odst. 2 obecně závazné vyhlášky statutárního města Brna č. 20/2001, kterou se vydává Statut města Brna",pass,Z9/04,7,52,0,0
2023-01-24-006,2023-01-24T08:22:34+00:00,6. Návrh na zrušení neaktuálních úkolů uložených Zastupitelstvem města Brna Radě města Brna,pass,Z9/04,6,51,0,1
2023-01-24-005,2023-01-24T08:19:16+00:00,"1. Technický bod (zapisovatelé, právní asistence, ověřovatelé zápisu, schválení programu zasedání ZMB) - program",pass,Z9/04,5,51,0,0
2023-01-24-004,2023-01-24T08:18:52+00:00,"1. Technický bod (zapisovatelé, právní asistence, ověřovatelé zápisu, schválení programu zasedání ZMB) - program - hlasování o stažení bodu č. 8, 31, 46, 67, 68, 81, 83",pass,Z9/04,4,50,0,2
2023-01-24-003,2023-01-24T08:18:25+00:00,"1. Technický bod (zapisovatelé, právní asistence, ověřovatelé zápisu, schválení programu zasedání ZMB) - program - hlasování o zařazení bodu č. 84, 85",pass,Z9/04,3,50,0,0
2023-01-24-002,2023-01-24T08:17:53+00:00,"1. Technický bod (zapisovatelé, právní asistence, ověřovatelé zápisu, schválení programu zasedání ZMB) - program - hlasování o návrhu p. Skřičky na zařazení bodu - Návrh pověření Kontrolního výboru ZMB provedením kontroly",pass,Z9/04,2,40,0,7
2023-01-24-001,2023-01-24T08:11:08+00:00,"1. Technický bod (zapisovatelé, právní asistence, ověřovatelé zápisu, schválení programu zasedání ZMB) - ověřovatelé zápisu",pass,Z9/04,1,48,0,0
2022-12-13-116,2022-12-13T12:57:32+00:00,"106. Návrh předchozího souhlasu se zřízením zástavního práva městskou částí Brno-Královo Pole k bytové jednotce č. 2521/1 vymezené dle zákona č. 89/2012 Sb., občanský zákoník, v pozemku p. č. 1853 v k.ú. Královo Pole v souvislosti s prodejem jednotky",pass,Z9/03,116,43,0,4
2022-12-13-115,2022-12-13T12:56:51+00:00,"105. Návrh na zřízení zástavního práva – bytové domy Ibsenova 9, 10, 11, Brno",pass,Z9/03,115,43,0,0
2022-12-13-114,2022-12-13T12:37:20+00:00,"104. Volba dlouhodobě uvolněné členky/uvolněného člena Zastupitelstva města Brna - pro oblast strategického rozvoje, metropolitní spolupráce a integrovaných územních investic (ITI) - JUDr. PhDr. Martin Příborský, EMLE",pass,Z9/03,114,40,1,9
2022-12-13-113,2022-12-13T12:28:49+00:00,104. Volba dlouhodobě uvolněné členky/uvolněného člena Zastupitelstva města Brna - volba volební komise,pass,Z9/03,113,48,0,0
2022-12-13-112,2022-12-13T12:27:30+00:00,104. Volba dlouhodobě uvolněné členky/uvolněného člena Zastupitelstva města Brna - bere na vědomí,pass,Z9/03,112,43,0,7
2022-12-13-111,2022-12-13T12:26:28+00:00,"103. Návrh na určení funkce uvolněného člena ZMB pro oblast strategického rozvoje, metropolitní spolupráce a integrovaných územních investic (ITI) – návrh na zrušení a změnu části usnesení Z9/01. zasedání ZMB, ve znění usnesení Z9/02. zasedání ZMB",pass,Z9/03,111,39,2,10
2022-12-13-110,2022-12-13T12:22:57+00:00,"102. Návrh na poskytnutí účelového neinvestičního příspěvku pro Filharmonii Brno, příspěvkovou organizaci, v roce 2022 - návrh rozpočtového opatření",pass,Z9/03,110,49,0,0
2022-12-13-109,2022-12-13T12:19:51+00:00,"101. Návrh na změnu části usnesení Z8/39. zasedání Zastupitelstva města Brna konaného dne 21. 6. 2022, bod č. 216, ve věci směny pozemků v k. ú. Ivanovice, Řečkovice, Líšeň, Žebětín, Královo Pole a Brněnské Ivanovice",pass,Z9/03,109,50,0,0
2022-12-13-108,2022-12-13T12:19:10+00:00,"100. Odměňování neuvolněných členů Zastupitelstva města Brna a členů komisí Rady města Brna a výborů Zastupitelstva města Brna, kteří nejsou členy Zastupitelstva města Brna",pass,Z9/03,108,46,0,5
2022-12-13-107,2022-12-13T12:18:32+00:00,99. Územně plánovací dokumentace 2022 – Skupina C.III. – Návrh na zahájení procesu zrušení,pass,Z9/03,107,47,0,5
2022-12-13-106,2022-12-13T12:17:55+00:00,98. Územně plánovací dokumentace 2022 – Skupina C.II. – Návrh na zahájení procesu pořízení,pass,Z9/03,106,45,0,6
2022-12-13-105,2022-12-13T12:17:25+00:00,97. Územně plánovací dokumentace 2022 – Skupina C.I. – Návrh na nezahájení procesu pořízení,pass,Z9/03,105,47,0,2
2022-12-13-104,2022-12-13T12:16:52+00:00,96. Územně plánovací dokumentace 2022 – Skupina B.III. – Návrh na zahájení procesu pořízení,pass,Z9/03,104,41,0,9
2022-12-13-103,2022-12-13T12:16:20+00:00,95. Územně plánovací dokumentace 2022 – Skupina B.II. – Návrh na zahájení procesu pořízení,pass,Z9/03,103,41,0,10
2022-12-13-102,2022-12-13T12:15:47+00:00,94. Územně plánovací dokumentace 2022 – Skupina B.I. – Návrh na zahájení procesu pořízení,pass,Z9/03,102,38,0,11
2022-12-13-101,2022-12-13T12:15:13+00:00,93. Územně plánovací dokumentace 2022 – Skupina A.II. – Návrh na nezahájení procesu pořízení,pass,Z9/03,101,48,0,2
2022-12-13-100,2022-12-13T12:14:42+00:00,92. Územně plánovací dokumentace 2022 – Skupina A.I. – Návrh na nezahájení procesu pořízení,pass,Z9/03,100,49,0,0
2022-12-13-099,2022-12-13T12:14:06+00:00,"91. Změna Územního plánu města Brna B1/19-CM – MČ BRNO – ČERNOVICE, lokalita na Kaménkách, lokalita Černovická pískovna (včetně komunikace Černovická, budoucího MÚK „Průmyslová“ na trase VMO a okolních ploch) – Návrh na zahájení pořizování",pass,Z9/03,99,46,0,5
2022-12-13-098,2022-12-13T12:05:51+00:00,"90. Návrh plné moci pro společnost KAVA, spol. s r. o.",pass,Z9/03,98,45,0,5
2022-12-13-097,2022-12-13T12:03:09+00:00,"89. Návrh na zrušení usnesení Z9/02. zasedání ZMB konaného dne 15.11.2022, bod č. 85, návrh Smlouvy o budoucí smlouvě darovací pro akci „SSZ Přístavní – Obvodová“",pass,Z9/03,97,49,0,2
2022-12-13-096,2022-12-13T12:02:32+00:00,"88. Návrh Dodatku č. 1 ke Smlouvě o bezúplatném převodu majetku České republiky ze dne 27.01.2017 č. 5617010054, stavba „TT Stránská skála“.",pass,Z9/03,96,50,0,0
2022-12-13-095,2022-12-13T12:02:02+00:00,"87. Směna pozemků, které jsou ve vlastnictví statutárního města Brna, za pozemky, které jsou ve vlastnictví Mendelovy univerzity v Brně – návrh na změnu přílohy č. 191a zápisu Z8/40. zasedání Zastupitelstva města Brna, bod č. 253",pass,Z9/03,95,51,0,0
2022-12-13-094,2022-12-13T12:01:22+00:00,"86. Návrh směny pozemku p. č. 2337 v k. ú. Holásky, který je ve vlastnictví statutárního města Brna, za části pozemků p. č. 2264/1 a 2265 v k. ú. Holásky, které jsou ve vlastnictví Tělocvičné jednoty Sokol Brno-Holásky",pass,Z9/03,94,52,0,0
2022-12-13-093,2022-12-13T12:00:52+00:00,85. Návrh směny části pozemku p. č. 644/1 v k. ú. Žabovřesky,pass,Z9/03,93,48,0,1
2022-12-13-092,2022-12-13T12:00:22+00:00,"84. Návrh směny pozemků p. č. 3594/1, 3594/19 v k. ú. Řečkovice za pozemky p. č. 627/7, 627/8, 630, 631, 411/9 a stavby č.p. 671 vše k. ú. Komárov, návrh na zřízení služebnosti",pass,Z9/03,92,43,0,6
2022-12-13-091,2022-12-13T11:59:50+00:00,83. Návrh směny pozemků v k. ú. Komárov pro stavbu „Tramvaj Plotní – soubor staveb – etapa 2-4“,pass,Z9/03,91,43,0,6
2022-12-13-090,2022-12-13T11:59:22+00:00,Body č. 79-82,pass,Z9/03,90,49,0,0
2022-12-13-089,2022-12-13T11:58:48+00:00,"78. Nabídka předkupního práva ke stavbě č.e. 847, způsob využití rodinná rekreace, postavené na pozemku p. č. 72/3 v k. ú. Jundrov",pass,Z9/03,89,45,0,5
2022-12-13-088,2022-12-13T11:58:12+00:00,"77. Nabídka předkupního práva ke stavbě č.e. 363, způsob využití garáž, postavené na pozemku p. č. 739/18 v k. ú. Veveří",pass,Z9/03,88,48,0,0
2022-12-13-087,2022-12-13T11:57:10+00:00,"76. Nabídka předkupního práva k nezapsané stavbě, způsob využití garáž, postavené na části pozemku p. č. 815/1 v k. ú. Řečkovice - var. B",pass,Z9/03,87,42,0,8
2022-12-13-086,2022-12-13T11:56:24+00:00,"75. Návrh bezúplatného nabytí pozemku p. č. 3953/549 v k. ú. Řečkovice, návrh na zrušení usnesení č. Z8/19 zasedání ZMB, konaného dne 08. 09. 2020, bod č. 155",pass,Z9/03,86,47,1,1
2022-12-13-085,2022-12-13T11:55:47+00:00,Body č. 71-74,pass,Z9/03,85,48,0,0
2022-12-13-084,2022-12-13T11:55:17+00:00,70. Návrh nabytí pozemku p. č. 3967 v k. ú. Bosonohy,pass,Z9/03,84,43,0,5
2022-12-13-083,2022-12-13T11:54:46+00:00,"69. Návrh nabytí pozemků v k. ú. Komín pro stavbu ""Brno, Veslařská II – drobná rekonstrukce vodovodu"".",pass,Z9/03,83,51,0,0
2022-12-13-082,2022-12-13T11:53:38+00:00,"68. Návrh nabytí pozemku p. č. 131/1, jehož součástí je stavba č. p. 41, a pozemků p. č. 131/2, p. č. 131/3 a p. č. 132, vše v k. ú. Komín - stažení bodu",pass,Z9/03,82,50,1,1
2022-12-13-081,2022-12-13T11:52:39+00:00,67. Návrh prodeje části pozemku p. č. 1676/11 k. ú. Starý Lískovec,pass,Z9/03,81,51,0,1
2022-12-13-080,2022-12-13T11:52:10+00:00,66. Návrh prodeje části pozemku p. č. 1262/230 v k. ú. Soběšice,pass,Z9/03,80,50,0,1
2022-12-13-079,2022-12-13T11:51:42+00:00,65. Návrh prodeje pozemku p. č. 757 v k. ú. Černovice,pass,Z9/03,79,45,0,5
2022-12-13-078,2022-12-13T11:51:13+00:00,"64. Návrh prodeje pozemku p. č. 897, jehož součástí je stavba – objekt k bydlení Rybářská 448/3, v k. ú. Staré Brno - var. A",pass,Z9/03,78,42,0,9
2022-12-13-077,2022-12-13T11:50:33+00:00,"63. Návrh prodeje pozemku p. č. 15, jehož součástí je stavba – objekt k bydlení Bratislavská 268/80, v k. ú. Zábrdovice - var. A",pass,Z9/03,77,42,0,9
2022-12-13-076,2022-12-13T11:49:46+00:00,"62. Návrh dohody o mimosoudním jednání uzavírané v souvislosti s vypořádáním historických závazků týkajících se družstevní bytové výstavby na území statutárního města Brna spolufinancované prostřednictvím státní dotace pro Cihelnu, bytové družstvo",pass,Z9/03,76,52,0,0
2022-12-13-075,2022-12-13T11:49:10+00:00,"61. Projekt ""Nový domov“ – návrh dodatku č. 1 ke smlouvě o poskytnutí návratné finanční výpomoci",pass,Z9/03,75,47,0,5
2022-12-13-074,2022-12-13T11:48:41+00:00,60. Projekty financované z Fondu kofinancování projektů – prosinec 2022 – návrh rozpočtového opatření,pass,Z9/03,74,47,0,5
2022-12-13-073,2022-12-13T11:48:11+00:00,"59. Projekt ""Zpřístupňování veřejných služeb jako základní kámen integrace cizinců ve městě Brně"" - účast na projektu",pass,Z9/03,73,47,5,0
2022-12-13-072,2022-12-13T11:47:43+00:00,58. Finanční prostředky Fondu kofinancování projektů – prosinec 2022 – návrh rozpočtových opatření,pass,Z9/03,72,44,0,5
2022-12-13-071,2022-12-13T11:47:07+00:00,"57. Návrh prodloužení realizace projektu, návrh dodatku č. 1 ke smlouvě o poskytnutí individuální neinvestiční dotace č. 7222090968 mezi statutárním městem Brnem a Diecézní charitou Brno",pass,Z9/03,71,47,0,5
2022-12-13-070,2022-12-13T11:46:36+00:00,56. Žádosti o souhlas se změnou projektu/činnosti a návrhy dodatků ke smlouvám o poskytnutí dotací v oblasti kultury,pass,Z9/03,70,47,0,4
2022-12-13-069,2022-12-13T11:46:05+00:00,"55. ""Dostavba kanalizace v Brně II"" – žádost společností KONEKO, spol. s r.o., a DOPRAVOPROJEKT Ostrava a. s. o prominutí smluvní pokuty",pass,Z9/03,69,46,0,5
2022-12-13-068,2022-12-13T11:45:31+00:00,54. Návrh dodatku č. 3 ke smlouvě o poskytnutí investiční dotace na rekonstrukci slavnostního osvětlení ve statutárním městě Brně a o poskytnutí investiční dotace na organizaci soutěže o návrh,pass,Z9/03,68,44,0,5
2022-12-13-067,2022-12-13T11:44:50+00:00,"51. Návrh na poskytnutí neinvestiční dotace na zajištění provozu společnosti CD CENTRUM COMS, a. s. - var. B",pass,Z9/03,67,41,0,11
2022-12-13-066,2022-12-13T11:44:04+00:00,50. Návrh smlouvy o poskytnutí návratné finanční výpomoci mezi statutárním městem Brnem a Úrazovou nemocnicí v Brně,pass,Z9/03,66,51,0,1
2022-12-13-065,2022-12-13T11:43:34+00:00,"49. Úrazová nemocnice v Brně – návrh na změnu účelu využití investičních transferů, návrh rozpočtového opatření",pass,Z9/03,65,50,0,1
2022-12-13-064,2022-12-13T11:43:01+00:00,48. Návrh rozpočtu statutárního města Brna na rok 2023,pass,Z9/03,64,40,5,7
2022-12-13-063,2022-12-13T11:42:31+00:00,48. Návrh rozpočtu statutárního města Brna na rok 2023 - hlasování o návrhu p. Kmenta,fail,Z9/03,63,6,3,36
2022-12-13-062,2022-12-13T09:49:13+00:00,47. Návrh střednědobého výhledu rozpočtu statutárního města Brna na období 2024-2028,pass,Z9/03,62,40,5,7
2022-12-13-061,2022-12-13T09:48:36+00:00,46. Návrh na snížení příspěvku zřizovatele příspěvkovým organizacím v působnosti Odboru sociální péče MMB na rok 2022 – návrh rozpočtového opatření,pass,Z9/03,61,45,4,3
2022-12-13-060,2022-12-13T09:47:59+00:00,"45. Návrh na změnu účelu transferu na investice poskytnutého Muzeu města Brna, příspěvkové organizaci, v roce 2022",pass,Z9/03,60,50,0,0
2022-12-13-059,2022-12-13T09:47:24+00:00,44. Návrh na poskytnutí individuální investiční dotace z rozpočtu statutárního města Brna na realizaci náhrobku rodiny Neumark – návrh smlouvy – návrh rozpočtového opatření,pass,Z9/03,59,46,0,6
2022-12-13-058,2022-12-13T09:46:46+00:00,"43. Návrh na změnu účelu využití a prodloužení termínu čerpání části účelového neinvestičního příspěvku TIC BRNO, příspěvkové organizace",pass,Z9/03,58,47,0,5
2022-12-13-057,2022-12-13T09:45:42+00:00,"42. Návrh na snížení neinvestičních příspěvků Národnímu divadlu Brno, příspěvkové organizaci a Filharmonii Brno, příspěvkové organizaci, tvorba Fondu rezerv a rozvoje – návrh rozpočtového opatření",pass,Z9/03,57,52,0,0
2022-12-13-056,2022-12-13T09:45:07+00:00,"41. Převod nájemného za nemovitý majetek, snížení neinvestičního příspěvku Hvězdárny a planetária Brno, příspěvkové organizace, na odpisy a snížení nařízeného odvodu do rozpočtu města – návrh rozpočtového opatření",pass,Z9/03,56,46,0,5
2022-12-13-055,2022-12-13T09:44:28+00:00,40. Návrh na poskytnutí účelových neinvestičních příspěvků pro příspěvkové organizace v působnosti Odboru kultury MMB v roce 2022 – návrh rozpočtového opatření,pass,Z9/03,55,48,0,0
2022-12-13-054,2022-12-13T09:43:54+00:00,"39. Návrh na poskytnutí neinvestičního příspěvku TIC BRNO, příspěvkové organizaci na vykrytí ztráty hospodaření roku 2021 – návrh rozpočtového opatření",pass,Z9/03,54,47,0,3
2022-12-13-053,2022-12-13T09:32:33+00:00,"38. Návrh na poskytnutí účelových neinvestičních příspěvků TIC BRNO, příspěvkové organizaci na náklady spojené s umístěním Halouzkova betlému a na saturaci zvýšených nákladů na energie – návrh rozpočtového opatření",pass,Z9/03,53,45,0,5
2022-12-13-052,2022-12-13T09:31:53+00:00,"37. Návrh Dodatku č. 1 Smlouvy č. 1522090771 o poskytnutí programové neinvestiční dotace společnosti KOGAA studio s. r. o., na projekt „AIR SQUARE: TheEurope Tour“ v rámci dotačního programu Pro Kreativní Brno",pass,Z9/03,52,44,5,0
2022-12-13-051,2022-12-13T09:31:13+00:00,36. Návrh na prodloužení termínu vyúčtování a návrh na změnu účelu účelových investičních a neinvestičních transferů poskytnutých městským částem,pass,Z9/03,51,45,0,5
2022-12-13-050,2022-12-13T09:30:40+00:00,"35. Návrh na změnu účelu využití části poskytnutého investičního transferu a poskytnutí investičního transferu Správě hřbitovů města Brna, příspěvkové organizaci – návrh rozpočtového opatření",pass,Z9/03,50,46,0,5
2022-12-13-049,2022-12-13T09:30:00+00:00,34. Návrh na změnu účelu použití neinvestičního transferu poskytnutého městské části Brno-Starý Lískovec – návrh rozpočtového opatření,pass,Z9/03,49,49,0,0
2022-12-13-048,2022-12-13T09:29:29+00:00,"33. Kancelář architekta města Brna, příspěvková organizace – návrh na prodloužení termínu vyúčtování schválených investičních transferů",pass,Z9/03,48,45,0,5
2022-12-13-047,2022-12-13T09:28:51+00:00,"31. Návrh na prodloužení termínu vyúčtování, změnu účelu a tvorba Fondu rezerv a rozvoje na základě očekávaného nedočerpání transferů poskytnutých městským částem v rámci postoupených příjmů od města Brna na rok 2022 – návrh rozpočtového opatření",pass,Z9/03,47,50,0,0
2022-12-13-046,2022-12-13T09:28:12+00:00,30. Návrh na převod transferů poskytnutých městským částem z rozpočtu Odboru investičního MMB v rámci postoupených příjmů od města na r. 2022 - návrh rozpočtového opatření,pass,Z9/03,46,51,0,0
2022-12-13-045,2022-12-13T09:27:38+00:00,29. Návrh rozpočtového opatření – kompenzace na zajištění vlakového spojení Brno – Letiště Vídeň,pass,Z9/03,45,48,0,1
2022-12-13-044,2022-12-13T09:24:37+00:00,29. Návrh rozpočtového opatření – kompenzace na zajištění vlakového spojení Brno – Letiště Vídeň,fail,Z9/03,44,5,0,0
2022-12-13-043,2022-12-13T09:24:04+00:00,"28. ""Mendlovo náměstí – úprava veřejného prostranství"" – Návrh rozpočtového opatření",pass,Z9/03,43,46,0,5
2022-12-13-042,2022-12-13T09:21:36+00:00,27. Realizace zelené střechy na objektu MMB Kounicova 67 - návrh rozpočtového opatření,pass,Z9/03,42,49,0,1
2022-12-13-041,2022-12-13T09:21:01+00:00,"26. Návrh rozpočtového opatření v souvislosti s realizací akce „Kytnerova, památková obnova zvonice, MČ Brno-Medlánky“",pass,Z9/03,41,51,0,0
2022-12-13-040,2022-12-13T09:20:32+00:00,25. Zapojení vyšších příjmů Odboru strategického rozvoje a spolupráce MMB na úhradu faktur za energie a služby Vysokému učení technickému v Brně – návrh rozpočtového opatření,pass,Z9/03,40,51,0,0
2022-12-13-039,2022-12-13T09:19:56+00:00,24. Návrh rozpočtového opatření – zajištění úhrady pronájmu plochy na veletrhu MIPIM 2023,pass,Z9/03,39,44,0,7
2022-12-13-038,2022-12-13T09:19:25+00:00,23. Návrh rozpočtového opatření – přesun běžných výdajů rozpočtu Odboru dopravy MMB na kompenzaci z veřejné přepravy cestujících,pass,Z9/03,38,51,0,0
2022-12-13-037,2022-12-13T09:18:52+00:00,22. Návrh na aktualizaci rozpočtu kapitálových výdajů Odboru městské informatiky MMB v roce 2022 – návrh rozpočtového opatření,pass,Z9/03,37,51,0,0
2022-12-13-036,2022-12-13T09:18:23+00:00,21. Návrh na úpravu rozpočtu a aktualizaci rozpočtu kapitálových výdajů Odboru kultury MMB v roce 2022 - návrh rozpočtových opatření,pass,Z9/03,36,51,0,0
2022-12-13-035,2022-12-13T09:17:52+00:00,20. Návrh rozpočtového opatření – aktualizace rozpočtu kapitálových a běžných výdajů Odboru dopravy MMB,pass,Z9/03,35,51,0,0
2022-12-13-034,2022-12-13T09:17:24+00:00,19. Návrh rozpočtového opatření – tvorba Fondu rezerv a rozvoje na základě očekávaného nedočerpání rozpočtu běžných a kapitálových výdajů Odboru školství a mládeže MMB roku 2022,pass,Z9/03,34,51,0,0
2022-12-13-033,2022-12-13T09:16:49+00:00,18. Aktualizace očekávaného čerpání rozpočtu kapitálových výdajů Odboru zdraví MMB v roce 2022 – návrh rozpočtového opatření,pass,Z9/03,33,51,0,0
2022-12-13-032,2022-12-13T09:16:18+00:00,17. Aktualizace očekávaného čerpání rozpočtu kapitálových výdajů Odboru správy majetku MMB v roce 2022 – návrh rozpočtového opatření,pass,Z9/03,32,48,0,0
2022-12-13-031,2022-12-13T09:15:36+00:00,15. Návrh Aktualizace Plánu financování obnovy vodovodů a kanalizací pro období 2023 až 2032,pass,Z9/03,31,49,0,0
2022-12-13-030,2022-12-13T09:08:35+00:00,14. Akční plán na období 2022-2024 Plánu sociálního začleňování statutárního města Brna 2022-2027,pass,Z9/03,30,45,2,3
2022-12-13-029,2022-12-13T08:51:31+00:00,"13. Návrh Protokolu č. 72 o předání majetku statutárního města Brna k hospodaření Veřejné zeleni města Brna, příspěvkové organizaci",pass,Z9/03,29,50,0,0
2022-12-13-028,2022-12-13T08:50:57+00:00,"12. Návrh Dodatku č. 7 ke Zřizovací listině Hvězdárny a planetária Brno, příspěvkové organizace",pass,Z9/03,28,48,1,1
2022-12-13-027,2022-12-13T08:30:59+00:00,"11. Žádost obchodní společnosti CD CENTRUM COMS, a. s., o vstup do Koncernu statutárního města Brna, návrh Dodatku č. 3 k Deklaraci Koncernu statutárního města Brna",pass,Z9/03,27,41,0,8
2022-12-13-026,2022-12-13T08:26:42+00:00,"10. Návrh na změnu zástupce statutárního města Brna v dozorčí radě obchodní společnosti Jihomoravská rozvojová společnost, s. r. o. - pí Jarošová",pass,Z9/03,26,41,0,9
2022-12-13-025,2022-12-13T08:26:04+00:00,"10. Návrh na změnu zástupce statutárního města Brna v dozorčí radě obchodní společnosti Jihomoravská rozvojová společnost, s. r. o. - p. Beznosik",fail,Z9/03,25,8,3,34
2022-12-13-024,2022-12-13T08:24:25+00:00,9. Návrh na jmenování zástupců statutárního města Brna v dobrovolném svazku obcí České dědictví UNESCO,pass,Z9/03,24,42,0,7
2022-12-13-023,2022-12-13T08:23:52+00:00,"8. Návrh změny stanov obchodní společnosti Technické sítě Brno, akciová společnost",pass,Z9/03,23,47,0,2
2022-12-13-022,2022-12-13T08:23:21+00:00,"7. Návrh změny stanov obchodní společnosti Teplárny Brno, a. s.",pass,Z9/03,22,47,0,2
2022-12-13-021,2022-12-13T08:22:51+00:00,"6. Návrh změny zakládací smlouvy a stanov Centrály cestovního ruchu – Jižní Morava, z. s. p. o.",pass,Z9/03,21,43,0,5
2022-12-13-020,2022-12-13T08:22:18+00:00,5. Návrh obecně závazné vyhlášky statutárního města Brna o místních poplatcích,pass,Z9/03,20,49,0,0
2022-12-13-019,2022-12-13T08:21:47+00:00,4. Návrh na udělení Ceny města Brna pro rok 2022,pass,Z9/03,19,46,0,3
2022-12-13-018,2022-12-13T08:21:10+00:00,4. Návrh na udělení Ceny města Brna pro rok 2022 - hlasování o 14. kandidátovi,pass,Z9/03,18,48,0,0
2022-12-13-017,2022-12-13T08:20:40+00:00,4. Návrh na udělení Ceny města Brna pro rok 2022 - hlasování o 13. kandidátovi,pass,Z9/03,17,45,5,0
2022-12-13-016,2022-12-13T08:20:14+00:00,4. Návrh na udělení Ceny města Brna pro rok 2022 - hlasování o 12. kandidátovi,pass,Z9/03,16,43,5,0
2022-12-13-015,2022-12-13T08:19:50+00:00,4. Návrh na udělení Ceny města Brna pro rok 2022 - hlasování o 11. kandidátovi,pass,Z9/03,15,49,0,0
2022-12-13-014,2022-12-13T08:19:26+00:00,4. Návrh na udělení Ceny města Brna pro rok 2022 - hlasování o 10. kandidátovi,pass,Z9/03,14,49,0,0
2022-12-13-013,2022-12-13T08:19:00+00:00,4. Návrh na udělení Ceny města Brna pro rok 2022 - hlasování o 9. kandidátovi,pass,Z9/03,13,49,0,0
2022-12-13-012,2022-12-13T08:18:31+00:00,4. Návrh na udělení Ceny města Brna pro rok 2022 - hlasování o 8. kandidátovi,pass,Z9/03,12,48,0,0
2022-12-13-011,2022-12-13T08:18:04+00:00,4. Návrh na udělení Ceny města Brna pro rok 2022 - hlasování o 7. kandidátovi,pass,Z9/03,11,50,0,0
2022-12-13-010,2022-12-13T08:17:42+00:00,4. Návrh na udělení Ceny města Brna pro rok 2022 - hlasování o 6. kandidátovi,pass,Z9/03,10,49,0,0
2022-12-13-009,2022-12-13T08:17:10+00:00,4. Návrh na udělení Ceny města Brna pro rok 2022 - hlasování o 5. kandidátovi,pass,Z9/03,9,50,0,0
2022-12-13-008,2022-12-13T08:16:52+00:00,4. Návrh na udělení Ceny města Brna pro rok 2022 - hlasování o 4. kandidátovi,pass,Z9/03,8,50,0,0
2022-12-13-007,2022-12-13T08:16:25+00:00,4. Návrh na udělení Ceny města Brna pro rok 2022 - hlasování o 3. kandidátovi,pass,Z9/03,7,49,0,0
2022-12-13-006,2022-12-13T08:16:03+00:00,4. Návrh na udělení Ceny města Brna pro rok 2022 - hlasování o 2. kandidátovi,pass,Z9/03,6,49,0,0
2022-12-13-005,2022-12-13T08:15:41+00:00,4. Návrh na udělení Ceny města Brna pro rok 2022 - hlasování o 1. kandidátovi,pass,Z9/03,5,48,0,0
2022-12-13-004,2022-12-13T08:14:42+00:00,"1. Technický bod (zapisovatelé, právní asistence, ověřovatelé zápisu, schválení programu zasedání ZMB) - program",pass,Z9/03,4,48,0,0
2022-12-13-003,2022-12-13T08:14:23+00:00,"1. Technický bod (zapisovatelé, právní asistence, ověřovatelé zápisu, schválení programu zasedání ZMB) - program - hlasování o zařazení bodu č. 100, 101, 102, 103, 104, 105, 106",pass,Z9/03,3,46,0,0
2022-12-13-002,2022-12-13T08:14:01+00:00,"1. Technický bod (zapisovatelé, právní asistence, ověřovatelé zápisu, schválení programu zasedání ZMB) - program - hlasování o stažení bodu č. 16, 32, 52, 53",pass,Z9/03,2,48,0,0
2022-12-13-001,2022-12-13T08:09:29+00:00,"1. Technický bod (zapisovatelé, právní asistence, ověřovatelé zápisu, schválení programu zasedání ZMB) - ověřovatelé zápisu",pass,Z9/03,1,45,0,0
2022-11-15-096,2022-11-15T11:04:20+00:00,"12. Návrh Dodatku č. 29 Smlouvy o závazku veřejné služby a kompenzaci z veřejné přepravy cestujících, uzavřené mezi statutárním městem Brnem a Dopravním podnikem města Brna, a. s.",pass,Z9/02,96,44,0,7
2022-11-15-095,2022-11-15T10:32:43+00:00,"95. Návrh Dodatku č.1 ke Smlouvě o spolupráci při výstavbě veřejné infrastruktury ""Městský blok Belle Rock“",pass,Z9/02,95,46,0,5
2022-11-15-094,2022-11-15T10:32:06+00:00,pokračování jednání,pass,Z9/02,94,49,1,3
2022-11-15-093,2022-11-15T10:30:52+00:00,94. Dodatek č. 1 ke smlouvě o poskytnutí individuální investiční dotace z rozpočtu města Brna na realizaci uměleckého díla k 200. výročí narození Gregora Johanna Mendela,pass,Z9/02,93,42,0,9
2022-11-15-092,2022-11-15T10:26:03+00:00,"93. Projekt ""Integrace ukrajinských uprchlíků ve městě Brně"" – návrh rozpočtového opatření",pass,Z9/02,92,45,4,0
2022-11-15-091,2022-11-15T10:25:14+00:00,"92. Návrh na změnu části usnesení Z9/01. zasedání Zastupitelstva města Brna, konaného dne 20. 10. 2022, bod č. 4 – návrh na rozšíření oblastí svěřených primátorce města Brna",pass,Z9/02,91,49,0,1
2022-11-15-090,2022-11-15T10:24:36+00:00,91. Návrh na poskytnutí investičních a neinvestičních transferů městským částem z rozpočtu Odboru školství a mládeže MMB v rámci postoupených příjmů od města na rok 2023,pass,Z9/02,90,47,0,4
2022-11-15-089,2022-11-15T10:20:12+00:00,"90. Návrh Smlouvy o spolupráci při výstavbě veřejné infrastruktury „Komunikace a odstavné plochy u prodejního objektu Halasovo náměstí, Brno – Lesná“",pass,Z9/02,89,51,0,0
2022-11-15-088,2022-11-15T10:19:36+00:00,89. Návrh Smlouvy o spolupráci při výstavbě veřejné infrastruktury „Nová Zvonařka s. r. o. – Polyfunkční městský projekt I. ETAPA – BLOK A“,pass,Z9/02,88,46,0,6
2022-11-15-087,2022-11-15T10:19:01+00:00,88. Návrh Smlouvy o spolupráci při výstavbě veřejné infrastruktury „Revitalizace areálu Obora“,pass,Z9/02,87,48,0,5
2022-11-15-086,2022-11-15T10:18:32+00:00,"87. Návrh Smlouvy o budoucí smlouvě darovací pro stavbu „MČ Brno–Chrlice, chodník a autobusové zálivy podél ulice Zámecká“",pass,Z9/02,86,51,0,0
2022-11-15-085,2022-11-15T10:18:04+00:00,"86. Návrh Smlouvy o budoucí smlouvě darovací stavby rozšíření silnice č. III/37915 a částí pozemků v k. ú. Lesná a k. ú. Husovice, do vlastnictví Jihomoravského kraje, pro stavbu „Prodloužení TT Lesná“",pass,Z9/02,85,51,0,0
2022-11-15-084,2022-11-15T10:17:26+00:00,85. Návrh Smlouvy o budoucí smlouvě darovací pro akci „SSZ Přístavní – Obvodová“,pass,Z9/02,84,49,0,0
2022-11-15-083,2022-11-15T10:16:57+00:00,"84. Návrh odnětí svěřeného majetku města městské části Brno-Tuřany, pozemků p. č. 436/1, p. č. 2360, p. č. 2362/1, p. č. 2367, p. č. 2372/1, p. č. 2372/2 v k. ú. Holásky",pass,Z9/02,83,47,0,5
2022-11-15-082,2022-11-15T10:16:23+00:00,"83. Návrh svěření majetku města městské části Brno-Bohunice, pozemek p. č. 203/12 v k. ú. Bohunice",pass,Z9/02,82,51,0,0
2022-11-15-081,2022-11-15T10:15:56+00:00,"82. Návrh směny části pozemku p. č. 294/1 za pozemek p. č. 267/26, vše v k. ú. Brněnské Ivanovice",pass,Z9/02,81,46,0,5
2022-11-15-080,2022-11-15T10:15:23+00:00,"81. Návrh nabytí pozemků p. č. 1193/3 a p. č. 1193/30, oba v k. ú. Bohunice",pass,Z9/02,80,46,0,5
2022-11-15-079,2022-11-15T10:14:51+00:00,80. Návrh na neuznání vlastnického práva k části pozemku p. č. 2714/1 v k. ú. Kohoutovice,pass,Z9/02,79,45,0,5
2022-11-15-078,2022-11-15T10:14:18+00:00,79. Návrh na uzavření dodatku č. 1 ke Smlouvě o uzavření budoucí kupní smlouvy č. 6319074508 s Masarykovou univerzitou,pass,Z9/02,78,52,0,0
2022-11-15-077,2022-11-15T10:13:47+00:00,Body č. 73-78,pass,Z9/02,77,54,0,0
2022-11-15-076,2022-11-15T10:13:03+00:00,"72. Nabídka předkupního práva ke stavbě bez č. p./č. e., způsob využití garáž, postavené na pozemku p. č. 744 v k. ú. Husovice - var. A",pass,Z9/02,76,54,0,0
2022-11-15-075,2022-11-15T10:12:13+00:00,"Body č. 69, 70, 71",pass,Z9/02,75,54,0,0
2022-11-15-074,2022-11-15T10:11:20+00:00,68. Záměr nabytí pozemku p. č. 3754/26 v k. ú. Královo Pole z vlastnictví České republiky-Ministerstva obrany do vlastnictví statutárního města Brna,pass,Z9/02,74,52,0,1
2022-11-15-073,2022-11-15T10:10:42+00:00,"67. Návrh nabytí pozemků v k. ú. Horní Heršpice pro stavbu ""Protipovodňová opatření města Brna – etapa XXX (lokalita Sokolova-Vomáčkova)"" do vlastnictví statutárního města Brna",pass,Z9/02,73,47,0,7
2022-11-15-072,2022-11-15T10:10:08+00:00,Body č. 63-66,pass,Z9/02,72,51,0,3
2022-11-15-071,2022-11-15T10:09:15+00:00,"62. Návrh pověření zástupce statutárního města Brna v představenstvu a na členských schůzích bytových družstev Dostupné bydlení Kamenný vrch II, bytové družstvo; Dostupné bydlení Francouzská, bytové družstvo; Dostupné bydlení V Aleji, bytové družstvo",pass,Z9/02,71,54,0,0
2022-11-15-070,2022-11-15T10:07:54+00:00,"62. Návrh pověření zástupce statutárního města Brna v představenstvu a na členských schůzích bytových družstev Dostupné bydlení Kamenný vrch II, bytové družstvo; Dostupné bydlení Francouzská, bytové družstvo; Dostupné bydlení V Aleji, bytové družstvo",pass,Z9/02,70,54,0,0
2022-11-15-069,2022-11-15T10:07:16+00:00,"61. Návrh na založení právnické osoby s názvem ""Společenství vlastníků Keřová 17, 19, Brno"" – společenství vlastníků jednotek pro dům č.p. 706 v k. ú. Žebětín, Brno",pass,Z9/02,69,54,0,0
2022-11-15-068,2022-11-15T10:06:43+00:00,"60. Návrh na založení právnických osob společenství vlastníků jednotek pro domy Zámezí č.p. 290, 291, 292, 298, 299, 300, Brno-Jehnice",pass,Z9/02,68,54,0,0
2022-11-15-067,2022-11-15T10:06:10+00:00,"59. Úprava rozpočtu Fondu bytové výstavby, návrh rozpočtového opatření",pass,Z9/02,67,48,0,5
2022-11-15-066,2022-11-15T10:05:38+00:00,"58. Projekty ""Fotovoltaický systém pro městskou část Brno-Líšeň"" – změna parametrů posouzení projektů",pass,Z9/02,66,47,0,5
2022-11-15-065,2022-11-15T10:05:06+00:00,"57. Projekt ""Podpora uplatnitelnosti ohrožených skupin trhu práce na území města Brna metodou Individual Placement and Support"" – posouzení projektu",pass,Z9/02,65,48,5,0
2022-11-15-064,2022-11-15T10:04:27+00:00,56. Projekt “Fotbalové centrum Brno – rekonstrukce hřiště UT 2“ – posouzení projektu,pass,Z9/02,64,53,0,0
2022-11-15-063,2022-11-15T10:03:54+00:00,"55. Projekt ""Rozšíření monitoringu a logování síťových prvků SMB"" – posouzení projektu",pass,Z9/02,63,47,0,6
2022-11-15-062,2022-11-15T10:03:25+00:00,"54. Projekt ""Brno pomáhá pečovat doma – Socio info point"" – posouzení projektu",pass,Z9/02,62,53,0,0
2022-11-15-061,2022-11-15T10:02:57+00:00,"53. Projekt ""Adaptace na pracovní pozice v rámci prostupného zaměstnávání"" – posouzení projektu",pass,Z9/02,61,47,0,5
2022-11-15-060,2022-11-15T10:02:24+00:00,"52. Projekt ""Řízení ITI BMO 4“ – změnové rozhodnutí o poskytnutí dotace",pass,Z9/02,60,53,0,0
2022-11-15-059,2022-11-15T10:01:56+00:00,"51. Projekt ""Zprostředkující subjekt ITI 3“ – změnové rozhodnutí o poskytnutí dotace",pass,Z9/02,59,53,0,0
2022-11-15-058,2022-11-15T10:01:24+00:00,"50. Projekt ""Místní akční plán rozvoje vzdělávání ve městě Brně III"" – rozhodnutí o poskytnutí dotace",pass,Z9/02,58,49,0,5
2022-11-15-057,2022-11-15T10:00:55+00:00,49. Finanční prostředky Fondu kofinancování projektů – listopad 2022 – návrh rozpočtového opatření,pass,Z9/02,57,49,0,5
2022-11-15-056,2022-11-15T10:00:20+00:00,"48. Žádost o prominutí části nájemného za pronájem bufetů – Brixton-gastro, s. r. o.",pass,Z9/02,56,44,5,2
2022-11-15-055,2022-11-15T09:59:47+00:00,47. Návrh dodatku č. 1 ke smlouvám č. 7222090993 a č. 7222091059 o poskytnutí neinvestiční dotace v rámci dotačního programu I – sociální služby pro rok 2022,pass,Z9/02,55,52,0,0
2022-11-15-054,2022-11-15T09:59:14+00:00,46. Návrh na snížení příspěvku zřizovatele příspěvkovým organizacím v působnosti Odboru sociální péče MMB na rok 2022 – návrh rozpočtového opatření,pass,Z9/02,54,53,0,0
2022-11-15-053,2022-11-15T09:58:36+00:00,"45. Návrh na poskytnutí individuální neinvestiční dotace spolku NADĚJE na projekt ""Humanitární ubytování pro matky s dětmi z Ukrajiny"" – návrh rozpočtového opatření",pass,Z9/02,53,50,4,0
2022-11-15-052,2022-11-15T09:51:42+00:00,44. Návrh na poskytnutí transferu městské části Brno-Řečkovice a Mokrá Hora a prodloužení termínů vyúčtování transferů v souvislosti s realizací projektů participativního rozpočtu – návrh rozpočtového opatření,pass,Z9/02,52,46,0,5
2022-11-15-051,2022-11-15T09:51:00+00:00,"43. Návrh na poskytnutí neinvestičního příspěvku Hvězdárně a planetáriu Brno, příspěvkové organizaci – návrh rozpočtového opatření",pass,Z9/02,51,35,8,5
2022-11-15-050,2022-11-15T09:36:54+00:00,Body č. 40-42,pass,Z9/02,50,53,0,0
2022-11-15-049,2022-11-15T09:35:46+00:00,"39. Návrh na poskytnutí individuální investiční dotace pobočnému spolku Technika Brno, baseball-softball, p. s., na projekt „Modernizace baseballového areálu VSK Technika Brno“ spolufinancovaný z rozpočtu NSA – návrh rozpočtového opatření",pass,Z9/02,49,52,0,0
2022-11-15-048,2022-11-15T09:35:08+00:00,38. Návrh na poskytnutí individuálních účelových neinvestičních a investičních dotací pro oblast tělovýchovy a sportu na rok 2022 – návrh rozpočtového opatření,pass,Z9/02,48,53,0,0
2022-11-15-047,2022-11-15T09:34:32+00:00,37. Návrh na poskytnutí účelových neinvestičních příspěvků základním školám na výuku hry na hudební nástroje – projekt OnStage Brno – návrh rozpočtového opatření,pass,Z9/02,47,49,4,1
2022-11-15-046,2022-11-15T09:32:03+00:00,36. Návrh na poskytnutí neinvestičních příspěvků základním školám na zajištění vzdělávacího projektu Příběhy našich sousedů – návrh rozpočtového opatření,pass,Z9/02,46,46,0,5
2022-11-15-045,2022-11-15T09:31:27+00:00,"35. Návrh na snížení neinvestičního příspěvku Městskému divadlu Brno, příspěvkové organizaci – návrh rozpočtového opatření",pass,Z9/02,45,52,0,0
2022-11-15-044,2022-11-15T09:30:56+00:00,"34. Návrh na změnu účelu využití části účelového neinvestičního příspěvku TIC BRNO, příspěvkové organizace",pass,Z9/02,44,49,5,0
2022-11-15-043,2022-11-15T09:30:23+00:00,33. Návrh na prodloužení termínu čerpání a vyúčtování schválených účelových neinvestičních příspěvků u příspěvkových organizací v působnosti Odboru kultury MMB,pass,Z9/02,43,49,0,5
2022-11-15-042,2022-11-15T09:29:43+00:00,32. Návrh na poskytnutí účelových neinvestičních příspěvků pro příspěvkové organizace v působnosti Odboru kultury MMB v roce 2022 – návrh rozpočtového opatření - bod 2,pass,Z9/02,42,48,0,5
2022-11-15-041,2022-11-15T09:29:05+00:00,32. Návrh na poskytnutí účelových neinvestičních příspěvků pro příspěvkové organizace v působnosti Odboru kultury MMB v roce 2022 – návrh rozpočtového opatření - pol. D,pass,Z9/02,41,50,0,4
2022-11-15-040,2022-11-15T09:28:43+00:00,32. Návrh na poskytnutí účelových neinvestičních příspěvků pro příspěvkové organizace v působnosti Odboru kultury MMB v roce 2022 – návrh rozpočtového opatření - pol. C,pass,Z9/02,40,46,0,4
2022-11-15-039,2022-11-15T09:28:20+00:00,32. Návrh na poskytnutí účelových neinvestičních příspěvků pro příspěvkové organizace v působnosti Odboru kultury MMB v roce 2022 – návrh rozpočtového opatření - pol. B,pass,Z9/02,39,52,0,0
2022-11-15-038,2022-11-15T09:27:52+00:00,32. Návrh na poskytnutí účelových neinvestičních příspěvků pro příspěvkové organizace v působnosti Odboru kultury MMB v roce 2022 – návrh rozpočtového opatření - pol. A,pass,Z9/02,38,47,5,0
2022-11-15-037,2022-11-15T09:24:46+00:00,"31. Návrh na změnu účelu transferu na investice poskytnutého Muzeu města Brna, příspěvkové organizaci, v roce 2022",pass,Z9/02,37,52,0,0
2022-11-15-036,2022-11-15T09:22:35+00:00,30. Žádosti o poskytnutí dotací dle Dotačního programu pro poskytnutí investičních dotací v oblasti kultury na nákup nezbytné techniky nebo hudebních nástrojů v roce 2022,pass,Z9/02,36,52,0,0
2022-11-15-035,2022-11-15T09:21:59+00:00,"29. Návrh na poskytnutí investičních dotací v rámci dotačního programu ""Podpora využití srážkové vody""",pass,Z9/02,35,46,0,5
2022-11-15-034,2022-11-15T09:21:26+00:00,"28. Návrh na poskytnutí investičních dotací v rámci dotačního programu ""Podpora vytváření zelených střech""",pass,Z9/02,34,47,0,5
2022-11-15-033,2022-11-15T09:20:57+00:00,27. Návrh rozpočtového opatření – stavební práce související s umístěním měřící stanice Komárov,pass,Z9/02,33,46,0,4
2022-11-15-032,2022-11-15T09:20:24+00:00,26. Návrh rozpočtového opatření na zajištění rekonstrukcí sběrných středisek odpadů,pass,Z9/02,32,45,5,0
2022-11-15-031,2022-11-15T09:18:42+00:00,25. Návrh rozpočtového opatření na zajištění provozu obecního systému odpadového hospodářství statutárního města Brna,pass,Z9/02,31,44,0,4
2022-11-15-030,2022-11-15T09:18:10+00:00,24. Návrh na poskytnutí investičních a neinvestičních transferů městským částem z rozpočtu Odboru investičního MMB v rámci postoupených příjmů od města na rok 2023,pass,Z9/02,30,47,0,5
2022-11-15-029,2022-11-15T09:17:30+00:00,23. Návrh rozpočtového opatření – pokrytí zvýšených výdajů Odboru správy majetku MMB na dodávky tepla v objektech ve správě Odboru správy majetku MMB,pass,Z9/02,29,47,0,6
2022-11-15-028,2022-11-15T09:16:56+00:00,"22. Úprava rozpočtu – přesun finančních prostředků v rámci rozpočtu Odboru správy majetku, návrh rozpočtového opatření",pass,Z9/02,28,48,0,5
2022-11-15-027,2022-11-15T09:16:25+00:00,21. Návrh rozpočtového opatření – aktualizace očekáváného čerpání rozpočtu běžných a kapitálových výdajů Odboru vnitřních věcí MMB v roce 2022,pass,Z9/02,27,46,0,5
2022-11-15-026,2022-11-15T09:15:51+00:00,"20. Návrh rozpočtového opatření – aktualizace rozpočtu kapitálových a běžných výdajů Odboru dopravy MMB, rozpočtu kapitálových výdajů Fondu mobility a rozpočtu kapitálových výdajů Fondu developerských projektů v roce 2022",pass,Z9/02,26,45,0,5
2022-11-15-025,2022-11-15T09:15:14+00:00,19. Aktualizace očekávaného čerpání rozpočtu běžných a kapitálových výdajů Odboru sportu MMB v roce 2022 – návrh rozpočtového opatření,pass,Z9/02,25,48,0,5
2022-11-15-024,2022-11-15T09:14:43+00:00,18. Návrh rozpočtového opatření – Aktualizace očekávaného čerpání rozpočtu běžných výdajů Odboru zdraví MMB v roce 2022,pass,Z9/02,24,46,0,5
2022-11-15-023,2022-11-15T09:14:11+00:00,17. Aktualizace očekávaného čerpání rozpočtu kapitálových výdajů Odboru strategického rozvoje a spolupráce MMB v roce 2022 – návrh rozpočtového opatření,pass,Z9/02,23,48,0,5
2022-11-15-022,2022-11-15T09:13:38+00:00,16. Aktualizace rozpočtu Odboru investičního MMB – listopad 2022 – návrh rozpočtového opatření,pass,Z9/02,22,45,0,5
2022-11-15-021,2022-11-15T09:13:03+00:00,15. Návrh rozpočtového opatření – aktualizace rozpočtu zdrojů města Brna na rok 2022,pass,Z9/02,21,48,0,5
2022-11-15-020,2022-11-15T09:12:33+00:00,"14. Návrh příjmů, které město Brno postoupí v roce 2023 do rozpočtů městských částí",pass,Z9/02,20,52,0,0
2022-11-15-019,2022-11-15T09:12:01+00:00,13. Výsledky hospodaření statutárního města Brna za I.-III. čtvrtletí roku 2022,pass,Z9/02,19,47,0,6
2022-11-15-018,2022-11-15T09:11:30+00:00,"11. Návrh Protokolu č. 28 o předání majetku statutárního města Brna k hospodaření Zoo Brno a stanici zájmových činností, příspěvkové organizaci",pass,Z9/02,18,47,0,5
2022-11-15-017,2022-11-15T09:10:53+00:00,10. Aktualizace Přílohy č. 3 Koncepce podpory požární ochrany a ochrany obyvatelstva ve městě Brně,pass,Z9/02,17,52,0,0
2022-11-15-016,2022-11-15T09:10:20+00:00,"9. Návrh změny stanov obchodní společnosti CD CENTRUM COMS, a. s.",pass,Z9/02,16,50,0,0
2022-11-15-015,2022-11-15T09:09:48+00:00,"8. Návrh změny stanov obchodní společnosti Veletrhy Brno, a. s.",pass,Z9/02,15,45,0,4
2022-11-15-014,2022-11-15T09:09:17+00:00,"7. Návrh změny stanov obchodní společnosti Brněnské komunikace, a. s.",pass,Z9/02,14,47,0,3
2022-11-15-013,2022-11-15T09:08:46+00:00,"6. Odměňování neuvolněných členů Zastupitelstva města Brna a členů komisí Rady města Brna a výborů Zastupitelstva města Brna, kteří nejsou členy Zastupitelstva města Brna",pass,Z9/02,13,49,0,2
2022-11-15-012,2022-11-15T09:03:55+00:00,Návrh zvýšení počtu členů Výboru pro národnostní menšiny Zastupitelstva města Brna a volba dalších členů - volba člena výboru - p. Vencálek,fail,Z9/02,12,6,0,33
2022-11-15-011,2022-11-15T09:03:30+00:00,Návrh zvýšení počtu členů Výboru pro národnostní menšiny Zastupitelstva města Brna a volba dalších členů - volba člena výboru - pí Dubová,pass,Z9/02,11,40,1,9
2022-11-15-010,2022-11-15T09:03:09+00:00,Návrh zvýšení počtu členů Výboru pro národnostní menšiny Zastupitelstva města Brna a volba dalších členů - volba člena výboru - p. Beznosik,fail,Z9/02,10,6,1,36
2022-11-15-009,2022-11-15T08:59:26+00:00,Návrh zvýšení počtu členů Výboru pro národnostní menšiny Zastupitelstva města Brna a volba dalších členů - volba člena výboru - p. Vencálek,fail,Z9/02,9,6,2,37
2022-11-15-008,2022-11-15T08:59:00+00:00,Návrh zvýšení počtu členů Výboru pro národnostní menšiny Zastupitelstva města Brna a volba dalších členů - volba člena výboru - pí Dubová,pass,Z9/02,8,43,2,7
2022-11-15-007,2022-11-15T08:58:27+00:00,Návrh zvýšení počtu členů Výboru pro národnostní menšiny Zastupitelstva města Brna a volba dalších členů - volba člena výboru - p. Beznosik,fail,Z9/02,7,6,3,36
2022-11-15-006,2022-11-15T08:31:55+00:00,5. Návrh zvýšení počtu členů Výboru pro národnostní menšiny Zastupitelstva města Brna a volba dalších členů - volba členů výboru,pass,Z9/02,6,52,0,0
2022-11-15-005,2022-11-15T08:23:58+00:00,5. Návrh zvýšení počtu členů Výboru pro národnostní menšiny Zastupitelstva města Brna a volba dalších členů - volba volební komise,pass,Z9/02,5,53,0,0
2022-11-15-004,2022-11-15T08:22:07+00:00,5. Návrh zvýšení počtu členů Výboru pro národnostní menšiny Zastupitelstva města Brna a volba dalších členů,pass,Z9/02,4,51,0,0
2022-11-15-003,2022-11-15T08:19:57+00:00,"1. Technický bod (zapisovatelé, právní asistence, ověřovatelé zápisu, schválení programu zasedání ZMB) - program",pass,Z9/02,3,54,0,0
2022-11-15-002,2022-11-15T08:19:39+00:00,"1. Technický bod (zapisovatelé, právní asistence, ověřovatelé zápisu, schválení programu zasedání ZMB) - program - hlasování o zařazení bodu č. 91, 92, 93, 94, 95",pass,Z9/02,2,54,0,0
2022-11-15-001,2022-11-15T08:14:45+00:00,"1. Technický bod (zapisovatelé, právní asistence, ověřovatelé zápisu, schválení programu zasedání ZMB) - ověřovatelé zápisu",pass,Z9/02,1,53,0,0
2022-10-20-040,2022-10-20T12:31:07+00:00,16. Určení člena Zastupitelstva města Brna pro spolupráci s Odborem územního plánování a rozvoje Magistrátu města Brnapři pořizování územně plánovací dokumentace a jejích změn,pass,Z9/01,40,48,0,6
2022-10-20-039,2022-10-20T12:30:19+00:00,15. Uložení úkolů neuvolněným členkám/členům Zastupitelstva města Brna,pass,Z9/01,39,49,0,4
2022-10-20-038,2022-10-20T12:29:15+00:00,14. Návrh harmonogramu zasedání Zastupitelstva města Brna do konce roku 2022 a v roce 2023,pass,Z9/01,38,52,0,0
2022-10-20-037,2022-10-20T12:28:15+00:00,13. Návrh na změny v orgánech obchodních společností s menší než 100% majetkovou účastí statutárního města Brna,pass,Z9/01,37,47,2,5
2022-10-20-036,2022-10-20T12:20:59+00:00,12. Návrh delegování zástupkyň/zástupců statutárního města Brna na valné hromady obchodních společností s menší než 100% majetkovou účastí města,pass,Z9/01,36,47,1,5
2022-10-20-035,2022-10-20T12:18:22+00:00,"11. Volba neuvolněných předsedkyň/předsedů, místopředsedkyň/místopředsedů a členek/členů výborů Zastupitelstva města Brna - ukládací část",pass,Z9/01,35,54,0,0
2022-10-20-034,2022-10-20T12:15:18+00:00,"11. Volba neuvolněných předsedkyň/předsedů, místopředsedkyň/místopředsedů a členek/členů výborů Zastupitelstva města Brna - Výbor pro národnostní menšiny - členové",pass,Z9/01,34,53,0,1
2022-10-20-033,2022-10-20T12:14:17+00:00,3. Zřízení výborů Zastupitelstva města Brna a stanovení počtu jejich členek/členů Výbor pro národnostní menšiny - počet členů 15,pass,Z9/01,33,53,0,1
2022-10-20-032,2022-10-20T12:08:37+00:00,"11. Volba neuvolněných předsedkyň/předsedů, místopředsedkyň/místopředsedů a členek/členů výborů Zastupitelstva města Brna - Výbor pro národnostní menšiny - místopředseda - JUDr. Michal Chládek, MBA",pass,Z9/01,32,46,0,8
2022-10-20-031,2022-10-20T12:05:26+00:00,"11. Volba neuvolněných předsedkyň/předsedů, místopředsedkyň/místopředsedů a členek/členů výborů Zastupitelstva města Brna - Výbor pro národnostní menšiny - předseda - Mgr. Břetislav Štefan",pass,Z9/01,31,47,2,5
2022-10-20-030,2022-10-20T12:00:03+00:00,"11. Volba neuvolněných předsedkyň/předsedů, místopředsedkyň/místopředsedů a členek/členů výborů Zastupitelstva města Brna - Kontrolní výbor - členové",pass,Z9/01,30,54,0,0
2022-10-20-029,2022-10-20T11:55:09+00:00,"11. Volba neuvolněných předsedkyň/předsedů, místopředsedkyň/místopředsedů a členek/členů výborů Zastupitelstva města Brna - Kontrolní výbor - místopředsedkyně - Mgr. Monika Lukášová Spilková, Ph.D.",pass,Z9/01,29,45,0,5
2022-10-20-028,2022-10-20T11:50:00+00:00,"11. Volba neuvolněných předsedkyň/předsedů, místopředsedkyň/místopředsedů a členek/členů výborů Zastupitelstva města Brna - Finanční výbor - členové",pass,Z9/01,28,53,0,1
2022-10-20-027,2022-10-20T11:45:42+00:00,"11. Volba neuvolněných předsedkyň/předsedů, místopředsedkyň/místopředsedů a členek/členů výborů Zastupitelstva města Brna - Finanční výbor - místopředseda - JUDr. Michal Marek",pass,Z9/01,27,47,0,7
2022-10-20-026,2022-10-20T11:41:57+00:00,"11. Volba neuvolněných předsedkyň/předsedů, místopředsedkyň/místopředsedů a členek/členů výborů Zastupitelstva města Brna - Finanční výbor - předsedkyně - Ing. Andrea Pazderová",pass,Z9/01,26,44,1,8
2022-10-20-025,2022-10-20T11:37:06+00:00,"10. Volební řád pro volbu neuvolněných předsedů, místopředsedů a členů výborů Zastupitelstva města Brna a volební komise pro jejich volbu - volba volební komise",pass,Z9/01,25,52,0,0
2022-10-20-024,2022-10-20T11:35:17+00:00,"10. Volební řád pro volbu neuvolněných předsedů, místopředsedů a členů výborů Zastupitelstva města Brna a volební komise pro jejich volbu - hlasování o upravené 1. části usnesení a o upraveném volebním řádu",pass,Z9/01,24,53,0,1
2022-10-20-023,2022-10-20T11:29:42+00:00,"9. Volba dalších dlouhodobě uvolněných členek/členů Zastupitelstva města Brna - předseda Kontrolního výboru Zastupitelstva města Brna - doc. MUDr. Tomáš Skřička, CSc.",pass,Z9/01,23,43,1,3
2022-10-20-022,2022-10-20T11:29:13+00:00,9. Volba dalších dlouhodobě uvolněných členek/členů Zastupitelstva města Brna - předseda Kontrolního výboru Zastupitelstva města Brna - Bc. Matěj Hollan,fail,Z9/01,22,4,12,30
2022-10-20-021,2022-10-20T10:24:49+00:00,"9. Volba dalších dlouhodobě uvolněných členek/členů Zastupitelstva města Brna - pro oblast inovace a spolupráce s výzkumnými organizacemi - doc. RNDr. Anna Putnová, Ph.D., MBA",pass,Z9/01,21,41,5,7
2022-10-20-020,2022-10-20T10:18:40+00:00,"9. Volba dalších dlouhodobě uvolněných členek/členů Zastupitelstva města Brna - pro oblast marketingu a PR - Bc. Kateřina Jarošová, MBA",pass,Z9/01,20,42,0,11
2022-10-20-019,2022-10-20T10:10:42+00:00,"8. Volba dalších členek/členů Rady města Brna - člen/členka Rady města Brna pro participativní rozpočet, Brno bezbariérové, zdravé město a prorodinnou politiku - RNDr. Filip Chvátal, Ph.D.",pass,Z9/01,19,43,5,5
2022-10-20-018,2022-10-20T10:04:09+00:00,8. Volba dalších členek/členů Rady města Brna - člen/členka Rady města Brna pro školství - JUDr. Irena Matonohová,pass,Z9/01,18,41,5,7
2022-10-20-017,2022-10-20T09:57:47+00:00,8. Volba dalších členek/členů Rady města Brna - člen/členka Rady města Brna pro majetek - JUDr. Jiří Oliva,pass,Z9/01,17,41,5,6
2022-10-20-016,2022-10-20T09:52:01+00:00,8. Volba dalších členek/členů Rady města Brna - člen/členka Rady města Brna pro územní plánování - Ing. arch. Petr Bořecký,pass,Z9/01,16,42,3,7
2022-10-20-015,2022-10-20T09:46:22+00:00,8. Volba dalších členek/členů Rady města Brna - člen/členka Rady města Brna pro sport a informační technologie - Bc. Tomáš Aberl,pass,Z9/01,15,43,6,5
2022-10-20-014,2022-10-20T09:38:08+00:00,8. Volba dalších členek/členů Rady města Brna - člen/členka Rady města Brna pro dopravu a správu městských účástí - Ing. Petr Kratochvíl,pass,Z9/01,14,41,5,7
2022-10-20-013,2022-10-20T09:30:18+00:00,7. Volba náměstkyň/náměstků primátorky města Brna - volba 4. náměstkyně/náměstka - Ing. Karin Karasová,pass,Z9/01,13,42,6,6
2022-10-20-012,2022-10-20T09:23:36+00:00,7. Volba náměstkyň/náměstků primátorky města Brna - volba 3. náměstkyně/náměstka - JUDr. Robert Kerndl,pass,Z9/01,12,42,5,7
2022-10-20-011,2022-10-20T09:16:59+00:00,7. Volba náměstkyň/náměstků primátorky města Brna - volba 2. náměstkyně/náměstka - Mgr. Jaroslav Suchý,pass,Z9/01,11,46,5,3
2022-10-20-010,2022-10-20T09:09:36+00:00,7. Volba náměstkyň/náměstků primátorky města Brna - volba 1. náměstkyně/náměstka - Mgr. René Černý,pass,Z9/01,10,42,5,7
2022-10-20-009,2022-10-20T08:59:34+00:00,6. Volba primátorky/primátora města Brna - JUDr. Markéta Vaňková,pass,Z9/01,9,42,5,7
2022-10-20-008,2022-10-20T08:58:20+00:00,6. Volba primátorky/primátora města Brna - JUDr. Markéta Vaňková,pass,Z9/01,8,41,5,7
2022-10-20-007,2022-10-20T08:48:06+00:00,"5. Volební řád pro volbu primátora, náměstků primátora, dalších členů Rady města Brna a pro volbu dalších dlouhodobě uvolněných členů Zastupitelstva města Brna a volební komise pro jejich volbu - volba volební komise",pass,Z9/01,7,53,0,1
2022-10-20-006,2022-10-20T08:45:21+00:00,"4. Určení funkcí, pro které budou členky/členové Zastupitelstva města Brna dlouhodobě uvolněny/uvolněni - 2. část usnesení",pass,Z9/01,6,45,0,7
2022-10-20-005,2022-10-20T08:43:33+00:00,"4. Určení funkcí, pro které budou členky/členové Zastupitelstva města Brna dlouhodobě uvolněny/uvolněni",pass,Z9/01,5,47,0,7
2022-10-20-004,2022-10-20T08:40:58+00:00,3. Zřízení výborů Zastupitelstva města Brna a stanovení počtu jejich členek/členů,pass,Z9/01,4,53,0,0
2022-10-20-003,2022-10-20T08:38:57+00:00,2. Stanovení počtu členek/členů Rady města Brna,pass,Z9/01,3,54,0,0
2022-10-20-002,2022-10-20T08:37:35+00:00,1. Technický bod - program,pass,Z9/01,2,54,0,0
2022-10-20-001,2022-10-20T08:36:15+00:00,1. Technický bod - ověřovatelé zápisu,pass,Z9/01,1,53,0,0
