vote_event_id,voter_id,voter_type,option
plasy:vote-event:2022-10-12-001,plasy:person:belbl-emanuel,person,yes
plasy:vote-event:2022-10-12-001,plasy:person:gross-vaclav,person,yes
plasy:vote-event:2022-10-12-001,plasy:person:hanzlicek-zdenek,person,yes
plasy:vote-event:2022-10-12-001,plasy:person:jezkova-martina,person,absent
plasy:vote-event:2022-10-12-001,plasy:person:kantor-poradkova-eva,person,yes
plasy:vote-event:2022-10-12-001,plasy:person:bezdickova-jitka,person,yes
plasy:vote-event:2022-10-12-001,plasy:person:kouba-tomas,person,yes
plasy:vote-event:2022-10-12-001,plasy:person:kovarik-petr,person,yes
plasy:vote-event:2022-10-12-001,plasy:person:neuman-petr,person,yes
plasy:vote-event:2022-10-12-001,plasy:person:novotny-jiri,person,yes
plasy:vote-event:2022-10-12-001,plasy:person:palmova-eliska,person,yes
plasy:vote-event:2022-10-12-001,plasy:person:pfeifer-lukas,person,yes
plasy:vote-event:2022-10-12-001,plasy:person:skop-michal,person,yes
plasy:vote-event:2022-10-12-001,plasy:person:tyrpeklova-zdenka,person,yes
plasy:vote-event:2022-10-12-001,plasy:person:urbanova-veronika,person,yes
plasy:vote-event:2022-10-12-002,plasy:person:belbl-emanuel,person,yes
plasy:vote-event:2022-10-12-002,plasy:person:gross-vaclav,person,yes
plasy:vote-event:2022-10-12-002,plasy:person:hanzlicek-zdenek,person,yes
plasy:vote-event:2022-10-12-002,plasy:person:jezkova-martina,person,absent
plasy:vote-event:2022-10-12-002,plasy:person:kantor-poradkova-eva,person,yes
plasy:vote-event:2022-10-12-002,plasy:person:bezdickova-jitka,person,yes
plasy:vote-event:2022-10-12-002,plasy:person:kouba-tomas,person,yes
plasy:vote-event:2022-10-12-002,plasy:person:kovarik-petr,person,yes
plasy:vote-event:2022-10-12-002,plasy:person:neuman-petr,person,yes
plasy:vote-event:2022-10-12-002,plasy:person:novotny-jiri,person,yes
plasy:vote-event:2022-10-12-002,plasy:person:palmova-eliska,person,yes
plasy:vote-event:2022-10-12-002,plasy:person:pfeifer-lukas,person,yes
plasy:vote-event:2022-10-12-002,plasy:person:skop-michal,person,yes
plasy:vote-event:2022-10-12-002,plasy:person:tyrpeklova-zdenka,person,yes
plasy:vote-event:2022-10-12-002,plasy:person:urbanova-veronika,person,yes
plasy:vote-event:2022-10-12-003,plasy:person:belbl-emanuel,person,yes
plasy:vote-event:2022-10-12-003,plasy:person:gross-vaclav,person,yes
plasy:vote-event:2022-10-12-003,plasy:person:hanzlicek-zdenek,person,yes
plasy:vote-event:2022-10-12-003,plasy:person:jezkova-martina,person,absent
plasy:vote-event:2022-10-12-003,plasy:person:kantor-poradkova-eva,person,yes
plasy:vote-event:2022-10-12-003,plasy:person:bezdickova-jitka,person,yes
plasy:vote-event:2022-10-12-003,plasy:person:kouba-tomas,person,yes
plasy:vote-event:2022-10-12-003,plasy:person:kovarik-petr,person,yes
plasy:vote-event:2022-10-12-003,plasy:person:neuman-petr,person,yes
plasy:vote-event:2022-10-12-003,plasy:person:novotny-jiri,person,yes
plasy:vote-event:2022-10-12-003,plasy:person:palmova-eliska,person,yes
plasy:vote-event:2022-10-12-003,plasy:person:pfeifer-lukas,person,yes
plasy:vote-event:2022-10-12-003,plasy:person:skop-michal,person,yes
plasy:vote-event:2022-10-12-003,plasy:person:tyrpeklova-zdenka,person,yes
plasy:vote-event:2022-10-12-003,plasy:person:urbanova-veronika,person,yes
plasy:vote-event:2022-10-12-004,plasy:person:belbl-emanuel,person,yes
plasy:vote-event:2022-10-12-004,plasy:person:gross-vaclav,person,yes
plasy:vote-event:2022-10-12-004,plasy:person:hanzlicek-zdenek,person,yes
plasy:vote-event:2022-10-12-004,plasy:person:jezkova-martina,person,absent
plasy:vote-event:2022-10-12-004,plasy:person:kantor-poradkova-eva,person,yes
plasy:vote-event:2022-10-12-004,plasy:person:bezdickova-jitka,person,yes
plasy:vote-event:2022-10-12-004,plasy:person:kouba-tomas,person,yes
plasy:vote-event:2022-10-12-004,plasy:person:kovarik-petr,person,yes
plasy:vote-event:2022-10-12-004,plasy:person:neuman-petr,person,yes
plasy:vote-event:2022-10-12-004,plasy:person:novotny-jiri,person,yes
plasy:vote-event:2022-10-12-004,plasy:person:palmova-eliska,person,yes
plasy:vote-event:2022-10-12-004,plasy:person:pfeifer-lukas,person,yes
plasy:vote-event:2022-10-12-004,plasy:person:skop-michal,person,yes
plasy:vote-event:2022-10-12-004,plasy:person:tyrpeklova-zdenka,person,yes
plasy:vote-event:2022-10-12-004,plasy:person:urbanova-veronika,person,yes
plasy:vote-event:2022-10-12-005,plasy:person:belbl-emanuel,person,yes
plasy:vote-event:2022-10-12-005,plasy:person:gross-vaclav,person,yes
plasy:vote-event:2022-10-12-005,plasy:person:hanzlicek-zdenek,person,yes
plasy:vote-event:2022-10-12-005,plasy:person:jezkova-martina,person,absent
plasy:vote-event:2022-10-12-005,plasy:person:kantor-poradkova-eva,person,yes
plasy:vote-event:2022-10-12-005,plasy:person:bezdickova-jitka,person,yes
plasy:vote-event:2022-10-12-005,plasy:person:kouba-tomas,person,yes
plasy:vote-event:2022-10-12-005,plasy:person:kovarik-petr,person,yes
plasy:vote-event:2022-10-12-005,plasy:person:neuman-petr,person,yes
plasy:vote-event:2022-10-12-005,plasy:person:novotny-jiri,person,yes
plasy:vote-event:2022-10-12-005,plasy:person:palmova-eliska,person,yes
plasy:vote-event:2022-10-12-005,plasy:person:pfeifer-lukas,person,yes
plasy:vote-event:2022-10-12-005,plasy:person:skop-michal,person,yes
plasy:vote-event:2022-10-12-005,plasy:person:tyrpeklova-zdenka,person,yes
plasy:vote-event:2022-10-12-005,plasy:person:urbanova-veronika,person,yes
plasy:vote-event:2022-10-12-006,plasy:person:belbl-emanuel,person,yes
plasy:vote-event:2022-10-12-006,plasy:person:gross-vaclav,person,yes
plasy:vote-event:2022-10-12-006,plasy:person:hanzlicek-zdenek,person,yes
plasy:vote-event:2022-10-12-006,plasy:person:jezkova-martina,person,absent
plasy:vote-event:2022-10-12-006,plasy:person:kantor-poradkova-eva,person,yes
plasy:vote-event:2022-10-12-006,plasy:person:bezdickova-jitka,person,yes
plasy:vote-event:2022-10-12-006,plasy:person:kouba-tomas,person,yes
plasy:vote-event:2022-10-12-006,plasy:person:kovarik-petr,person,yes
plasy:vote-event:2022-10-12-006,plasy:person:neuman-petr,person,yes
plasy:vote-event:2022-10-12-006,plasy:person:novotny-jiri,person,yes
plasy:vote-event:2022-10-12-006,plasy:person:palmova-eliska,person,yes
plasy:vote-event:2022-10-12-006,plasy:person:pfeifer-lukas,person,yes
plasy:vote-event:2022-10-12-006,plasy:person:skop-michal,person,yes
plasy:vote-event:2022-10-12-006,plasy:person:tyrpeklova-zdenka,person,yes
plasy:vote-event:2022-10-12-006,plasy:person:urbanova-veronika,person,yes
plasy:vote-event:2022-10-12-007,plasy:person:belbl-emanuel,person,abstain
plasy:vote-event:2022-10-12-007,plasy:person:gross-vaclav,person,yes
plasy:vote-event:2022-10-12-007,plasy:person:hanzlicek-zdenek,person,no
plasy:vote-event:2022-10-12-007,plasy:person:jezkova-martina,person,absent
plasy:vote-event:2022-10-12-007,plasy:person:kantor-poradkova-eva,person,yes
plasy:vote-event:2022-10-12-007,plasy:person:bezdickova-jitka,person,yes
plasy:vote-event:2022-10-12-007,plasy:person:kouba-tomas,person,no
plasy:vote-event:2022-10-12-007,plasy:person:kovarik-petr,person,no
plasy:vote-event:2022-10-12-007,plasy:person:neuman-petr,person,yes
plasy:vote-event:2022-10-12-007,plasy:person:novotny-jiri,person,no
plasy:vote-event:2022-10-12-007,plasy:person:palmova-eliska,person,yes
plasy:vote-event:2022-10-12-007,plasy:person:pfeifer-lukas,person,yes
plasy:vote-event:2022-10-12-007,plasy:person:skop-michal,person,yes
plasy:vote-event:2022-10-12-007,plasy:person:tyrpeklova-zdenka,person,yes
plasy:vote-event:2022-10-12-007,plasy:person:urbanova-veronika,person,yes
plasy:vote-event:2022-10-12-008,plasy:person:belbl-emanuel,person,abstain
plasy:vote-event:2022-10-12-008,plasy:person:gross-vaclav,person,yes
plasy:vote-event:2022-10-12-008,plasy:person:hanzlicek-zdenek,person,abstain
plasy:vote-event:2022-10-12-008,plasy:person:jezkova-martina,person,absent
plasy:vote-event:2022-10-12-008,plasy:person:kantor-poradkova-eva,person,yes
plasy:vote-event:2022-10-12-008,plasy:person:bezdickova-jitka,person,yes
plasy:vote-event:2022-10-12-008,plasy:person:kouba-tomas,person,yes
plasy:vote-event:2022-10-12-008,plasy:person:kovarik-petr,person,yes
plasy:vote-event:2022-10-12-008,plasy:person:neuman-petr,person,yes
plasy:vote-event:2022-10-12-008,plasy:person:novotny-jiri,person,yes
plasy:vote-event:2022-10-12-008,plasy:person:palmova-eliska,person,yes
plasy:vote-event:2022-10-12-008,plasy:person:pfeifer-lukas,person,yes
plasy:vote-event:2022-10-12-008,plasy:person:skop-michal,person,yes
plasy:vote-event:2022-10-12-008,plasy:person:tyrpeklova-zdenka,person,yes
plasy:vote-event:2022-10-12-008,plasy:person:urbanova-veronika,person,yes
plasy:vote-event:2022-10-12-009,plasy:person:belbl-emanuel,person,yes
plasy:vote-event:2022-10-12-009,plasy:person:gross-vaclav,person,yes
plasy:vote-event:2022-10-12-009,plasy:person:hanzlicek-zdenek,person,yes
plasy:vote-event:2022-10-12-009,plasy:person:jezkova-martina,person,absent
plasy:vote-event:2022-10-12-009,plasy:person:kantor-poradkova-eva,person,yes
plasy:vote-event:2022-10-12-009,plasy:person:bezdickova-jitka,person,yes
plasy:vote-event:2022-10-12-009,plasy:person:kouba-tomas,person,yes
plasy:vote-event:2022-10-12-009,plasy:person:kovarik-petr,person,yes
plasy:vote-event:2022-10-12-009,plasy:person:neuman-petr,person,yes
plasy:vote-event:2022-10-12-009,plasy:person:novotny-jiri,person,yes
plasy:vote-event:2022-10-12-009,plasy:person:palmova-eliska,person,yes
plasy:vote-event:2022-10-12-009,plasy:person:pfeifer-lukas,person,yes
plasy:vote-event:2022-10-12-009,plasy:person:skop-michal,person,yes
plasy:vote-event:2022-10-12-009,plasy:person:tyrpeklova-zdenka,person,yes
plasy:vote-event:2022-10-12-009,plasy:person:urbanova-veronika,person,yes
plasy:vote-event:2022-10-12-010,plasy:person:belbl-emanuel,person,yes
plasy:vote-event:2022-10-12-010,plasy:person:gross-vaclav,person,yes
plasy:vote-event:2022-10-12-010,plasy:person:hanzlicek-zdenek,person,abstain
plasy:vote-event:2022-10-12-010,plasy:person:jezkova-martina,person,absent
plasy:vote-event:2022-10-12-010,plasy:person:kantor-poradkova-eva,person,yes
plasy:vote-event:2022-10-12-010,plasy:person:bezdickova-jitka,person,yes
plasy:vote-event:2022-10-12-010,plasy:person:kouba-tomas,person,yes
plasy:vote-event:2022-10-12-010,plasy:person:kovarik-petr,person,yes
plasy:vote-event:2022-10-12-010,plasy:person:neuman-petr,person,yes
plasy:vote-event:2022-10-12-010,plasy:person:novotny-jiri,person,yes
plasy:vote-event:2022-10-12-010,plasy:person:palmova-eliska,person,yes
plasy:vote-event:2022-10-12-010,plasy:person:pfeifer-lukas,person,yes
plasy:vote-event:2022-10-12-010,plasy:person:skop-michal,person,yes
plasy:vote-event:2022-10-12-010,plasy:person:tyrpeklova-zdenka,person,yes
plasy:vote-event:2022-10-12-010,plasy:person:urbanova-veronika,person,yes
plasy:vote-event:2022-10-12-011,plasy:person:belbl-emanuel,person,yes
plasy:vote-event:2022-10-12-011,plasy:person:gross-vaclav,person,yes
plasy:vote-event:2022-10-12-011,plasy:person:hanzlicek-zdenek,person,yes
plasy:vote-event:2022-10-12-011,plasy:person:jezkova-martina,person,absent
plasy:vote-event:2022-10-12-011,plasy:person:kantor-poradkova-eva,person,yes
plasy:vote-event:2022-10-12-011,plasy:person:bezdickova-jitka,person,yes
plasy:vote-event:2022-10-12-011,plasy:person:kouba-tomas,person,yes
plasy:vote-event:2022-10-12-011,plasy:person:kovarik-petr,person,yes
plasy:vote-event:2022-10-12-011,plasy:person:neuman-petr,person,yes
plasy:vote-event:2022-10-12-011,plasy:person:novotny-jiri,person,yes
plasy:vote-event:2022-10-12-011,plasy:person:palmova-eliska,person,yes
plasy:vote-event:2022-10-12-011,plasy:person:pfeifer-lukas,person,yes
plasy:vote-event:2022-10-12-011,plasy:person:skop-michal,person,yes
plasy:vote-event:2022-10-12-011,plasy:person:tyrpeklova-zdenka,person,yes
plasy:vote-event:2022-10-12-011,plasy:person:urbanova-veronika,person,yes
plasy:vote-event:2022-10-12-012,plasy:person:belbl-emanuel,person,yes
plasy:vote-event:2022-10-12-012,plasy:person:gross-vaclav,person,yes
plasy:vote-event:2022-10-12-012,plasy:person:hanzlicek-zdenek,person,yes
plasy:vote-event:2022-10-12-012,plasy:person:jezkova-martina,person,absent
plasy:vote-event:2022-10-12-012,plasy:person:kantor-poradkova-eva,person,yes
plasy:vote-event:2022-10-12-012,plasy:person:bezdickova-jitka,person,yes
plasy:vote-event:2022-10-12-012,plasy:person:kouba-tomas,person,yes
plasy:vote-event:2022-10-12-012,plasy:person:kovarik-petr,person,yes
plasy:vote-event:2022-10-12-012,plasy:person:neuman-petr,person,yes
plasy:vote-event:2022-10-12-012,plasy:person:novotny-jiri,person,yes
plasy:vote-event:2022-10-12-012,plasy:person:palmova-eliska,person,yes
plasy:vote-event:2022-10-12-012,plasy:person:pfeifer-lukas,person,yes
plasy:vote-event:2022-10-12-012,plasy:person:skop-michal,person,yes
plasy:vote-event:2022-10-12-012,plasy:person:tyrpeklova-zdenka,person,yes
plasy:vote-event:2022-10-12-012,plasy:person:urbanova-veronika,person,yes
plasy:vote-event:2022-10-12-013,plasy:person:belbl-emanuel,person,no
plasy:vote-event:2022-10-12-013,plasy:person:gross-vaclav,person,yes
plasy:vote-event:2022-10-12-013,plasy:person:hanzlicek-zdenek,person,no
plasy:vote-event:2022-10-12-013,plasy:person:jezkova-martina,person,absent
plasy:vote-event:2022-10-12-013,plasy:person:kantor-poradkova-eva,person,yes
plasy:vote-event:2022-10-12-013,plasy:person:bezdickova-jitka,person,yes
plasy:vote-event:2022-10-12-013,plasy:person:kouba-tomas,person,no
plasy:vote-event:2022-10-12-013,plasy:person:kovarik-petr,person,no
plasy:vote-event:2022-10-12-013,plasy:person:neuman-petr,person,yes
plasy:vote-event:2022-10-12-013,plasy:person:novotny-jiri,person,no
plasy:vote-event:2022-10-12-013,plasy:person:palmova-eliska,person,yes
plasy:vote-event:2022-10-12-013,plasy:person:pfeifer-lukas,person,yes
plasy:vote-event:2022-10-12-013,plasy:person:skop-michal,person,yes
plasy:vote-event:2022-10-12-013,plasy:person:tyrpeklova-zdenka,person,yes
plasy:vote-event:2022-10-12-013,plasy:person:urbanova-veronika,person,yes
plasy:vote-event:2022-10-12-014,plasy:person:belbl-emanuel,person,abstain
plasy:vote-event:2022-10-12-014,plasy:person:gross-vaclav,person,yes
plasy:vote-event:2022-10-12-014,plasy:person:hanzlicek-zdenek,person,abstain
plasy:vote-event:2022-10-12-014,plasy:person:jezkova-martina,person,absent
plasy:vote-event:2022-10-12-014,plasy:person:kantor-poradkova-eva,person,yes
plasy:vote-event:2022-10-12-014,plasy:person:bezdickova-jitka,person,yes
plasy:vote-event:2022-10-12-014,plasy:person:kouba-tomas,person,abstain
plasy:vote-event:2022-10-12-014,plasy:person:kovarik-petr,person,abstain
plasy:vote-event:2022-10-12-014,plasy:person:neuman-petr,person,yes
plasy:vote-event:2022-10-12-014,plasy:person:novotny-jiri,person,abstain
plasy:vote-event:2022-10-12-014,plasy:person:palmova-eliska,person,yes
plasy:vote-event:2022-10-12-014,plasy:person:pfeifer-lukas,person,yes
plasy:vote-event:2022-10-12-014,plasy:person:skop-michal,person,yes
plasy:vote-event:2022-10-12-014,plasy:person:tyrpeklova-zdenka,person,yes
plasy:vote-event:2022-10-12-014,plasy:person:urbanova-veronika,person,yes
plasy:vote-event:2022-10-12-015,plasy:person:belbl-emanuel,person,yes
plasy:vote-event:2022-10-12-015,plasy:person:gross-vaclav,person,yes
plasy:vote-event:2022-10-12-015,plasy:person:hanzlicek-zdenek,person,abstain
plasy:vote-event:2022-10-12-015,plasy:person:jezkova-martina,person,absent
plasy:vote-event:2022-10-12-015,plasy:person:kantor-poradkova-eva,person,yes
plasy:vote-event:2022-10-12-015,plasy:person:bezdickova-jitka,person,yes
plasy:vote-event:2022-10-12-015,plasy:person:kouba-tomas,person,yes
plasy:vote-event:2022-10-12-015,plasy:person:kovarik-petr,person,yes
plasy:vote-event:2022-10-12-015,plasy:person:neuman-petr,person,yes
plasy:vote-event:2022-10-12-015,plasy:person:novotny-jiri,person,abstain
plasy:vote-event:2022-10-12-015,plasy:person:palmova-eliska,person,yes
plasy:vote-event:2022-10-12-015,plasy:person:pfeifer-lukas,person,yes
plasy:vote-event:2022-10-12-015,plasy:person:skop-michal,person,yes
plasy:vote-event:2022-10-12-015,plasy:person:tyrpeklova-zdenka,person,yes
plasy:vote-event:2022-10-12-015,plasy:person:urbanova-veronika,person,yes
plasy:vote-event:2022-10-12-016,plasy:person:belbl-emanuel,person,yes
plasy:vote-event:2022-10-12-016,plasy:person:gross-vaclav,person,yes
plasy:vote-event:2022-10-12-016,plasy:person:hanzlicek-zdenek,person,abstain
plasy:vote-event:2022-10-12-016,plasy:person:jezkova-martina,person,absent
plasy:vote-event:2022-10-12-016,plasy:person:kantor-poradkova-eva,person,yes
plasy:vote-event:2022-10-12-016,plasy:person:bezdickova-jitka,person,yes
plasy:vote-event:2022-10-12-016,plasy:person:kouba-tomas,person,yes
plasy:vote-event:2022-10-12-016,plasy:person:kovarik-petr,person,abstain
plasy:vote-event:2022-10-12-016,plasy:person:neuman-petr,person,yes
plasy:vote-event:2022-10-12-016,plasy:person:novotny-jiri,person,abstain
plasy:vote-event:2022-10-12-016,plasy:person:palmova-eliska,person,yes
plasy:vote-event:2022-10-12-016,plasy:person:pfeifer-lukas,person,yes
plasy:vote-event:2022-10-12-016,plasy:person:skop-michal,person,yes
plasy:vote-event:2022-10-12-016,plasy:person:tyrpeklova-zdenka,person,yes
plasy:vote-event:2022-10-12-016,plasy:person:urbanova-veronika,person,yes
plasy:vote-event:2022-10-12-017,plasy:person:belbl-emanuel,person,yes
plasy:vote-event:2022-10-12-017,plasy:person:gross-vaclav,person,yes
plasy:vote-event:2022-10-12-017,plasy:person:hanzlicek-zdenek,person,abstain
plasy:vote-event:2022-10-12-017,plasy:person:jezkova-martina,person,absent
plasy:vote-event:2022-10-12-017,plasy:person:kantor-poradkova-eva,person,yes
plasy:vote-event:2022-10-12-017,plasy:person:bezdickova-jitka,person,yes
plasy:vote-event:2022-10-12-017,plasy:person:kouba-tomas,person,yes
plasy:vote-event:2022-10-12-017,plasy:person:kovarik-petr,person,abstain
plasy:vote-event:2022-10-12-017,plasy:person:neuman-petr,person,yes
plasy:vote-event:2022-10-12-017,plasy:person:novotny-jiri,person,abstain
plasy:vote-event:2022-10-12-017,plasy:person:palmova-eliska,person,yes
plasy:vote-event:2022-10-12-017,plasy:person:pfeifer-lukas,person,yes
plasy:vote-event:2022-10-12-017,plasy:person:skop-michal,person,yes
plasy:vote-event:2022-10-12-017,plasy:person:tyrpeklova-zdenka,person,yes
plasy:vote-event:2022-10-12-017,plasy:person:urbanova-veronika,person,yes
plasy:vote-event:2022-10-12-018,plasy:person:belbl-emanuel,person,abstain
plasy:vote-event:2022-10-12-018,plasy:person:gross-vaclav,person,yes
plasy:vote-event:2022-10-12-018,plasy:person:hanzlicek-zdenek,person,abstain
plasy:vote-event:2022-10-12-018,plasy:person:jezkova-martina,person,absent
plasy:vote-event:2022-10-12-018,plasy:person:kantor-poradkova-eva,person,yes
plasy:vote-event:2022-10-12-018,plasy:person:bezdickova-jitka,person,yes
plasy:vote-event:2022-10-12-018,plasy:person:kouba-tomas,person,yes
plasy:vote-event:2022-10-12-018,plasy:person:kovarik-petr,person,yes
plasy:vote-event:2022-10-12-018,plasy:person:neuman-petr,person,yes
plasy:vote-event:2022-10-12-018,plasy:person:novotny-jiri,person,no
plasy:vote-event:2022-10-12-018,plasy:person:palmova-eliska,person,yes
plasy:vote-event:2022-10-12-018,plasy:person:pfeifer-lukas,person,yes
plasy:vote-event:2022-10-12-018,plasy:person:skop-michal,person,yes
plasy:vote-event:2022-10-12-018,plasy:person:tyrpeklova-zdenka,person,yes
plasy:vote-event:2022-10-12-018,plasy:person:urbanova-veronika,person,yes
plasy:vote-event:2022-10-12-019,plasy:person:belbl-emanuel,person,yes
plasy:vote-event:2022-10-12-019,plasy:person:gross-vaclav,person,yes
plasy:vote-event:2022-10-12-019,plasy:person:hanzlicek-zdenek,person,yes
plasy:vote-event:2022-10-12-019,plasy:person:jezkova-martina,person,absent
plasy:vote-event:2022-10-12-019,plasy:person:kantor-poradkova-eva,person,yes
plasy:vote-event:2022-10-12-019,plasy:person:bezdickova-jitka,person,yes
plasy:vote-event:2022-10-12-019,plasy:person:kouba-tomas,person,yes
plasy:vote-event:2022-10-12-019,plasy:person:kovarik-petr,person,yes
plasy:vote-event:2022-10-12-019,plasy:person:neuman-petr,person,yes
plasy:vote-event:2022-10-12-019,plasy:person:novotny-jiri,person,yes
plasy:vote-event:2022-10-12-019,plasy:person:palmova-eliska,person,yes
plasy:vote-event:2022-10-12-019,plasy:person:pfeifer-lukas,person,yes
plasy:vote-event:2022-10-12-019,plasy:person:skop-michal,person,yes
plasy:vote-event:2022-10-12-019,plasy:person:tyrpeklova-zdenka,person,yes
plasy:vote-event:2022-10-12-019,plasy:person:urbanova-veronika,person,yes
plasy:vote-event:2022-10-12-020,plasy:person:belbl-emanuel,person,yes
plasy:vote-event:2022-10-12-020,plasy:person:gross-vaclav,person,yes
plasy:vote-event:2022-10-12-020,plasy:person:hanzlicek-zdenek,person,yes
plasy:vote-event:2022-10-12-020,plasy:person:jezkova-martina,person,absent
plasy:vote-event:2022-10-12-020,plasy:person:kantor-poradkova-eva,person,yes
plasy:vote-event:2022-10-12-020,plasy:person:bezdickova-jitka,person,yes
plasy:vote-event:2022-10-12-020,plasy:person:kouba-tomas,person,yes
plasy:vote-event:2022-10-12-020,plasy:person:kovarik-petr,person,yes
plasy:vote-event:2022-10-12-020,plasy:person:neuman-petr,person,yes
plasy:vote-event:2022-10-12-020,plasy:person:novotny-jiri,person,yes
plasy:vote-event:2022-10-12-020,plasy:person:palmova-eliska,person,yes
plasy:vote-event:2022-10-12-020,plasy:person:pfeifer-lukas,person,yes
plasy:vote-event:2022-10-12-020,plasy:person:skop-michal,person,yes
plasy:vote-event:2022-10-12-020,plasy:person:tyrpeklova-zdenka,person,yes
plasy:vote-event:2022-10-12-020,plasy:person:urbanova-veronika,person,yes
plasy:vote-event:2022-10-12-021,plasy:person:belbl-emanuel,person,yes
plasy:vote-event:2022-10-12-021,plasy:person:gross-vaclav,person,yes
plasy:vote-event:2022-10-12-021,plasy:person:hanzlicek-zdenek,person,yes
plasy:vote-event:2022-10-12-021,plasy:person:jezkova-martina,person,absent
plasy:vote-event:2022-10-12-021,plasy:person:kantor-poradkova-eva,person,yes
plasy:vote-event:2022-10-12-021,plasy:person:bezdickova-jitka,person,yes
plasy:vote-event:2022-10-12-021,plasy:person:kouba-tomas,person,yes
plasy:vote-event:2022-10-12-021,plasy:person:kovarik-petr,person,yes
plasy:vote-event:2022-10-12-021,plasy:person:neuman-petr,person,yes
plasy:vote-event:2022-10-12-021,plasy:person:novotny-jiri,person,yes
plasy:vote-event:2022-10-12-021,plasy:person:palmova-eliska,person,yes
plasy:vote-event:2022-10-12-021,plasy:person:pfeifer-lukas,person,yes
plasy:vote-event:2022-10-12-021,plasy:person:skop-michal,person,yes
plasy:vote-event:2022-10-12-021,plasy:person:tyrpeklova-zdenka,person,yes
plasy:vote-event:2022-10-12-021,plasy:person:urbanova-veronika,person,yes
plasy:vote-event:2022-10-12-022,plasy:person:belbl-emanuel,person,yes
plasy:vote-event:2022-10-12-022,plasy:person:gross-vaclav,person,yes
plasy:vote-event:2022-10-12-022,plasy:person:hanzlicek-zdenek,person,yes
plasy:vote-event:2022-10-12-022,plasy:person:jezkova-martina,person,absent
plasy:vote-event:2022-10-12-022,plasy:person:kantor-poradkova-eva,person,yes
plasy:vote-event:2022-10-12-022,plasy:person:bezdickova-jitka,person,yes
plasy:vote-event:2022-10-12-022,plasy:person:kouba-tomas,person,yes
plasy:vote-event:2022-10-12-022,plasy:person:kovarik-petr,person,yes
plasy:vote-event:2022-10-12-022,plasy:person:neuman-petr,person,yes
plasy:vote-event:2022-10-12-022,plasy:person:novotny-jiri,person,yes
plasy:vote-event:2022-10-12-022,plasy:person:palmova-eliska,person,yes
plasy:vote-event:2022-10-12-022,plasy:person:pfeifer-lukas,person,yes
plasy:vote-event:2022-10-12-022,plasy:person:skop-michal,person,yes
plasy:vote-event:2022-10-12-022,plasy:person:tyrpeklova-zdenka,person,yes
plasy:vote-event:2022-10-12-022,plasy:person:urbanova-veronika,person,yes
plasy:vote-event:2022-10-12-023,plasy:person:belbl-emanuel,person,yes
plasy:vote-event:2022-10-12-023,plasy:person:gross-vaclav,person,yes
plasy:vote-event:2022-10-12-023,plasy:person:hanzlicek-zdenek,person,yes
plasy:vote-event:2022-10-12-023,plasy:person:jezkova-martina,person,absent
plasy:vote-event:2022-10-12-023,plasy:person:kantor-poradkova-eva,person,yes
plasy:vote-event:2022-10-12-023,plasy:person:bezdickova-jitka,person,yes
plasy:vote-event:2022-10-12-023,plasy:person:kouba-tomas,person,yes
plasy:vote-event:2022-10-12-023,plasy:person:kovarik-petr,person,yes
plasy:vote-event:2022-10-12-023,plasy:person:neuman-petr,person,yes
plasy:vote-event:2022-10-12-023,plasy:person:novotny-jiri,person,yes
plasy:vote-event:2022-10-12-023,plasy:person:palmova-eliska,person,yes
plasy:vote-event:2022-10-12-023,plasy:person:pfeifer-lukas,person,yes
plasy:vote-event:2022-10-12-023,plasy:person:skop-michal,person,yes
plasy:vote-event:2022-10-12-023,plasy:person:tyrpeklova-zdenka,person,yes
plasy:vote-event:2022-10-12-023,plasy:person:urbanova-veronika,person,yes
plasy:vote-event:2022-10-12-024,plasy:person:belbl-emanuel,person,yes
plasy:vote-event:2022-10-12-024,plasy:person:gross-vaclav,person,yes
plasy:vote-event:2022-10-12-024,plasy:person:hanzlicek-zdenek,person,abstain
plasy:vote-event:2022-10-12-024,plasy:person:jezkova-martina,person,absent
plasy:vote-event:2022-10-12-024,plasy:person:kantor-poradkova-eva,person,yes
plasy:vote-event:2022-10-12-024,plasy:person:bezdickova-jitka,person,yes
plasy:vote-event:2022-10-12-024,plasy:person:kouba-tomas,person,yes
plasy:vote-event:2022-10-12-024,plasy:person:kovarik-petr,person,yes
plasy:vote-event:2022-10-12-024,plasy:person:neuman-petr,person,yes
plasy:vote-event:2022-10-12-024,plasy:person:novotny-jiri,person,abstain
plasy:vote-event:2022-10-12-024,plasy:person:palmova-eliska,person,yes
plasy:vote-event:2022-10-12-024,plasy:person:pfeifer-lukas,person,yes
plasy:vote-event:2022-10-12-024,plasy:person:skop-michal,person,yes
plasy:vote-event:2022-10-12-024,plasy:person:tyrpeklova-zdenka,person,yes
plasy:vote-event:2022-10-12-024,plasy:person:urbanova-veronika,person,yes
plasy:vote-event:2022-10-12-025,plasy:person:belbl-emanuel,person,abstain
plasy:vote-event:2022-10-12-025,plasy:person:gross-vaclav,person,yes
plasy:vote-event:2022-10-12-025,plasy:person:hanzlicek-zdenek,person,abstain
plasy:vote-event:2022-10-12-025,plasy:person:jezkova-martina,person,absent
plasy:vote-event:2022-10-12-025,plasy:person:kantor-poradkova-eva,person,yes
plasy:vote-event:2022-10-12-025,plasy:person:bezdickova-jitka,person,yes
plasy:vote-event:2022-10-12-025,plasy:person:kouba-tomas,person,yes
plasy:vote-event:2022-10-12-025,plasy:person:kovarik-petr,person,yes
plasy:vote-event:2022-10-12-025,plasy:person:neuman-petr,person,yes
plasy:vote-event:2022-10-12-025,plasy:person:novotny-jiri,person,abstain
plasy:vote-event:2022-10-12-025,plasy:person:palmova-eliska,person,yes
plasy:vote-event:2022-10-12-025,plasy:person:pfeifer-lukas,person,yes
plasy:vote-event:2022-10-12-025,plasy:person:skop-michal,person,yes
plasy:vote-event:2022-10-12-025,plasy:person:tyrpeklova-zdenka,person,yes
plasy:vote-event:2022-10-12-025,plasy:person:urbanova-veronika,person,yes
plasy:vote-event:2022-10-12-026,plasy:person:belbl-emanuel,person,abstain
plasy:vote-event:2022-10-12-026,plasy:person:gross-vaclav,person,yes
plasy:vote-event:2022-10-12-026,plasy:person:hanzlicek-zdenek,person,abstain
plasy:vote-event:2022-10-12-026,plasy:person:jezkova-martina,person,absent
plasy:vote-event:2022-10-12-026,plasy:person:kantor-poradkova-eva,person,yes
plasy:vote-event:2022-10-12-026,plasy:person:bezdickova-jitka,person,yes
plasy:vote-event:2022-10-12-026,plasy:person:kouba-tomas,person,yes
plasy:vote-event:2022-10-12-026,plasy:person:kovarik-petr,person,yes
plasy:vote-event:2022-10-12-026,plasy:person:neuman-petr,person,yes
plasy:vote-event:2022-10-12-026,plasy:person:novotny-jiri,person,abstain
plasy:vote-event:2022-10-12-026,plasy:person:palmova-eliska,person,yes
plasy:vote-event:2022-10-12-026,plasy:person:pfeifer-lukas,person,yes
plasy:vote-event:2022-10-12-026,plasy:person:skop-michal,person,yes
plasy:vote-event:2022-10-12-026,plasy:person:tyrpeklova-zdenka,person,yes
plasy:vote-event:2022-10-12-026,plasy:person:urbanova-veronika,person,yes
plasy:vote-event:2022-11-23-001,plasy:person:belbl-emanuel,person,yes
plasy:vote-event:2022-11-23-001,plasy:person:gross-vaclav,person,yes
plasy:vote-event:2022-11-23-001,plasy:person:hanzlicek-zdenek,person,yes
plasy:vote-event:2022-11-23-001,plasy:person:jezkova-martina,person,yes
plasy:vote-event:2022-11-23-001,plasy:person:kantor-poradkova-eva,person,yes
plasy:vote-event:2022-11-23-001,plasy:person:bezdickova-jitka,person,yes
plasy:vote-event:2022-11-23-001,plasy:person:kouba-tomas,person,yes
plasy:vote-event:2022-11-23-001,plasy:person:kovarik-petr,person,yes
plasy:vote-event:2022-11-23-001,plasy:person:neuman-petr,person,yes
plasy:vote-event:2022-11-23-001,plasy:person:novotny-jiri,person,yes
plasy:vote-event:2022-11-23-001,plasy:person:palmova-eliska,person,yes
plasy:vote-event:2022-11-23-001,plasy:person:pfeifer-lukas,person,yes
plasy:vote-event:2022-11-23-001,plasy:person:skop-michal,person,yes
plasy:vote-event:2022-11-23-001,plasy:person:tyrpeklova-zdenka,person,yes
plasy:vote-event:2022-11-23-001,plasy:person:urbanova-veronika,person,yes
plasy:vote-event:2022-11-23-002,plasy:person:belbl-emanuel,person,yes
plasy:vote-event:2022-11-23-002,plasy:person:gross-vaclav,person,yes
plasy:vote-event:2022-11-23-002,plasy:person:hanzlicek-zdenek,person,yes
plasy:vote-event:2022-11-23-002,plasy:person:jezkova-martina,person,yes
plasy:vote-event:2022-11-23-002,plasy:person:kantor-poradkova-eva,person,yes
plasy:vote-event:2022-11-23-002,plasy:person:bezdickova-jitka,person,yes
plasy:vote-event:2022-11-23-002,plasy:person:kouba-tomas,person,yes
plasy:vote-event:2022-11-23-002,plasy:person:kovarik-petr,person,yes
plasy:vote-event:2022-11-23-002,plasy:person:neuman-petr,person,yes
plasy:vote-event:2022-11-23-002,plasy:person:novotny-jiri,person,yes
plasy:vote-event:2022-11-23-002,plasy:person:palmova-eliska,person,yes
plasy:vote-event:2022-11-23-002,plasy:person:pfeifer-lukas,person,yes
plasy:vote-event:2022-11-23-002,plasy:person:skop-michal,person,yes
plasy:vote-event:2022-11-23-002,plasy:person:tyrpeklova-zdenka,person,yes
plasy:vote-event:2022-11-23-002,plasy:person:urbanova-veronika,person,yes
plasy:vote-event:2022-11-23-003,plasy:person:belbl-emanuel,person,yes
plasy:vote-event:2022-11-23-003,plasy:person:gross-vaclav,person,yes
plasy:vote-event:2022-11-23-003,plasy:person:hanzlicek-zdenek,person,yes
plasy:vote-event:2022-11-23-003,plasy:person:jezkova-martina,person,yes
plasy:vote-event:2022-11-23-003,plasy:person:kantor-poradkova-eva,person,yes
plasy:vote-event:2022-11-23-003,plasy:person:bezdickova-jitka,person,yes
plasy:vote-event:2022-11-23-003,plasy:person:kouba-tomas,person,yes
plasy:vote-event:2022-11-23-003,plasy:person:kovarik-petr,person,yes
plasy:vote-event:2022-11-23-003,plasy:person:neuman-petr,person,yes
plasy:vote-event:2022-11-23-003,plasy:person:novotny-jiri,person,yes
plasy:vote-event:2022-11-23-003,plasy:person:palmova-eliska,person,yes
plasy:vote-event:2022-11-23-003,plasy:person:pfeifer-lukas,person,yes
plasy:vote-event:2022-11-23-003,plasy:person:skop-michal,person,yes
plasy:vote-event:2022-11-23-003,plasy:person:tyrpeklova-zdenka,person,yes
plasy:vote-event:2022-11-23-003,plasy:person:urbanova-veronika,person,yes
plasy:vote-event:2022-11-23-004,plasy:person:belbl-emanuel,person,yes
plasy:vote-event:2022-11-23-004,plasy:person:gross-vaclav,person,yes
plasy:vote-event:2022-11-23-004,plasy:person:hanzlicek-zdenek,person,abstain
plasy:vote-event:2022-11-23-004,plasy:person:jezkova-martina,person,yes
plasy:vote-event:2022-11-23-004,plasy:person:kantor-poradkova-eva,person,yes
plasy:vote-event:2022-11-23-004,plasy:person:bezdickova-jitka,person,yes
plasy:vote-event:2022-11-23-004,plasy:person:kouba-tomas,person,yes
plasy:vote-event:2022-11-23-004,plasy:person:kovarik-petr,person,yes
plasy:vote-event:2022-11-23-004,plasy:person:neuman-petr,person,yes
plasy:vote-event:2022-11-23-004,plasy:person:novotny-jiri,person,abstain
plasy:vote-event:2022-11-23-004,plasy:person:palmova-eliska,person,yes
plasy:vote-event:2022-11-23-004,plasy:person:pfeifer-lukas,person,yes
plasy:vote-event:2022-11-23-004,plasy:person:skop-michal,person,yes
plasy:vote-event:2022-11-23-004,plasy:person:tyrpeklova-zdenka,person,yes
plasy:vote-event:2022-11-23-004,plasy:person:urbanova-veronika,person,yes
plasy:vote-event:2022-11-23-005,plasy:person:belbl-emanuel,person,yes
plasy:vote-event:2022-11-23-005,plasy:person:gross-vaclav,person,yes
plasy:vote-event:2022-11-23-005,plasy:person:hanzlicek-zdenek,person,abstain
plasy:vote-event:2022-11-23-005,plasy:person:jezkova-martina,person,abstain
plasy:vote-event:2022-11-23-005,plasy:person:kantor-poradkova-eva,person,yes
plasy:vote-event:2022-11-23-005,plasy:person:bezdickova-jitka,person,yes
plasy:vote-event:2022-11-23-005,plasy:person:kouba-tomas,person,yes
plasy:vote-event:2022-11-23-005,plasy:person:kovarik-petr,person,yes
plasy:vote-event:2022-11-23-005,plasy:person:neuman-petr,person,yes
plasy:vote-event:2022-11-23-005,plasy:person:novotny-jiri,person,yes
plasy:vote-event:2022-11-23-005,plasy:person:palmova-eliska,person,yes
plasy:vote-event:2022-11-23-005,plasy:person:pfeifer-lukas,person,yes
plasy:vote-event:2022-11-23-005,plasy:person:skop-michal,person,yes
plasy:vote-event:2022-11-23-005,plasy:person:tyrpeklova-zdenka,person,yes
plasy:vote-event:2022-11-23-005,plasy:person:urbanova-veronika,person,yes
plasy:vote-event:2022-11-23-006,plasy:person:belbl-emanuel,person,yes
plasy:vote-event:2022-11-23-006,plasy:person:gross-vaclav,person,yes
plasy:vote-event:2022-11-23-006,plasy:person:hanzlicek-zdenek,person,abstain
plasy:vote-event:2022-11-23-006,plasy:person:jezkova-martina,person,yes
plasy:vote-event:2022-11-23-006,plasy:person:kantor-poradkova-eva,person,yes
plasy:vote-event:2022-11-23-006,plasy:person:bezdickova-jitka,person,yes
plasy:vote-event:2022-11-23-006,plasy:person:kouba-tomas,person,yes
plasy:vote-event:2022-11-23-006,plasy:person:kovarik-petr,person,yes
plasy:vote-event:2022-11-23-006,plasy:person:neuman-petr,person,yes
plasy:vote-event:2022-11-23-006,plasy:person:novotny-jiri,person,abstain
plasy:vote-event:2022-11-23-006,plasy:person:palmova-eliska,person,yes
plasy:vote-event:2022-11-23-006,plasy:person:pfeifer-lukas,person,yes
plasy:vote-event:2022-11-23-006,plasy:person:skop-michal,person,yes
plasy:vote-event:2022-11-23-006,plasy:person:tyrpeklova-zdenka,person,yes
plasy:vote-event:2022-11-23-006,plasy:person:urbanova-veronika,person,yes
plasy:vote-event:2022-11-23-007,plasy:person:belbl-emanuel,person,yes
plasy:vote-event:2022-11-23-007,plasy:person:gross-vaclav,person,yes
plasy:vote-event:2022-11-23-007,plasy:person:hanzlicek-zdenek,person,abstain
plasy:vote-event:2022-11-23-007,plasy:person:jezkova-martina,person,yes
plasy:vote-event:2022-11-23-007,plasy:person:kantor-poradkova-eva,person,yes
plasy:vote-event:2022-11-23-007,plasy:person:bezdickova-jitka,person,yes
plasy:vote-event:2022-11-23-007,plasy:person:kouba-tomas,person,yes
plasy:vote-event:2022-11-23-007,plasy:person:kovarik-petr,person,yes
plasy:vote-event:2022-11-23-007,plasy:person:neuman-petr,person,yes
plasy:vote-event:2022-11-23-007,plasy:person:novotny-jiri,person,abstain
plasy:vote-event:2022-11-23-007,plasy:person:palmova-eliska,person,yes
plasy:vote-event:2022-11-23-007,plasy:person:pfeifer-lukas,person,yes
plasy:vote-event:2022-11-23-007,plasy:person:skop-michal,person,yes
plasy:vote-event:2022-11-23-007,plasy:person:tyrpeklova-zdenka,person,yes
plasy:vote-event:2022-11-23-007,plasy:person:urbanova-veronika,person,yes
plasy:vote-event:2022-11-23-008,plasy:person:belbl-emanuel,person,abstain
plasy:vote-event:2022-11-23-008,plasy:person:gross-vaclav,person,yes
plasy:vote-event:2022-11-23-008,plasy:person:hanzlicek-zdenek,person,abstain
plasy:vote-event:2022-11-23-008,plasy:person:jezkova-martina,person,yes
plasy:vote-event:2022-11-23-008,plasy:person:kantor-poradkova-eva,person,yes
plasy:vote-event:2022-11-23-008,plasy:person:bezdickova-jitka,person,yes
plasy:vote-event:2022-11-23-008,plasy:person:kouba-tomas,person,yes
plasy:vote-event:2022-11-23-008,plasy:person:kovarik-petr,person,yes
plasy:vote-event:2022-11-23-008,plasy:person:neuman-petr,person,yes
plasy:vote-event:2022-11-23-008,plasy:person:novotny-jiri,person,abstain
plasy:vote-event:2022-11-23-008,plasy:person:palmova-eliska,person,yes
plasy:vote-event:2022-11-23-008,plasy:person:pfeifer-lukas,person,yes
plasy:vote-event:2022-11-23-008,plasy:person:skop-michal,person,yes
plasy:vote-event:2022-11-23-008,plasy:person:tyrpeklova-zdenka,person,yes
plasy:vote-event:2022-11-23-008,plasy:person:urbanova-veronika,person,yes
plasy:vote-event:2022-11-23-009,plasy:person:belbl-emanuel,person,yes
plasy:vote-event:2022-11-23-009,plasy:person:gross-vaclav,person,yes
plasy:vote-event:2022-11-23-009,plasy:person:hanzlicek-zdenek,person,abstain
plasy:vote-event:2022-11-23-009,plasy:person:jezkova-martina,person,yes
plasy:vote-event:2022-11-23-009,plasy:person:kantor-poradkova-eva,person,yes
plasy:vote-event:2022-11-23-009,plasy:person:bezdickova-jitka,person,yes
plasy:vote-event:2022-11-23-009,plasy:person:kouba-tomas,person,yes
plasy:vote-event:2022-11-23-009,plasy:person:kovarik-petr,person,yes
plasy:vote-event:2022-11-23-009,plasy:person:neuman-petr,person,yes
plasy:vote-event:2022-11-23-009,plasy:person:novotny-jiri,person,yes
plasy:vote-event:2022-11-23-009,plasy:person:palmova-eliska,person,yes
plasy:vote-event:2022-11-23-009,plasy:person:pfeifer-lukas,person,yes
plasy:vote-event:2022-11-23-009,plasy:person:skop-michal,person,yes
plasy:vote-event:2022-11-23-009,plasy:person:tyrpeklova-zdenka,person,yes
plasy:vote-event:2022-11-23-009,plasy:person:urbanova-veronika,person,yes
plasy:vote-event:2022-11-23-010,plasy:person:belbl-emanuel,person,yes
plasy:vote-event:2022-11-23-010,plasy:person:gross-vaclav,person,yes
plasy:vote-event:2022-11-23-010,plasy:person:hanzlicek-zdenek,person,yes
plasy:vote-event:2022-11-23-010,plasy:person:jezkova-martina,person,yes
plasy:vote-event:2022-11-23-010,plasy:person:kantor-poradkova-eva,person,yes
plasy:vote-event:2022-11-23-010,plasy:person:bezdickova-jitka,person,yes
plasy:vote-event:2022-11-23-010,plasy:person:kouba-tomas,person,yes
plasy:vote-event:2022-11-23-010,plasy:person:kovarik-petr,person,yes
plasy:vote-event:2022-11-23-010,plasy:person:neuman-petr,person,yes
plasy:vote-event:2022-11-23-010,plasy:person:novotny-jiri,person,yes
plasy:vote-event:2022-11-23-010,plasy:person:palmova-eliska,person,yes
plasy:vote-event:2022-11-23-010,plasy:person:pfeifer-lukas,person,yes
plasy:vote-event:2022-11-23-010,plasy:person:skop-michal,person,yes
plasy:vote-event:2022-11-23-010,plasy:person:tyrpeklova-zdenka,person,yes
plasy:vote-event:2022-11-23-010,plasy:person:urbanova-veronika,person,yes
plasy:vote-event:2022-11-23-011,plasy:person:belbl-emanuel,person,abstain
plasy:vote-event:2022-11-23-011,plasy:person:gross-vaclav,person,yes
plasy:vote-event:2022-11-23-011,plasy:person:hanzlicek-zdenek,person,abstain
plasy:vote-event:2022-11-23-011,plasy:person:jezkova-martina,person,yes
plasy:vote-event:2022-11-23-011,plasy:person:kantor-poradkova-eva,person,yes
plasy:vote-event:2022-11-23-011,plasy:person:bezdickova-jitka,person,yes
plasy:vote-event:2022-11-23-011,plasy:person:kouba-tomas,person,yes
plasy:vote-event:2022-11-23-011,plasy:person:kovarik-petr,person,yes
plasy:vote-event:2022-11-23-011,plasy:person:neuman-petr,person,yes
plasy:vote-event:2022-11-23-011,plasy:person:novotny-jiri,person,abstain
plasy:vote-event:2022-11-23-011,plasy:person:palmova-eliska,person,yes
plasy:vote-event:2022-11-23-011,plasy:person:pfeifer-lukas,person,yes
plasy:vote-event:2022-11-23-011,plasy:person:skop-michal,person,yes
plasy:vote-event:2022-11-23-011,plasy:person:tyrpeklova-zdenka,person,yes
plasy:vote-event:2022-11-23-011,plasy:person:urbanova-veronika,person,yes
plasy:vote-event:2022-11-23-012,plasy:person:belbl-emanuel,person,no
plasy:vote-event:2022-11-23-012,plasy:person:gross-vaclav,person,yes
plasy:vote-event:2022-11-23-012,plasy:person:hanzlicek-zdenek,person,no
plasy:vote-event:2022-11-23-012,plasy:person:jezkova-martina,person,yes
plasy:vote-event:2022-11-23-012,plasy:person:kantor-poradkova-eva,person,yes
plasy:vote-event:2022-11-23-012,plasy:person:bezdickova-jitka,person,no
plasy:vote-event:2022-11-23-012,plasy:person:kouba-tomas,person,yes
plasy:vote-event:2022-11-23-012,plasy:person:kovarik-petr,person,yes
plasy:vote-event:2022-11-23-012,plasy:person:neuman-petr,person,yes
plasy:vote-event:2022-11-23-012,plasy:person:novotny-jiri,person,no
plasy:vote-event:2022-11-23-012,plasy:person:palmova-eliska,person,yes
plasy:vote-event:2022-11-23-012,plasy:person:pfeifer-lukas,person,yes
plasy:vote-event:2022-11-23-012,plasy:person:skop-michal,person,yes
plasy:vote-event:2022-11-23-012,plasy:person:tyrpeklova-zdenka,person,yes
plasy:vote-event:2022-11-23-012,plasy:person:urbanova-veronika,person,yes
plasy:vote-event:2022-11-23-013,plasy:person:belbl-emanuel,person,abstain
plasy:vote-event:2022-11-23-013,plasy:person:gross-vaclav,person,no
plasy:vote-event:2022-11-23-013,plasy:person:hanzlicek-zdenek,person,yes
plasy:vote-event:2022-11-23-013,plasy:person:jezkova-martina,person,no
plasy:vote-event:2022-11-23-013,plasy:person:kantor-poradkova-eva,person,no
plasy:vote-event:2022-11-23-013,plasy:person:bezdickova-jitka,person,abstain
plasy:vote-event:2022-11-23-013,plasy:person:kouba-tomas,person,abstain
plasy:vote-event:2022-11-23-013,plasy:person:kovarik-petr,person,abstain
plasy:vote-event:2022-11-23-013,plasy:person:neuman-petr,person,no
plasy:vote-event:2022-11-23-013,plasy:person:novotny-jiri,person,yes
plasy:vote-event:2022-11-23-013,plasy:person:palmova-eliska,person,no
plasy:vote-event:2022-11-23-013,plasy:person:pfeifer-lukas,person,no
plasy:vote-event:2022-11-23-013,plasy:person:skop-michal,person,no
plasy:vote-event:2022-11-23-013,plasy:person:tyrpeklova-zdenka,person,no
plasy:vote-event:2022-11-23-013,plasy:person:urbanova-veronika,person,no
plasy:vote-event:2022-11-23-014,plasy:person:belbl-emanuel,person,yes
plasy:vote-event:2022-11-23-014,plasy:person:gross-vaclav,person,yes
plasy:vote-event:2022-11-23-014,plasy:person:hanzlicek-zdenek,person,abstain
plasy:vote-event:2022-11-23-014,plasy:person:jezkova-martina,person,yes
plasy:vote-event:2022-11-23-014,plasy:person:kantor-poradkova-eva,person,yes
plasy:vote-event:2022-11-23-014,plasy:person:bezdickova-jitka,person,yes
plasy:vote-event:2022-11-23-014,plasy:person:kouba-tomas,person,yes
plasy:vote-event:2022-11-23-014,plasy:person:kovarik-petr,person,yes
plasy:vote-event:2022-11-23-014,plasy:person:neuman-petr,person,yes
plasy:vote-event:2022-11-23-014,plasy:person:novotny-jiri,person,abstain
plasy:vote-event:2022-11-23-014,plasy:person:palmova-eliska,person,yes
plasy:vote-event:2022-11-23-014,plasy:person:pfeifer-lukas,person,yes
plasy:vote-event:2022-11-23-014,plasy:person:skop-michal,person,yes
plasy:vote-event:2022-11-23-014,plasy:person:tyrpeklova-zdenka,person,yes
plasy:vote-event:2022-11-23-014,plasy:person:urbanova-veronika,person,yes
plasy:vote-event:2022-11-23-015,plasy:person:belbl-emanuel,person,yes
plasy:vote-event:2022-11-23-015,plasy:person:gross-vaclav,person,yes
plasy:vote-event:2022-11-23-015,plasy:person:hanzlicek-zdenek,person,yes
plasy:vote-event:2022-11-23-015,plasy:person:jezkova-martina,person,yes
plasy:vote-event:2022-11-23-015,plasy:person:kantor-poradkova-eva,person,yes
plasy:vote-event:2022-11-23-015,plasy:person:bezdickova-jitka,person,yes
plasy:vote-event:2022-11-23-015,plasy:person:kouba-tomas,person,yes
plasy:vote-event:2022-11-23-015,plasy:person:kovarik-petr,person,yes
plasy:vote-event:2022-11-23-015,plasy:person:neuman-petr,person,yes
plasy:vote-event:2022-11-23-015,plasy:person:novotny-jiri,person,yes
plasy:vote-event:2022-11-23-015,plasy:person:palmova-eliska,person,yes
plasy:vote-event:2022-11-23-015,plasy:person:pfeifer-lukas,person,yes
plasy:vote-event:2022-11-23-015,plasy:person:skop-michal,person,yes
plasy:vote-event:2022-11-23-015,plasy:person:tyrpeklova-zdenka,person,yes
plasy:vote-event:2022-11-23-015,plasy:person:urbanova-veronika,person,yes
plasy:vote-event:2022-12-19-001,plasy:person:belbl-emanuel,person,yes
plasy:vote-event:2022-12-19-001,plasy:person:gross-vaclav,person,yes
plasy:vote-event:2022-12-19-001,plasy:person:hanzlicek-zdenek,person,yes
plasy:vote-event:2022-12-19-001,plasy:person:jezkova-martina,person,yes
plasy:vote-event:2022-12-19-001,plasy:person:kantor-poradkova-eva,person,yes
plasy:vote-event:2022-12-19-001,plasy:person:bezdickova-jitka,person,yes
plasy:vote-event:2022-12-19-001,plasy:person:kouba-tomas,person,yes
plasy:vote-event:2022-12-19-001,plasy:person:kovarik-petr,person,yes
plasy:vote-event:2022-12-19-001,plasy:person:neuman-petr,person,yes
plasy:vote-event:2022-12-19-001,plasy:person:novotny-jiri,person,yes
plasy:vote-event:2022-12-19-001,plasy:person:palmova-eliska,person,yes
plasy:vote-event:2022-12-19-001,plasy:person:pfeifer-lukas,person,yes
plasy:vote-event:2022-12-19-001,plasy:person:skop-michal,person,yes
plasy:vote-event:2022-12-19-001,plasy:person:tyrpeklova-zdenka,person,yes
plasy:vote-event:2022-12-19-001,plasy:person:urbanova-veronika,person,yes
plasy:vote-event:2022-12-19-002,plasy:person:belbl-emanuel,person,no
plasy:vote-event:2022-12-19-002,plasy:person:gross-vaclav,person,yes
plasy:vote-event:2022-12-19-002,plasy:person:hanzlicek-zdenek,person,no
plasy:vote-event:2022-12-19-002,plasy:person:jezkova-martina,person,yes
plasy:vote-event:2022-12-19-002,plasy:person:kantor-poradkova-eva,person,yes
plasy:vote-event:2022-12-19-002,plasy:person:bezdickova-jitka,person,no
plasy:vote-event:2022-12-19-002,plasy:person:kouba-tomas,person,no
plasy:vote-event:2022-12-19-002,plasy:person:kovarik-petr,person,no
plasy:vote-event:2022-12-19-002,plasy:person:neuman-petr,person,yes
plasy:vote-event:2022-12-19-002,plasy:person:novotny-jiri,person,no
plasy:vote-event:2022-12-19-002,plasy:person:palmova-eliska,person,yes
plasy:vote-event:2022-12-19-002,plasy:person:pfeifer-lukas,person,yes
plasy:vote-event:2022-12-19-002,plasy:person:skop-michal,person,yes
plasy:vote-event:2022-12-19-002,plasy:person:tyrpeklova-zdenka,person,no
plasy:vote-event:2022-12-19-002,plasy:person:urbanova-veronika,person,yes
plasy:vote-event:2022-12-19-003,plasy:person:belbl-emanuel,person,yes
plasy:vote-event:2022-12-19-003,plasy:person:gross-vaclav,person,yes
plasy:vote-event:2022-12-19-003,plasy:person:hanzlicek-zdenek,person,abstain
plasy:vote-event:2022-12-19-003,plasy:person:jezkova-martina,person,yes
plasy:vote-event:2022-12-19-003,plasy:person:kantor-poradkova-eva,person,yes
plasy:vote-event:2022-12-19-003,plasy:person:bezdickova-jitka,person,yes
plasy:vote-event:2022-12-19-003,plasy:person:kouba-tomas,person,yes
plasy:vote-event:2022-12-19-003,plasy:person:kovarik-petr,person,yes
plasy:vote-event:2022-12-19-003,plasy:person:neuman-petr,person,yes
plasy:vote-event:2022-12-19-003,plasy:person:novotny-jiri,person,yes
plasy:vote-event:2022-12-19-003,plasy:person:palmova-eliska,person,yes
plasy:vote-event:2022-12-19-003,plasy:person:pfeifer-lukas,person,yes
plasy:vote-event:2022-12-19-003,plasy:person:skop-michal,person,yes
plasy:vote-event:2022-12-19-003,plasy:person:tyrpeklova-zdenka,person,yes
plasy:vote-event:2022-12-19-003,plasy:person:urbanova-veronika,person,yes
plasy:vote-event:2022-12-19-004,plasy:person:belbl-emanuel,person,yes
plasy:vote-event:2022-12-19-004,plasy:person:gross-vaclav,person,yes
plasy:vote-event:2022-12-19-004,plasy:person:hanzlicek-zdenek,person,yes
plasy:vote-event:2022-12-19-004,plasy:person:jezkova-martina,person,yes
plasy:vote-event:2022-12-19-004,plasy:person:kantor-poradkova-eva,person,yes
plasy:vote-event:2022-12-19-004,plasy:person:bezdickova-jitka,person,yes
plasy:vote-event:2022-12-19-004,plasy:person:kouba-tomas,person,yes
plasy:vote-event:2022-12-19-004,plasy:person:kovarik-petr,person,yes
plasy:vote-event:2022-12-19-004,plasy:person:neuman-petr,person,yes
plasy:vote-event:2022-12-19-004,plasy:person:novotny-jiri,person,yes
plasy:vote-event:2022-12-19-004,plasy:person:palmova-eliska,person,yes
plasy:vote-event:2022-12-19-004,plasy:person:pfeifer-lukas,person,yes
plasy:vote-event:2022-12-19-004,plasy:person:skop-michal,person,yes
plasy:vote-event:2022-12-19-004,plasy:person:tyrpeklova-zdenka,person,yes
plasy:vote-event:2022-12-19-004,plasy:person:urbanova-veronika,person,yes
plasy:vote-event:2022-12-19-005,plasy:person:belbl-emanuel,person,yes
plasy:vote-event:2022-12-19-005,plasy:person:gross-vaclav,person,yes
plasy:vote-event:2022-12-19-005,plasy:person:hanzlicek-zdenek,person,abstain
plasy:vote-event:2022-12-19-005,plasy:person:jezkova-martina,person,yes
plasy:vote-event:2022-12-19-005,plasy:person:kantor-poradkova-eva,person,yes
plasy:vote-event:2022-12-19-005,plasy:person:bezdickova-jitka,person,yes
plasy:vote-event:2022-12-19-005,plasy:person:kouba-tomas,person,yes
plasy:vote-event:2022-12-19-005,plasy:person:kovarik-petr,person,yes
plasy:vote-event:2022-12-19-005,plasy:person:neuman-petr,person,yes
plasy:vote-event:2022-12-19-005,plasy:person:novotny-jiri,person,abstain
plasy:vote-event:2022-12-19-005,plasy:person:palmova-eliska,person,yes
plasy:vote-event:2022-12-19-005,plasy:person:pfeifer-lukas,person,yes
plasy:vote-event:2022-12-19-005,plasy:person:skop-michal,person,yes
plasy:vote-event:2022-12-19-005,plasy:person:tyrpeklova-zdenka,person,yes
plasy:vote-event:2022-12-19-005,plasy:person:urbanova-veronika,person,yes
plasy:vote-event:2022-12-19-006,plasy:person:belbl-emanuel,person,abstain
plasy:vote-event:2022-12-19-006,plasy:person:gross-vaclav,person,yes
plasy:vote-event:2022-12-19-006,plasy:person:hanzlicek-zdenek,person,abstain
plasy:vote-event:2022-12-19-006,plasy:person:jezkova-martina,person,yes
plasy:vote-event:2022-12-19-006,plasy:person:kantor-poradkova-eva,person,yes
plasy:vote-event:2022-12-19-006,plasy:person:bezdickova-jitka,person,yes
plasy:vote-event:2022-12-19-006,plasy:person:kouba-tomas,person,yes
plasy:vote-event:2022-12-19-006,plasy:person:kovarik-petr,person,yes
plasy:vote-event:2022-12-19-006,plasy:person:neuman-petr,person,yes
plasy:vote-event:2022-12-19-006,plasy:person:novotny-jiri,person,abstain
plasy:vote-event:2022-12-19-006,plasy:person:palmova-eliska,person,yes
plasy:vote-event:2022-12-19-006,plasy:person:pfeifer-lukas,person,yes
plasy:vote-event:2022-12-19-006,plasy:person:skop-michal,person,yes
plasy:vote-event:2022-12-19-006,plasy:person:tyrpeklova-zdenka,person,abstain
plasy:vote-event:2022-12-19-006,plasy:person:urbanova-veronika,person,yes
plasy:vote-event:2022-12-19-007,plasy:person:belbl-emanuel,person,abstain
plasy:vote-event:2022-12-19-007,plasy:person:gross-vaclav,person,yes
plasy:vote-event:2022-12-19-007,plasy:person:hanzlicek-zdenek,person,no
plasy:vote-event:2022-12-19-007,plasy:person:jezkova-martina,person,yes
plasy:vote-event:2022-12-19-007,plasy:person:kantor-poradkova-eva,person,yes
plasy:vote-event:2022-12-19-007,plasy:person:bezdickova-jitka,person,abstain
plasy:vote-event:2022-12-19-007,plasy:person:kouba-tomas,person,abstain
plasy:vote-event:2022-12-19-007,plasy:person:kovarik-petr,person,yes
plasy:vote-event:2022-12-19-007,plasy:person:neuman-petr,person,yes
plasy:vote-event:2022-12-19-007,plasy:person:novotny-jiri,person,no
plasy:vote-event:2022-12-19-007,plasy:person:palmova-eliska,person,yes
plasy:vote-event:2022-12-19-007,plasy:person:pfeifer-lukas,person,yes
plasy:vote-event:2022-12-19-007,plasy:person:skop-michal,person,yes
plasy:vote-event:2022-12-19-007,plasy:person:tyrpeklova-zdenka,person,abstain
plasy:vote-event:2022-12-19-007,plasy:person:urbanova-veronika,person,yes
plasy:vote-event:2022-12-19-008,plasy:person:belbl-emanuel,person,no
plasy:vote-event:2022-12-19-008,plasy:person:gross-vaclav,person,yes
plasy:vote-event:2022-12-19-008,plasy:person:hanzlicek-zdenek,person,no
plasy:vote-event:2022-12-19-008,plasy:person:jezkova-martina,person,yes
plasy:vote-event:2022-12-19-008,plasy:person:kantor-poradkova-eva,person,yes
plasy:vote-event:2022-12-19-008,plasy:person:bezdickova-jitka,person,abstain
plasy:vote-event:2022-12-19-008,plasy:person:kouba-tomas,person,abstain
plasy:vote-event:2022-12-19-008,plasy:person:kovarik-petr,person,abstain
plasy:vote-event:2022-12-19-008,plasy:person:neuman-petr,person,yes
plasy:vote-event:2022-12-19-008,plasy:person:novotny-jiri,person,no
plasy:vote-event:2022-12-19-008,plasy:person:palmova-eliska,person,yes
plasy:vote-event:2022-12-19-008,plasy:person:pfeifer-lukas,person,yes
plasy:vote-event:2022-12-19-008,plasy:person:skop-michal,person,yes
plasy:vote-event:2022-12-19-008,plasy:person:tyrpeklova-zdenka,person,abstain
plasy:vote-event:2022-12-19-008,plasy:person:urbanova-veronika,person,yes
plasy:vote-event:2022-12-19-009,plasy:person:belbl-emanuel,person,yes
plasy:vote-event:2022-12-19-009,plasy:person:gross-vaclav,person,yes
plasy:vote-event:2022-12-19-009,plasy:person:hanzlicek-zdenek,person,yes
plasy:vote-event:2022-12-19-009,plasy:person:jezkova-martina,person,yes
plasy:vote-event:2022-12-19-009,plasy:person:kantor-poradkova-eva,person,yes
plasy:vote-event:2022-12-19-009,plasy:person:bezdickova-jitka,person,absent
plasy:vote-event:2022-12-19-009,plasy:person:kouba-tomas,person,yes
plasy:vote-event:2022-12-19-009,plasy:person:kovarik-petr,person,yes
plasy:vote-event:2022-12-19-009,plasy:person:neuman-petr,person,yes
plasy:vote-event:2022-12-19-009,plasy:person:novotny-jiri,person,yes
plasy:vote-event:2022-12-19-009,plasy:person:palmova-eliska,person,yes
plasy:vote-event:2022-12-19-009,plasy:person:pfeifer-lukas,person,yes
plasy:vote-event:2022-12-19-009,plasy:person:skop-michal,person,yes
plasy:vote-event:2022-12-19-009,plasy:person:tyrpeklova-zdenka,person,yes
plasy:vote-event:2022-12-19-009,plasy:person:urbanova-veronika,person,yes
plasy:vote-event:2022-12-19-010,plasy:person:belbl-emanuel,person,yes
plasy:vote-event:2022-12-19-010,plasy:person:gross-vaclav,person,yes
plasy:vote-event:2022-12-19-010,plasy:person:hanzlicek-zdenek,person,yes
plasy:vote-event:2022-12-19-010,plasy:person:jezkova-martina,person,yes
plasy:vote-event:2022-12-19-010,plasy:person:kantor-poradkova-eva,person,yes
plasy:vote-event:2022-12-19-010,plasy:person:bezdickova-jitka,person,absent
plasy:vote-event:2022-12-19-010,plasy:person:kouba-tomas,person,yes
plasy:vote-event:2022-12-19-010,plasy:person:kovarik-petr,person,yes
plasy:vote-event:2022-12-19-010,plasy:person:neuman-petr,person,yes
plasy:vote-event:2022-12-19-010,plasy:person:novotny-jiri,person,yes
plasy:vote-event:2022-12-19-010,plasy:person:palmova-eliska,person,yes
plasy:vote-event:2022-12-19-010,plasy:person:pfeifer-lukas,person,yes
plasy:vote-event:2022-12-19-010,plasy:person:skop-michal,person,yes
plasy:vote-event:2022-12-19-010,plasy:person:tyrpeklova-zdenka,person,yes
plasy:vote-event:2022-12-19-010,plasy:person:urbanova-veronika,person,yes
plasy:vote-event:2022-12-19-011,plasy:person:belbl-emanuel,person,yes
plasy:vote-event:2022-12-19-011,plasy:person:gross-vaclav,person,yes
plasy:vote-event:2022-12-19-011,plasy:person:hanzlicek-zdenek,person,yes
plasy:vote-event:2022-12-19-011,plasy:person:jezkova-martina,person,yes
plasy:vote-event:2022-12-19-011,plasy:person:kantor-poradkova-eva,person,yes
plasy:vote-event:2022-12-19-011,plasy:person:bezdickova-jitka,person,yes
plasy:vote-event:2022-12-19-011,plasy:person:kouba-tomas,person,yes
plasy:vote-event:2022-12-19-011,plasy:person:kovarik-petr,person,yes
plasy:vote-event:2022-12-19-011,plasy:person:neuman-petr,person,yes
plasy:vote-event:2022-12-19-011,plasy:person:novotny-jiri,person,yes
plasy:vote-event:2022-12-19-011,plasy:person:palmova-eliska,person,yes
plasy:vote-event:2022-12-19-011,plasy:person:pfeifer-lukas,person,yes
plasy:vote-event:2022-12-19-011,plasy:person:skop-michal,person,yes
plasy:vote-event:2022-12-19-011,plasy:person:tyrpeklova-zdenka,person,yes
plasy:vote-event:2022-12-19-011,plasy:person:urbanova-veronika,person,yes
plasy:vote-event:2022-12-19-012,plasy:person:belbl-emanuel,person,yes
plasy:vote-event:2022-12-19-012,plasy:person:gross-vaclav,person,yes
plasy:vote-event:2022-12-19-012,plasy:person:hanzlicek-zdenek,person,yes
plasy:vote-event:2022-12-19-012,plasy:person:jezkova-martina,person,yes
plasy:vote-event:2022-12-19-012,plasy:person:kantor-poradkova-eva,person,yes
plasy:vote-event:2022-12-19-012,plasy:person:bezdickova-jitka,person,yes
plasy:vote-event:2022-12-19-012,plasy:person:kouba-tomas,person,yes
plasy:vote-event:2022-12-19-012,plasy:person:kovarik-petr,person,yes
plasy:vote-event:2022-12-19-012,plasy:person:neuman-petr,person,yes
plasy:vote-event:2022-12-19-012,plasy:person:novotny-jiri,person,yes
plasy:vote-event:2022-12-19-012,plasy:person:palmova-eliska,person,yes
plasy:vote-event:2022-12-19-012,plasy:person:pfeifer-lukas,person,yes
plasy:vote-event:2022-12-19-012,plasy:person:skop-michal,person,yes
plasy:vote-event:2022-12-19-012,plasy:person:tyrpeklova-zdenka,person,yes
plasy:vote-event:2022-12-19-012,plasy:person:urbanova-veronika,person,yes
plasy:vote-event:2022-12-19-013,plasy:person:belbl-emanuel,person,yes
plasy:vote-event:2022-12-19-013,plasy:person:gross-vaclav,person,yes
plasy:vote-event:2022-12-19-013,plasy:person:hanzlicek-zdenek,person,yes
plasy:vote-event:2022-12-19-013,plasy:person:jezkova-martina,person,yes
plasy:vote-event:2022-12-19-013,plasy:person:kantor-poradkova-eva,person,yes
plasy:vote-event:2022-12-19-013,plasy:person:bezdickova-jitka,person,yes
plasy:vote-event:2022-12-19-013,plasy:person:kouba-tomas,person,yes
plasy:vote-event:2022-12-19-013,plasy:person:kovarik-petr,person,yes
plasy:vote-event:2022-12-19-013,plasy:person:neuman-petr,person,yes
plasy:vote-event:2022-12-19-013,plasy:person:novotny-jiri,person,yes
plasy:vote-event:2022-12-19-013,plasy:person:palmova-eliska,person,yes
plasy:vote-event:2022-12-19-013,plasy:person:pfeifer-lukas,person,yes
plasy:vote-event:2022-12-19-013,plasy:person:skop-michal,person,yes
plasy:vote-event:2022-12-19-013,plasy:person:tyrpeklova-zdenka,person,yes
plasy:vote-event:2022-12-19-013,plasy:person:urbanova-veronika,person,yes
plasy:vote-event:2022-12-19-014,plasy:person:belbl-emanuel,person,no
plasy:vote-event:2022-12-19-014,plasy:person:gross-vaclav,person,yes
plasy:vote-event:2022-12-19-014,plasy:person:hanzlicek-zdenek,person,no
plasy:vote-event:2022-12-19-014,plasy:person:jezkova-martina,person,yes
plasy:vote-event:2022-12-19-014,plasy:person:kantor-poradkova-eva,person,yes
plasy:vote-event:2022-12-19-014,plasy:person:bezdickova-jitka,person,no
plasy:vote-event:2022-12-19-014,plasy:person:kouba-tomas,person,no
plasy:vote-event:2022-12-19-014,plasy:person:kovarik-petr,person,no
plasy:vote-event:2022-12-19-014,plasy:person:neuman-petr,person,yes
plasy:vote-event:2022-12-19-014,plasy:person:novotny-jiri,person,yes
plasy:vote-event:2022-12-19-014,plasy:person:palmova-eliska,person,yes
plasy:vote-event:2022-12-19-014,plasy:person:pfeifer-lukas,person,yes
plasy:vote-event:2022-12-19-014,plasy:person:skop-michal,person,yes
plasy:vote-event:2022-12-19-014,plasy:person:tyrpeklova-zdenka,person,abstain
plasy:vote-event:2022-12-19-014,plasy:person:urbanova-veronika,person,yes
plasy:vote-event:2023-03-15-001,plasy:person:belbl-emanuel,person,yes
plasy:vote-event:2023-03-15-001,plasy:person:gross-vaclav,person,yes
plasy:vote-event:2023-03-15-001,plasy:person:hanzlicek-zdenek,person,yes
plasy:vote-event:2023-03-15-001,plasy:person:jezkova-martina,person,yes
plasy:vote-event:2023-03-15-001,plasy:person:kantor-poradkova-eva,person,yes
plasy:vote-event:2023-03-15-001,plasy:person:bezdickova-jitka,person,yes
plasy:vote-event:2023-03-15-001,plasy:person:kouba-tomas,person,yes
plasy:vote-event:2023-03-15-001,plasy:person:kovarik-petr,person,yes
plasy:vote-event:2023-03-15-001,plasy:person:neuman-petr,person,yes
plasy:vote-event:2023-03-15-001,plasy:person:novotny-jiri,person,yes
plasy:vote-event:2023-03-15-001,plasy:person:palmova-eliska,person,yes
plasy:vote-event:2023-03-15-001,plasy:person:pfeifer-lukas,person,yes
plasy:vote-event:2023-03-15-001,plasy:person:skop-michal,person,yes
plasy:vote-event:2023-03-15-001,plasy:person:tyrpeklova-zdenka,person,yes
plasy:vote-event:2023-03-15-001,plasy:person:urbanova-veronika,person,yes
plasy:vote-event:2023-03-15-002,plasy:person:belbl-emanuel,person,yes
plasy:vote-event:2023-03-15-002,plasy:person:gross-vaclav,person,yes
plasy:vote-event:2023-03-15-002,plasy:person:hanzlicek-zdenek,person,yes
plasy:vote-event:2023-03-15-002,plasy:person:jezkova-martina,person,yes
plasy:vote-event:2023-03-15-002,plasy:person:kantor-poradkova-eva,person,yes
plasy:vote-event:2023-03-15-002,plasy:person:bezdickova-jitka,person,yes
plasy:vote-event:2023-03-15-002,plasy:person:kouba-tomas,person,yes
plasy:vote-event:2023-03-15-002,plasy:person:kovarik-petr,person,yes
plasy:vote-event:2023-03-15-002,plasy:person:neuman-petr,person,yes
plasy:vote-event:2023-03-15-002,plasy:person:novotny-jiri,person,yes
plasy:vote-event:2023-03-15-002,plasy:person:palmova-eliska,person,yes
plasy:vote-event:2023-03-15-002,plasy:person:pfeifer-lukas,person,yes
plasy:vote-event:2023-03-15-002,plasy:person:skop-michal,person,yes
plasy:vote-event:2023-03-15-002,plasy:person:tyrpeklova-zdenka,person,yes
plasy:vote-event:2023-03-15-002,plasy:person:urbanova-veronika,person,yes
plasy:vote-event:2023-03-15-003,plasy:person:belbl-emanuel,person,yes
plasy:vote-event:2023-03-15-003,plasy:person:gross-vaclav,person,yes
plasy:vote-event:2023-03-15-003,plasy:person:hanzlicek-zdenek,person,yes
plasy:vote-event:2023-03-15-003,plasy:person:jezkova-martina,person,yes
plasy:vote-event:2023-03-15-003,plasy:person:kantor-poradkova-eva,person,yes
plasy:vote-event:2023-03-15-003,plasy:person:bezdickova-jitka,person,yes
plasy:vote-event:2023-03-15-003,plasy:person:kouba-tomas,person,yes
plasy:vote-event:2023-03-15-003,plasy:person:kovarik-petr,person,abstain
plasy:vote-event:2023-03-15-003,plasy:person:neuman-petr,person,yes
plasy:vote-event:2023-03-15-003,plasy:person:novotny-jiri,person,yes
plasy:vote-event:2023-03-15-003,plasy:person:palmova-eliska,person,yes
plasy:vote-event:2023-03-15-003,plasy:person:pfeifer-lukas,person,yes
plasy:vote-event:2023-03-15-003,plasy:person:skop-michal,person,yes
plasy:vote-event:2023-03-15-003,plasy:person:tyrpeklova-zdenka,person,yes
plasy:vote-event:2023-03-15-003,plasy:person:urbanova-veronika,person,yes
plasy:vote-event:2023-03-15-004,plasy:person:belbl-emanuel,person,yes
plasy:vote-event:2023-03-15-004,plasy:person:gross-vaclav,person,yes
plasy:vote-event:2023-03-15-004,plasy:person:hanzlicek-zdenek,person,yes
plasy:vote-event:2023-03-15-004,plasy:person:jezkova-martina,person,yes
plasy:vote-event:2023-03-15-004,plasy:person:kantor-poradkova-eva,person,yes
plasy:vote-event:2023-03-15-004,plasy:person:bezdickova-jitka,person,yes
plasy:vote-event:2023-03-15-004,plasy:person:kouba-tomas,person,yes
plasy:vote-event:2023-03-15-004,plasy:person:kovarik-petr,person,yes
plasy:vote-event:2023-03-15-004,plasy:person:neuman-petr,person,yes
plasy:vote-event:2023-03-15-004,plasy:person:novotny-jiri,person,yes
plasy:vote-event:2023-03-15-004,plasy:person:palmova-eliska,person,yes
plasy:vote-event:2023-03-15-004,plasy:person:pfeifer-lukas,person,yes
plasy:vote-event:2023-03-15-004,plasy:person:skop-michal,person,yes
plasy:vote-event:2023-03-15-004,plasy:person:tyrpeklova-zdenka,person,yes
plasy:vote-event:2023-03-15-004,plasy:person:urbanova-veronika,person,yes
plasy:vote-event:2023-03-15-005,plasy:person:belbl-emanuel,person,yes
plasy:vote-event:2023-03-15-005,plasy:person:gross-vaclav,person,yes
plasy:vote-event:2023-03-15-005,plasy:person:hanzlicek-zdenek,person,yes
plasy:vote-event:2023-03-15-005,plasy:person:jezkova-martina,person,yes
plasy:vote-event:2023-03-15-005,plasy:person:kantor-poradkova-eva,person,yes
plasy:vote-event:2023-03-15-005,plasy:person:bezdickova-jitka,person,yes
plasy:vote-event:2023-03-15-005,plasy:person:kouba-tomas,person,yes
plasy:vote-event:2023-03-15-005,plasy:person:kovarik-petr,person,yes
plasy:vote-event:2023-03-15-005,plasy:person:neuman-petr,person,yes
plasy:vote-event:2023-03-15-005,plasy:person:novotny-jiri,person,yes
plasy:vote-event:2023-03-15-005,plasy:person:palmova-eliska,person,yes
plasy:vote-event:2023-03-15-005,plasy:person:pfeifer-lukas,person,yes
plasy:vote-event:2023-03-15-005,plasy:person:skop-michal,person,yes
plasy:vote-event:2023-03-15-005,plasy:person:tyrpeklova-zdenka,person,yes
plasy:vote-event:2023-03-15-005,plasy:person:urbanova-veronika,person,yes
plasy:vote-event:2023-03-15-006,plasy:person:belbl-emanuel,person,yes
plasy:vote-event:2023-03-15-006,plasy:person:gross-vaclav,person,yes
plasy:vote-event:2023-03-15-006,plasy:person:hanzlicek-zdenek,person,yes
plasy:vote-event:2023-03-15-006,plasy:person:jezkova-martina,person,yes
plasy:vote-event:2023-03-15-006,plasy:person:kantor-poradkova-eva,person,yes
plasy:vote-event:2023-03-15-006,plasy:person:bezdickova-jitka,person,yes
plasy:vote-event:2023-03-15-006,plasy:person:kouba-tomas,person,yes
plasy:vote-event:2023-03-15-006,plasy:person:kovarik-petr,person,yes
plasy:vote-event:2023-03-15-006,plasy:person:neuman-petr,person,yes
plasy:vote-event:2023-03-15-006,plasy:person:novotny-jiri,person,yes
plasy:vote-event:2023-03-15-006,plasy:person:palmova-eliska,person,yes
plasy:vote-event:2023-03-15-006,plasy:person:pfeifer-lukas,person,yes
plasy:vote-event:2023-03-15-006,plasy:person:skop-michal,person,yes
plasy:vote-event:2023-03-15-006,plasy:person:tyrpeklova-zdenka,person,yes
plasy:vote-event:2023-03-15-006,plasy:person:urbanova-veronika,person,yes
plasy:vote-event:2023-03-15-007,plasy:person:belbl-emanuel,person,yes
plasy:vote-event:2023-03-15-007,plasy:person:gross-vaclav,person,yes
plasy:vote-event:2023-03-15-007,plasy:person:hanzlicek-zdenek,person,yes
plasy:vote-event:2023-03-15-007,plasy:person:jezkova-martina,person,yes
plasy:vote-event:2023-03-15-007,plasy:person:kantor-poradkova-eva,person,yes
plasy:vote-event:2023-03-15-007,plasy:person:bezdickova-jitka,person,yes
plasy:vote-event:2023-03-15-007,plasy:person:kouba-tomas,person,yes
plasy:vote-event:2023-03-15-007,plasy:person:kovarik-petr,person,yes
plasy:vote-event:2023-03-15-007,plasy:person:neuman-petr,person,yes
plasy:vote-event:2023-03-15-007,plasy:person:novotny-jiri,person,yes
plasy:vote-event:2023-03-15-007,plasy:person:palmova-eliska,person,yes
plasy:vote-event:2023-03-15-007,plasy:person:pfeifer-lukas,person,yes
plasy:vote-event:2023-03-15-007,plasy:person:skop-michal,person,yes
plasy:vote-event:2023-03-15-007,plasy:person:tyrpeklova-zdenka,person,yes
plasy:vote-event:2023-03-15-007,plasy:person:urbanova-veronika,person,yes
plasy:vote-event:2023-03-15-008,plasy:person:belbl-emanuel,person,yes
plasy:vote-event:2023-03-15-008,plasy:person:gross-vaclav,person,yes
plasy:vote-event:2023-03-15-008,plasy:person:hanzlicek-zdenek,person,yes
plasy:vote-event:2023-03-15-008,plasy:person:jezkova-martina,person,yes
plasy:vote-event:2023-03-15-008,plasy:person:kantor-poradkova-eva,person,yes
plasy:vote-event:2023-03-15-008,plasy:person:bezdickova-jitka,person,yes
plasy:vote-event:2023-03-15-008,plasy:person:kouba-tomas,person,yes
plasy:vote-event:2023-03-15-008,plasy:person:kovarik-petr,person,yes
plasy:vote-event:2023-03-15-008,plasy:person:neuman-petr,person,yes
plasy:vote-event:2023-03-15-008,plasy:person:novotny-jiri,person,yes
plasy:vote-event:2023-03-15-008,plasy:person:palmova-eliska,person,yes
plasy:vote-event:2023-03-15-008,plasy:person:pfeifer-lukas,person,yes
plasy:vote-event:2023-03-15-008,plasy:person:skop-michal,person,yes
plasy:vote-event:2023-03-15-008,plasy:person:tyrpeklova-zdenka,person,yes
plasy:vote-event:2023-03-15-008,plasy:person:urbanova-veronika,person,yes
plasy:vote-event:2023-03-15-009,plasy:person:belbl-emanuel,person,yes
plasy:vote-event:2023-03-15-009,plasy:person:gross-vaclav,person,yes
plasy:vote-event:2023-03-15-009,plasy:person:hanzlicek-zdenek,person,yes
plasy:vote-event:2023-03-15-009,plasy:person:jezkova-martina,person,yes
plasy:vote-event:2023-03-15-009,plasy:person:kantor-poradkova-eva,person,yes
plasy:vote-event:2023-03-15-009,plasy:person:bezdickova-jitka,person,yes
plasy:vote-event:2023-03-15-009,plasy:person:kouba-tomas,person,yes
plasy:vote-event:2023-03-15-009,plasy:person:kovarik-petr,person,yes
plasy:vote-event:2023-03-15-009,plasy:person:neuman-petr,person,yes
plasy:vote-event:2023-03-15-009,plasy:person:novotny-jiri,person,yes
plasy:vote-event:2023-03-15-009,plasy:person:palmova-eliska,person,yes
plasy:vote-event:2023-03-15-009,plasy:person:pfeifer-lukas,person,yes
plasy:vote-event:2023-03-15-009,plasy:person:skop-michal,person,yes
plasy:vote-event:2023-03-15-009,plasy:person:tyrpeklova-zdenka,person,yes
plasy:vote-event:2023-03-15-009,plasy:person:urbanova-veronika,person,yes
plasy:vote-event:2023-03-15-010,plasy:person:belbl-emanuel,person,yes
plasy:vote-event:2023-03-15-010,plasy:person:gross-vaclav,person,yes
plasy:vote-event:2023-03-15-010,plasy:person:hanzlicek-zdenek,person,yes
plasy:vote-event:2023-03-15-010,plasy:person:jezkova-martina,person,yes
plasy:vote-event:2023-03-15-010,plasy:person:kantor-poradkova-eva,person,yes
plasy:vote-event:2023-03-15-010,plasy:person:bezdickova-jitka,person,yes
plasy:vote-event:2023-03-15-010,plasy:person:kouba-tomas,person,yes
plasy:vote-event:2023-03-15-010,plasy:person:kovarik-petr,person,yes
plasy:vote-event:2023-03-15-010,plasy:person:neuman-petr,person,yes
plasy:vote-event:2023-03-15-010,plasy:person:novotny-jiri,person,yes
plasy:vote-event:2023-03-15-010,plasy:person:palmova-eliska,person,yes
plasy:vote-event:2023-03-15-010,plasy:person:pfeifer-lukas,person,yes
plasy:vote-event:2023-03-15-010,plasy:person:skop-michal,person,yes
plasy:vote-event:2023-03-15-010,plasy:person:tyrpeklova-zdenka,person,yes
plasy:vote-event:2023-03-15-010,plasy:person:urbanova-veronika,person,yes
plasy:vote-event:2023-05-31-001,plasy:person:belbl-emanuel,person,absent
plasy:vote-event:2023-05-31-001,plasy:person:gross-vaclav,person,yes
plasy:vote-event:2023-05-31-001,plasy:person:hanzlicek-zdenek,person,yes
plasy:vote-event:2023-05-31-001,plasy:person:jezkova-martina,person,yes
plasy:vote-event:2023-05-31-001,plasy:person:kantor-poradkova-eva,person,yes
plasy:vote-event:2023-05-31-001,plasy:person:bezdickova-jitka,person,yes
plasy:vote-event:2023-05-31-001,plasy:person:kouba-tomas,person,yes
plasy:vote-event:2023-05-31-001,plasy:person:kovarik-petr,person,yes
plasy:vote-event:2023-05-31-001,plasy:person:neuman-petr,person,yes
plasy:vote-event:2023-05-31-001,plasy:person:novotny-jiri,person,yes
plasy:vote-event:2023-05-31-001,plasy:person:palmova-eliska,person,yes
plasy:vote-event:2023-05-31-001,plasy:person:pfeifer-lukas,person,yes
plasy:vote-event:2023-05-31-001,plasy:person:skop-michal,person,yes
plasy:vote-event:2023-05-31-001,plasy:person:tyrpeklova-zdenka,person,yes
plasy:vote-event:2023-05-31-001,plasy:person:urbanova-veronika,person,yes
plasy:vote-event:2023-05-31-002,plasy:person:belbl-emanuel,person,absent
plasy:vote-event:2023-05-31-002,plasy:person:gross-vaclav,person,yes
plasy:vote-event:2023-05-31-002,plasy:person:hanzlicek-zdenek,person,yes
plasy:vote-event:2023-05-31-002,plasy:person:jezkova-martina,person,yes
plasy:vote-event:2023-05-31-002,plasy:person:kantor-poradkova-eva,person,yes
plasy:vote-event:2023-05-31-002,plasy:person:bezdickova-jitka,person,yes
plasy:vote-event:2023-05-31-002,plasy:person:kouba-tomas,person,yes
plasy:vote-event:2023-05-31-002,plasy:person:kovarik-petr,person,yes
plasy:vote-event:2023-05-31-002,plasy:person:neuman-petr,person,yes
plasy:vote-event:2023-05-31-002,plasy:person:novotny-jiri,person,yes
plasy:vote-event:2023-05-31-002,plasy:person:palmova-eliska,person,yes
plasy:vote-event:2023-05-31-002,plasy:person:pfeifer-lukas,person,yes
plasy:vote-event:2023-05-31-002,plasy:person:skop-michal,person,yes
plasy:vote-event:2023-05-31-002,plasy:person:tyrpeklova-zdenka,person,yes
plasy:vote-event:2023-05-31-002,plasy:person:urbanova-veronika,person,yes
plasy:vote-event:2023-05-31-003,plasy:person:belbl-emanuel,person,absent
plasy:vote-event:2023-05-31-003,plasy:person:gross-vaclav,person,yes
plasy:vote-event:2023-05-31-003,plasy:person:hanzlicek-zdenek,person,no
plasy:vote-event:2023-05-31-003,plasy:person:jezkova-martina,person,yes
plasy:vote-event:2023-05-31-003,plasy:person:kantor-poradkova-eva,person,yes
plasy:vote-event:2023-05-31-003,plasy:person:bezdickova-jitka,person,no
plasy:vote-event:2023-05-31-003,plasy:person:kouba-tomas,person,abstain
plasy:vote-event:2023-05-31-003,plasy:person:kovarik-petr,person,no
plasy:vote-event:2023-05-31-003,plasy:person:neuman-petr,person,yes
plasy:vote-event:2023-05-31-003,plasy:person:novotny-jiri,person,no
plasy:vote-event:2023-05-31-003,plasy:person:palmova-eliska,person,yes
plasy:vote-event:2023-05-31-003,plasy:person:pfeifer-lukas,person,yes
plasy:vote-event:2023-05-31-003,plasy:person:skop-michal,person,yes
plasy:vote-event:2023-05-31-003,plasy:person:tyrpeklova-zdenka,person,abstain
plasy:vote-event:2023-05-31-003,plasy:person:urbanova-veronika,person,yes
plasy:vote-event:2023-05-31-004,plasy:person:belbl-emanuel,person,absent
plasy:vote-event:2023-05-31-004,plasy:person:gross-vaclav,person,yes
plasy:vote-event:2023-05-31-004,plasy:person:hanzlicek-zdenek,person,yes
plasy:vote-event:2023-05-31-004,plasy:person:jezkova-martina,person,yes
plasy:vote-event:2023-05-31-004,plasy:person:kantor-poradkova-eva,person,yes
plasy:vote-event:2023-05-31-004,plasy:person:bezdickova-jitka,person,abstain
plasy:vote-event:2023-05-31-004,plasy:person:kouba-tomas,person,yes
plasy:vote-event:2023-05-31-004,plasy:person:kovarik-petr,person,yes
plasy:vote-event:2023-05-31-004,plasy:person:neuman-petr,person,yes
plasy:vote-event:2023-05-31-004,plasy:person:novotny-jiri,person,yes
plasy:vote-event:2023-05-31-004,plasy:person:palmova-eliska,person,yes
plasy:vote-event:2023-05-31-004,plasy:person:pfeifer-lukas,person,yes
plasy:vote-event:2023-05-31-004,plasy:person:skop-michal,person,yes
plasy:vote-event:2023-05-31-004,plasy:person:tyrpeklova-zdenka,person,yes
plasy:vote-event:2023-05-31-004,plasy:person:urbanova-veronika,person,yes
plasy:vote-event:2023-05-31-005,plasy:person:belbl-emanuel,person,absent
plasy:vote-event:2023-05-31-005,plasy:person:gross-vaclav,person,yes
plasy:vote-event:2023-05-31-005,plasy:person:hanzlicek-zdenek,person,yes
plasy:vote-event:2023-05-31-005,plasy:person:jezkova-martina,person,yes
plasy:vote-event:2023-05-31-005,plasy:person:kantor-poradkova-eva,person,yes
plasy:vote-event:2023-05-31-005,plasy:person:bezdickova-jitka,person,yes
plasy:vote-event:2023-05-31-005,plasy:person:kouba-tomas,person,yes
plasy:vote-event:2023-05-31-005,plasy:person:kovarik-petr,person,yes
plasy:vote-event:2023-05-31-005,plasy:person:neuman-petr,person,yes
plasy:vote-event:2023-05-31-005,plasy:person:novotny-jiri,person,yes
plasy:vote-event:2023-05-31-005,plasy:person:palmova-eliska,person,yes
plasy:vote-event:2023-05-31-005,plasy:person:pfeifer-lukas,person,yes
plasy:vote-event:2023-05-31-005,plasy:person:skop-michal,person,yes
plasy:vote-event:2023-05-31-005,plasy:person:tyrpeklova-zdenka,person,yes
plasy:vote-event:2023-05-31-005,plasy:person:urbanova-veronika,person,yes
plasy:vote-event:2023-05-31-006,plasy:person:belbl-emanuel,person,absent
plasy:vote-event:2023-05-31-006,plasy:person:gross-vaclav,person,yes
plasy:vote-event:2023-05-31-006,plasy:person:hanzlicek-zdenek,person,abstain
plasy:vote-event:2023-05-31-006,plasy:person:jezkova-martina,person,yes
plasy:vote-event:2023-05-31-006,plasy:person:kantor-poradkova-eva,person,yes
plasy:vote-event:2023-05-31-006,plasy:person:bezdickova-jitka,person,yes
plasy:vote-event:2023-05-31-006,plasy:person:kouba-tomas,person,yes
plasy:vote-event:2023-05-31-006,plasy:person:kovarik-petr,person,yes
plasy:vote-event:2023-05-31-006,plasy:person:neuman-petr,person,yes
plasy:vote-event:2023-05-31-006,plasy:person:novotny-jiri,person,yes
plasy:vote-event:2023-05-31-006,plasy:person:palmova-eliska,person,yes
plasy:vote-event:2023-05-31-006,plasy:person:pfeifer-lukas,person,yes
plasy:vote-event:2023-05-31-006,plasy:person:skop-michal,person,yes
plasy:vote-event:2023-05-31-006,plasy:person:tyrpeklova-zdenka,person,yes
plasy:vote-event:2023-05-31-006,plasy:person:urbanova-veronika,person,yes
plasy:vote-event:2023-05-31-007,plasy:person:belbl-emanuel,person,absent
plasy:vote-event:2023-05-31-007,plasy:person:gross-vaclav,person,yes
plasy:vote-event:2023-05-31-007,plasy:person:hanzlicek-zdenek,person,yes
plasy:vote-event:2023-05-31-007,plasy:person:jezkova-martina,person,yes
plasy:vote-event:2023-05-31-007,plasy:person:kantor-poradkova-eva,person,yes
plasy:vote-event:2023-05-31-007,plasy:person:bezdickova-jitka,person,yes
plasy:vote-event:2023-05-31-007,plasy:person:kouba-tomas,person,yes
plasy:vote-event:2023-05-31-007,plasy:person:kovarik-petr,person,yes
plasy:vote-event:2023-05-31-007,plasy:person:neuman-petr,person,yes
plasy:vote-event:2023-05-31-007,plasy:person:novotny-jiri,person,yes
plasy:vote-event:2023-05-31-007,plasy:person:palmova-eliska,person,yes
plasy:vote-event:2023-05-31-007,plasy:person:pfeifer-lukas,person,yes
plasy:vote-event:2023-05-31-007,plasy:person:skop-michal,person,yes
plasy:vote-event:2023-05-31-007,plasy:person:tyrpeklova-zdenka,person,yes
plasy:vote-event:2023-05-31-007,plasy:person:urbanova-veronika,person,yes
plasy:vote-event:2023-05-31-008,plasy:person:belbl-emanuel,person,absent
plasy:vote-event:2023-05-31-008,plasy:person:gross-vaclav,person,yes
plasy:vote-event:2023-05-31-008,plasy:person:hanzlicek-zdenek,person,yes
plasy:vote-event:2023-05-31-008,plasy:person:jezkova-martina,person,yes
plasy:vote-event:2023-05-31-008,plasy:person:kantor-poradkova-eva,person,yes
plasy:vote-event:2023-05-31-008,plasy:person:bezdickova-jitka,person,yes
plasy:vote-event:2023-05-31-008,plasy:person:kouba-tomas,person,yes
plasy:vote-event:2023-05-31-008,plasy:person:kovarik-petr,person,yes
plasy:vote-event:2023-05-31-008,plasy:person:neuman-petr,person,yes
plasy:vote-event:2023-05-31-008,plasy:person:novotny-jiri,person,abstain
plasy:vote-event:2023-05-31-008,plasy:person:palmova-eliska,person,yes
plasy:vote-event:2023-05-31-008,plasy:person:pfeifer-lukas,person,yes
plasy:vote-event:2023-05-31-008,plasy:person:skop-michal,person,yes
plasy:vote-event:2023-05-31-008,plasy:person:tyrpeklova-zdenka,person,yes
plasy:vote-event:2023-05-31-008,plasy:person:urbanova-veronika,person,yes
plasy:vote-event:2023-06-21-001,plasy:person:belbl-emanuel,person,yes
plasy:vote-event:2023-06-21-001,plasy:person:gross-vaclav,person,yes
plasy:vote-event:2023-06-21-001,plasy:person:hanzlicek-zdenek,person,absent
plasy:vote-event:2023-06-21-001,plasy:person:jezkova-martina,person,yes
plasy:vote-event:2023-06-21-001,plasy:person:kantor-poradkova-eva,person,yes
plasy:vote-event:2023-06-21-001,plasy:person:bezdickova-jitka,person,yes
plasy:vote-event:2023-06-21-001,plasy:person:kouba-tomas,person,absent
plasy:vote-event:2023-06-21-001,plasy:person:kovarik-petr,person,yes
plasy:vote-event:2023-06-21-001,plasy:person:neuman-petr,person,yes
plasy:vote-event:2023-06-21-001,plasy:person:novotny-jiri,person,absent
plasy:vote-event:2023-06-21-001,plasy:person:palmova-eliska,person,yes
plasy:vote-event:2023-06-21-001,plasy:person:pfeifer-lukas,person,yes
plasy:vote-event:2023-06-21-001,plasy:person:skop-michal,person,yes
plasy:vote-event:2023-06-21-001,plasy:person:tyrpeklova-zdenka,person,yes
plasy:vote-event:2023-06-21-001,plasy:person:urbanova-veronika,person,yes
plasy:vote-event:2023-06-21-002,plasy:person:belbl-emanuel,person,yes
plasy:vote-event:2023-06-21-002,plasy:person:gross-vaclav,person,yes
plasy:vote-event:2023-06-21-002,plasy:person:hanzlicek-zdenek,person,absent
plasy:vote-event:2023-06-21-002,plasy:person:jezkova-martina,person,yes
plasy:vote-event:2023-06-21-002,plasy:person:kantor-poradkova-eva,person,yes
plasy:vote-event:2023-06-21-002,plasy:person:bezdickova-jitka,person,yes
plasy:vote-event:2023-06-21-002,plasy:person:kouba-tomas,person,absent
plasy:vote-event:2023-06-21-002,plasy:person:kovarik-petr,person,yes
plasy:vote-event:2023-06-21-002,plasy:person:neuman-petr,person,yes
plasy:vote-event:2023-06-21-002,plasy:person:novotny-jiri,person,absent
plasy:vote-event:2023-06-21-002,plasy:person:palmova-eliska,person,yes
plasy:vote-event:2023-06-21-002,plasy:person:pfeifer-lukas,person,yes
plasy:vote-event:2023-06-21-002,plasy:person:skop-michal,person,yes
plasy:vote-event:2023-06-21-002,plasy:person:tyrpeklova-zdenka,person,yes
plasy:vote-event:2023-06-21-002,plasy:person:urbanova-veronika,person,yes
plasy:vote-event:2023-06-21-003,plasy:person:belbl-emanuel,person,yes
plasy:vote-event:2023-06-21-003,plasy:person:gross-vaclav,person,yes
plasy:vote-event:2023-06-21-003,plasy:person:hanzlicek-zdenek,person,absent
plasy:vote-event:2023-06-21-003,plasy:person:jezkova-martina,person,yes
plasy:vote-event:2023-06-21-003,plasy:person:kantor-poradkova-eva,person,yes
plasy:vote-event:2023-06-21-003,plasy:person:bezdickova-jitka,person,yes
plasy:vote-event:2023-06-21-003,plasy:person:kouba-tomas,person,absent
plasy:vote-event:2023-06-21-003,plasy:person:kovarik-petr,person,yes
plasy:vote-event:2023-06-21-003,plasy:person:neuman-petr,person,yes
plasy:vote-event:2023-06-21-003,plasy:person:novotny-jiri,person,absent
plasy:vote-event:2023-06-21-003,plasy:person:palmova-eliska,person,yes
plasy:vote-event:2023-06-21-003,plasy:person:pfeifer-lukas,person,yes
plasy:vote-event:2023-06-21-003,plasy:person:skop-michal,person,yes
plasy:vote-event:2023-06-21-003,plasy:person:tyrpeklova-zdenka,person,yes
plasy:vote-event:2023-06-21-003,plasy:person:urbanova-veronika,person,yes
plasy:vote-event:2023-06-21-004,plasy:person:belbl-emanuel,person,yes
plasy:vote-event:2023-06-21-004,plasy:person:gross-vaclav,person,yes
plasy:vote-event:2023-06-21-004,plasy:person:hanzlicek-zdenek,person,absent
plasy:vote-event:2023-06-21-004,plasy:person:jezkova-martina,person,yes
plasy:vote-event:2023-06-21-004,plasy:person:kantor-poradkova-eva,person,yes
plasy:vote-event:2023-06-21-004,plasy:person:bezdickova-jitka,person,yes
plasy:vote-event:2023-06-21-004,plasy:person:kouba-tomas,person,absent
plasy:vote-event:2023-06-21-004,plasy:person:kovarik-petr,person,yes
plasy:vote-event:2023-06-21-004,plasy:person:neuman-petr,person,yes
plasy:vote-event:2023-06-21-004,plasy:person:novotny-jiri,person,absent
plasy:vote-event:2023-06-21-004,plasy:person:palmova-eliska,person,yes
plasy:vote-event:2023-06-21-004,plasy:person:pfeifer-lukas,person,yes
plasy:vote-event:2023-06-21-004,plasy:person:skop-michal,person,yes
plasy:vote-event:2023-06-21-004,plasy:person:tyrpeklova-zdenka,person,yes
plasy:vote-event:2023-06-21-004,plasy:person:urbanova-veronika,person,yes
plasy:vote-event:2023-06-21-005,plasy:person:belbl-emanuel,person,yes
plasy:vote-event:2023-06-21-005,plasy:person:gross-vaclav,person,yes
plasy:vote-event:2023-06-21-005,plasy:person:hanzlicek-zdenek,person,absent
plasy:vote-event:2023-06-21-005,plasy:person:jezkova-martina,person,yes
plasy:vote-event:2023-06-21-005,plasy:person:kantor-poradkova-eva,person,yes
plasy:vote-event:2023-06-21-005,plasy:person:bezdickova-jitka,person,yes
plasy:vote-event:2023-06-21-005,plasy:person:kouba-tomas,person,absent
plasy:vote-event:2023-06-21-005,plasy:person:kovarik-petr,person,yes
plasy:vote-event:2023-06-21-005,plasy:person:neuman-petr,person,yes
plasy:vote-event:2023-06-21-005,plasy:person:novotny-jiri,person,absent
plasy:vote-event:2023-06-21-005,plasy:person:palmova-eliska,person,yes
plasy:vote-event:2023-06-21-005,plasy:person:pfeifer-lukas,person,yes
plasy:vote-event:2023-06-21-005,plasy:person:skop-michal,person,yes
plasy:vote-event:2023-06-21-005,plasy:person:tyrpeklova-zdenka,person,yes
plasy:vote-event:2023-06-21-005,plasy:person:urbanova-veronika,person,yes
plasy:vote-event:2023-06-21-006,plasy:person:belbl-emanuel,person,yes
plasy:vote-event:2023-06-21-006,plasy:person:gross-vaclav,person,abstain
plasy:vote-event:2023-06-21-006,plasy:person:hanzlicek-zdenek,person,absent
plasy:vote-event:2023-06-21-006,plasy:person:jezkova-martina,person,abstain
plasy:vote-event:2023-06-21-006,plasy:person:kantor-poradkova-eva,person,abstain
plasy:vote-event:2023-06-21-006,plasy:person:bezdickova-jitka,person,yes
plasy:vote-event:2023-06-21-006,plasy:person:kouba-tomas,person,absent
plasy:vote-event:2023-06-21-006,plasy:person:kovarik-petr,person,yes
plasy:vote-event:2023-06-21-006,plasy:person:neuman-petr,person,abstain
plasy:vote-event:2023-06-21-006,plasy:person:novotny-jiri,person,absent
plasy:vote-event:2023-06-21-006,plasy:person:palmova-eliska,person,abstain
plasy:vote-event:2023-06-21-006,plasy:person:pfeifer-lukas,person,abstain
plasy:vote-event:2023-06-21-006,plasy:person:skop-michal,person,abstain
plasy:vote-event:2023-06-21-006,plasy:person:tyrpeklova-zdenka,person,abstain
plasy:vote-event:2023-06-21-006,plasy:person:urbanova-veronika,person,abstain
plasy:vote-event:2023-09-20-001,plasy:person:belbl-emanuel,person,absent
plasy:vote-event:2023-09-20-001,plasy:person:gross-vaclav,person,yes
plasy:vote-event:2023-09-20-001,plasy:person:hanzlicek-zdenek,person,yes
plasy:vote-event:2023-09-20-001,plasy:person:jezkova-martina,person,yes
plasy:vote-event:2023-09-20-001,plasy:person:kantor-poradkova-eva,person,yes
plasy:vote-event:2023-09-20-001,plasy:person:bezdickova-jitka,person,absent
plasy:vote-event:2023-09-20-001,plasy:person:kouba-tomas,person,yes
plasy:vote-event:2023-09-20-001,plasy:person:kovarik-petr,person,yes
plasy:vote-event:2023-09-20-001,plasy:person:neuman-petr,person,yes
plasy:vote-event:2023-09-20-001,plasy:person:novotny-jiri,person,yes
plasy:vote-event:2023-09-20-001,plasy:person:palmova-eliska,person,yes
plasy:vote-event:2023-09-20-001,plasy:person:pfeifer-lukas,person,yes
plasy:vote-event:2023-09-20-001,plasy:person:skop-michal,person,yes
plasy:vote-event:2023-09-20-001,plasy:person:tyrpeklova-zdenka,person,yes
plasy:vote-event:2023-09-20-001,plasy:person:urbanova-veronika,person,yes
plasy:vote-event:2023-09-20-002,plasy:person:belbl-emanuel,person,absent
plasy:vote-event:2023-09-20-002,plasy:person:gross-vaclav,person,yes
plasy:vote-event:2023-09-20-002,plasy:person:hanzlicek-zdenek,person,yes
plasy:vote-event:2023-09-20-002,plasy:person:jezkova-martina,person,yes
plasy:vote-event:2023-09-20-002,plasy:person:kantor-poradkova-eva,person,yes
plasy:vote-event:2023-09-20-002,plasy:person:bezdickova-jitka,person,absent
plasy:vote-event:2023-09-20-002,plasy:person:kouba-tomas,person,yes
plasy:vote-event:2023-09-20-002,plasy:person:kovarik-petr,person,yes
plasy:vote-event:2023-09-20-002,plasy:person:neuman-petr,person,yes
plasy:vote-event:2023-09-20-002,plasy:person:novotny-jiri,person,abstain
plasy:vote-event:2023-09-20-002,plasy:person:palmova-eliska,person,yes
plasy:vote-event:2023-09-20-002,plasy:person:pfeifer-lukas,person,yes
plasy:vote-event:2023-09-20-002,plasy:person:skop-michal,person,yes
plasy:vote-event:2023-09-20-002,plasy:person:tyrpeklova-zdenka,person,yes
plasy:vote-event:2023-09-20-002,plasy:person:urbanova-veronika,person,yes
plasy:vote-event:2023-09-20-003,plasy:person:belbl-emanuel,person,absent
plasy:vote-event:2023-09-20-003,plasy:person:gross-vaclav,person,yes
plasy:vote-event:2023-09-20-003,plasy:person:hanzlicek-zdenek,person,yes
plasy:vote-event:2023-09-20-003,plasy:person:jezkova-martina,person,yes
plasy:vote-event:2023-09-20-003,plasy:person:kantor-poradkova-eva,person,yes
plasy:vote-event:2023-09-20-003,plasy:person:bezdickova-jitka,person,absent
plasy:vote-event:2023-09-20-003,plasy:person:kouba-tomas,person,abstain
plasy:vote-event:2023-09-20-003,plasy:person:kovarik-petr,person,yes
plasy:vote-event:2023-09-20-003,plasy:person:neuman-petr,person,yes
plasy:vote-event:2023-09-20-003,plasy:person:novotny-jiri,person,abstain
plasy:vote-event:2023-09-20-003,plasy:person:palmova-eliska,person,yes
plasy:vote-event:2023-09-20-003,plasy:person:pfeifer-lukas,person,yes
plasy:vote-event:2023-09-20-003,plasy:person:skop-michal,person,yes
plasy:vote-event:2023-09-20-003,plasy:person:tyrpeklova-zdenka,person,yes
plasy:vote-event:2023-09-20-003,plasy:person:urbanova-veronika,person,yes
plasy:vote-event:2023-09-20-004,plasy:person:belbl-emanuel,person,absent
plasy:vote-event:2023-09-20-004,plasy:person:gross-vaclav,person,yes
plasy:vote-event:2023-09-20-004,plasy:person:hanzlicek-zdenek,person,yes
plasy:vote-event:2023-09-20-004,plasy:person:jezkova-martina,person,yes
plasy:vote-event:2023-09-20-004,plasy:person:kantor-poradkova-eva,person,yes
plasy:vote-event:2023-09-20-004,plasy:person:bezdickova-jitka,person,absent
plasy:vote-event:2023-09-20-004,plasy:person:kouba-tomas,person,yes
plasy:vote-event:2023-09-20-004,plasy:person:kovarik-petr,person,yes
plasy:vote-event:2023-09-20-004,plasy:person:neuman-petr,person,yes
plasy:vote-event:2023-09-20-004,plasy:person:novotny-jiri,person,yes
plasy:vote-event:2023-09-20-004,plasy:person:palmova-eliska,person,yes
plasy:vote-event:2023-09-20-004,plasy:person:pfeifer-lukas,person,yes
plasy:vote-event:2023-09-20-004,plasy:person:skop-michal,person,yes
plasy:vote-event:2023-09-20-004,plasy:person:tyrpeklova-zdenka,person,yes
plasy:vote-event:2023-09-20-004,plasy:person:urbanova-veronika,person,yes
plasy:vote-event:2023-09-20-005,plasy:person:belbl-emanuel,person,absent
plasy:vote-event:2023-09-20-005,plasy:person:gross-vaclav,person,yes
plasy:vote-event:2023-09-20-005,plasy:person:hanzlicek-zdenek,person,no
plasy:vote-event:2023-09-20-005,plasy:person:jezkova-martina,person,yes
plasy:vote-event:2023-09-20-005,plasy:person:kantor-poradkova-eva,person,yes
plasy:vote-event:2023-09-20-005,plasy:person:bezdickova-jitka,person,absent
plasy:vote-event:2023-09-20-005,plasy:person:kouba-tomas,person,abstain
plasy:vote-event:2023-09-20-005,plasy:person:kovarik-petr,person,abstain
plasy:vote-event:2023-09-20-005,plasy:person:neuman-petr,person,yes
plasy:vote-event:2023-09-20-005,plasy:person:novotny-jiri,person,no
plasy:vote-event:2023-09-20-005,plasy:person:palmova-eliska,person,yes
plasy:vote-event:2023-09-20-005,plasy:person:pfeifer-lukas,person,yes
plasy:vote-event:2023-09-20-005,plasy:person:skop-michal,person,yes
plasy:vote-event:2023-09-20-005,plasy:person:tyrpeklova-zdenka,person,abstain
plasy:vote-event:2023-09-20-005,plasy:person:urbanova-veronika,person,yes
plasy:vote-event:2023-09-20-006,plasy:person:belbl-emanuel,person,absent
plasy:vote-event:2023-09-20-006,plasy:person:gross-vaclav,person,yes
plasy:vote-event:2023-09-20-006,plasy:person:hanzlicek-zdenek,person,yes
plasy:vote-event:2023-09-20-006,plasy:person:jezkova-martina,person,yes
plasy:vote-event:2023-09-20-006,plasy:person:kantor-poradkova-eva,person,yes
plasy:vote-event:2023-09-20-006,plasy:person:bezdickova-jitka,person,absent
plasy:vote-event:2023-09-20-006,plasy:person:kouba-tomas,person,yes
plasy:vote-event:2023-09-20-006,plasy:person:kovarik-petr,person,yes
plasy:vote-event:2023-09-20-006,plasy:person:neuman-petr,person,yes
plasy:vote-event:2023-09-20-006,plasy:person:novotny-jiri,person,yes
plasy:vote-event:2023-09-20-006,plasy:person:palmova-eliska,person,yes
plasy:vote-event:2023-09-20-006,plasy:person:pfeifer-lukas,person,yes
plasy:vote-event:2023-09-20-006,plasy:person:skop-michal,person,yes
plasy:vote-event:2023-09-20-006,plasy:person:tyrpeklova-zdenka,person,yes
plasy:vote-event:2023-09-20-006,plasy:person:urbanova-veronika,person,yes
plasy:vote-event:2023-12-13-001,plasy:person:belbl-emanuel,person,yes
plasy:vote-event:2023-12-13-001,plasy:person:gross-vaclav,person,yes
plasy:vote-event:2023-12-13-001,plasy:person:hanzlicek-zdenek,person,abstain
plasy:vote-event:2023-12-13-001,plasy:person:jezkova-martina,person,yes
plasy:vote-event:2023-12-13-001,plasy:person:kantor-poradkova-eva,person,yes
plasy:vote-event:2023-12-13-001,plasy:person:bezdickova-jitka,person,abstain
plasy:vote-event:2023-12-13-001,plasy:person:kouba-tomas,person,absent
plasy:vote-event:2023-12-13-001,plasy:person:kovarik-petr,person,yes
plasy:vote-event:2023-12-13-001,plasy:person:neuman-petr,person,yes
plasy:vote-event:2023-12-13-001,plasy:person:novotny-jiri,person,yes
plasy:vote-event:2023-12-13-001,plasy:person:palmova-eliska,person,yes
plasy:vote-event:2023-12-13-001,plasy:person:pfeifer-lukas,person,yes
plasy:vote-event:2023-12-13-001,plasy:person:skop-michal,person,yes
plasy:vote-event:2023-12-13-001,plasy:person:tyrpeklova-zdenka,person,yes
plasy:vote-event:2023-12-13-001,plasy:person:urbanova-veronika,person,yes
plasy:vote-event:2023-12-13-002,plasy:person:belbl-emanuel,person,yes
plasy:vote-event:2023-12-13-002,plasy:person:gross-vaclav,person,yes
plasy:vote-event:2023-12-13-002,plasy:person:hanzlicek-zdenek,person,yes
plasy:vote-event:2023-12-13-002,plasy:person:jezkova-martina,person,yes
plasy:vote-event:2023-12-13-002,plasy:person:kantor-poradkova-eva,person,yes
plasy:vote-event:2023-12-13-002,plasy:person:bezdickova-jitka,person,yes
plasy:vote-event:2023-12-13-002,plasy:person:kouba-tomas,person,absent
plasy:vote-event:2023-12-13-002,plasy:person:kovarik-petr,person,yes
plasy:vote-event:2023-12-13-002,plasy:person:neuman-petr,person,yes
plasy:vote-event:2023-12-13-002,plasy:person:novotny-jiri,person,yes
plasy:vote-event:2023-12-13-002,plasy:person:palmova-eliska,person,yes
plasy:vote-event:2023-12-13-002,plasy:person:pfeifer-lukas,person,yes
plasy:vote-event:2023-12-13-002,plasy:person:skop-michal,person,yes
plasy:vote-event:2023-12-13-002,plasy:person:tyrpeklova-zdenka,person,yes
plasy:vote-event:2023-12-13-002,plasy:person:urbanova-veronika,person,yes
plasy:vote-event:2023-12-13-003,plasy:person:belbl-emanuel,person,yes
plasy:vote-event:2023-12-13-003,plasy:person:gross-vaclav,person,yes
plasy:vote-event:2023-12-13-003,plasy:person:hanzlicek-zdenek,person,abstain
plasy:vote-event:2023-12-13-003,plasy:person:jezkova-martina,person,yes
plasy:vote-event:2023-12-13-003,plasy:person:kantor-poradkova-eva,person,yes
plasy:vote-event:2023-12-13-003,plasy:person:bezdickova-jitka,person,yes
plasy:vote-event:2023-12-13-003,plasy:person:kouba-tomas,person,absent
plasy:vote-event:2023-12-13-003,plasy:person:kovarik-petr,person,no
plasy:vote-event:2023-12-13-003,plasy:person:neuman-petr,person,yes
plasy:vote-event:2023-12-13-003,plasy:person:novotny-jiri,person,abstain
plasy:vote-event:2023-12-13-003,plasy:person:palmova-eliska,person,yes
plasy:vote-event:2023-12-13-003,plasy:person:pfeifer-lukas,person,yes
plasy:vote-event:2023-12-13-003,plasy:person:skop-michal,person,yes
plasy:vote-event:2023-12-13-003,plasy:person:tyrpeklova-zdenka,person,abstain
plasy:vote-event:2023-12-13-003,plasy:person:urbanova-veronika,person,yes
plasy:vote-event:2023-12-13-004,plasy:person:belbl-emanuel,person,yes
plasy:vote-event:2023-12-13-004,plasy:person:gross-vaclav,person,yes
plasy:vote-event:2023-12-13-004,plasy:person:hanzlicek-zdenek,person,yes
plasy:vote-event:2023-12-13-004,plasy:person:jezkova-martina,person,yes
plasy:vote-event:2023-12-13-004,plasy:person:kantor-poradkova-eva,person,yes
plasy:vote-event:2023-12-13-004,plasy:person:bezdickova-jitka,person,yes
plasy:vote-event:2023-12-13-004,plasy:person:kouba-tomas,person,absent
plasy:vote-event:2023-12-13-004,plasy:person:kovarik-petr,person,yes
plasy:vote-event:2023-12-13-004,plasy:person:neuman-petr,person,yes
plasy:vote-event:2023-12-13-004,plasy:person:novotny-jiri,person,yes
plasy:vote-event:2023-12-13-004,plasy:person:palmova-eliska,person,yes
plasy:vote-event:2023-12-13-004,plasy:person:pfeifer-lukas,person,yes
plasy:vote-event:2023-12-13-004,plasy:person:skop-michal,person,yes
plasy:vote-event:2023-12-13-004,plasy:person:tyrpeklova-zdenka,person,yes
plasy:vote-event:2023-12-13-004,plasy:person:urbanova-veronika,person,yes
plasy:vote-event:2023-12-13-005,plasy:person:belbl-emanuel,person,yes
plasy:vote-event:2023-12-13-005,plasy:person:gross-vaclav,person,yes
plasy:vote-event:2023-12-13-005,plasy:person:hanzlicek-zdenek,person,yes
plasy:vote-event:2023-12-13-005,plasy:person:jezkova-martina,person,yes
plasy:vote-event:2023-12-13-005,plasy:person:kantor-poradkova-eva,person,yes
plasy:vote-event:2023-12-13-005,plasy:person:bezdickova-jitka,person,yes
plasy:vote-event:2023-12-13-005,plasy:person:kouba-tomas,person,absent
plasy:vote-event:2023-12-13-005,plasy:person:kovarik-petr,person,yes
plasy:vote-event:2023-12-13-005,plasy:person:neuman-petr,person,yes
plasy:vote-event:2023-12-13-005,plasy:person:novotny-jiri,person,yes
plasy:vote-event:2023-12-13-005,plasy:person:palmova-eliska,person,yes
plasy:vote-event:2023-12-13-005,plasy:person:pfeifer-lukas,person,yes
plasy:vote-event:2023-12-13-005,plasy:person:skop-michal,person,yes
plasy:vote-event:2023-12-13-005,plasy:person:tyrpeklova-zdenka,person,yes
plasy:vote-event:2023-12-13-005,plasy:person:urbanova-veronika,person,yes
plasy:vote-event:2023-12-13-006,plasy:person:belbl-emanuel,person,abstain
plasy:vote-event:2023-12-13-006,plasy:person:gross-vaclav,person,yes
plasy:vote-event:2023-12-13-006,plasy:person:hanzlicek-zdenek,person,abstain
plasy:vote-event:2023-12-13-006,plasy:person:jezkova-martina,person,yes
plasy:vote-event:2023-12-13-006,plasy:person:kantor-poradkova-eva,person,yes
plasy:vote-event:2023-12-13-006,plasy:person:bezdickova-jitka,person,yes
plasy:vote-event:2023-12-13-006,plasy:person:kouba-tomas,person,absent
plasy:vote-event:2023-12-13-006,plasy:person:kovarik-petr,person,yes
plasy:vote-event:2023-12-13-006,plasy:person:neuman-petr,person,yes
plasy:vote-event:2023-12-13-006,plasy:person:novotny-jiri,person,abstain
plasy:vote-event:2023-12-13-006,plasy:person:palmova-eliska,person,yes
plasy:vote-event:2023-12-13-006,plasy:person:pfeifer-lukas,person,yes
plasy:vote-event:2023-12-13-006,plasy:person:skop-michal,person,yes
plasy:vote-event:2023-12-13-006,plasy:person:tyrpeklova-zdenka,person,abstain
plasy:vote-event:2023-12-13-006,plasy:person:urbanova-veronika,person,yes
plasy:vote-event:2023-12-13-007,plasy:person:belbl-emanuel,person,yes
plasy:vote-event:2023-12-13-007,plasy:person:gross-vaclav,person,yes
plasy:vote-event:2023-12-13-007,plasy:person:hanzlicek-zdenek,person,yes
plasy:vote-event:2023-12-13-007,plasy:person:jezkova-martina,person,yes
plasy:vote-event:2023-12-13-007,plasy:person:kantor-poradkova-eva,person,yes
plasy:vote-event:2023-12-13-007,plasy:person:bezdickova-jitka,person,yes
plasy:vote-event:2023-12-13-007,plasy:person:kouba-tomas,person,absent
plasy:vote-event:2023-12-13-007,plasy:person:kovarik-petr,person,yes
plasy:vote-event:2023-12-13-007,plasy:person:neuman-petr,person,yes
plasy:vote-event:2023-12-13-007,plasy:person:novotny-jiri,person,yes
plasy:vote-event:2023-12-13-007,plasy:person:palmova-eliska,person,yes
plasy:vote-event:2023-12-13-007,plasy:person:pfeifer-lukas,person,yes
plasy:vote-event:2023-12-13-007,plasy:person:skop-michal,person,yes
plasy:vote-event:2023-12-13-007,plasy:person:tyrpeklova-zdenka,person,yes
plasy:vote-event:2023-12-13-007,plasy:person:urbanova-veronika,person,yes
plasy:vote-event:2023-12-13-008,plasy:person:belbl-emanuel,person,yes
plasy:vote-event:2023-12-13-008,plasy:person:gross-vaclav,person,yes
plasy:vote-event:2023-12-13-008,plasy:person:hanzlicek-zdenek,person,yes
plasy:vote-event:2023-12-13-008,plasy:person:jezkova-martina,person,yes
plasy:vote-event:2023-12-13-008,plasy:person:kantor-poradkova-eva,person,yes
plasy:vote-event:2023-12-13-008,plasy:person:bezdickova-jitka,person,yes
plasy:vote-event:2023-12-13-008,plasy:person:kouba-tomas,person,absent
plasy:vote-event:2023-12-13-008,plasy:person:kovarik-petr,person,yes
plasy:vote-event:2023-12-13-008,plasy:person:neuman-petr,person,yes
plasy:vote-event:2023-12-13-008,plasy:person:novotny-jiri,person,yes
plasy:vote-event:2023-12-13-008,plasy:person:palmova-eliska,person,yes
plasy:vote-event:2023-12-13-008,plasy:person:pfeifer-lukas,person,yes
plasy:vote-event:2023-12-13-008,plasy:person:skop-michal,person,yes
plasy:vote-event:2023-12-13-008,plasy:person:tyrpeklova-zdenka,person,yes
plasy:vote-event:2023-12-13-008,plasy:person:urbanova-veronika,person,yes
plasy:vote-event:2023-12-13-009,plasy:person:belbl-emanuel,person,yes
plasy:vote-event:2023-12-13-009,plasy:person:gross-vaclav,person,yes
plasy:vote-event:2023-12-13-009,plasy:person:hanzlicek-zdenek,person,yes
plasy:vote-event:2023-12-13-009,plasy:person:jezkova-martina,person,yes
plasy:vote-event:2023-12-13-009,plasy:person:kantor-poradkova-eva,person,yes
plasy:vote-event:2023-12-13-009,plasy:person:bezdickova-jitka,person,yes
plasy:vote-event:2023-12-13-009,plasy:person:kouba-tomas,person,absent
plasy:vote-event:2023-12-13-009,plasy:person:kovarik-petr,person,yes
plasy:vote-event:2023-12-13-009,plasy:person:neuman-petr,person,yes
plasy:vote-event:2023-12-13-009,plasy:person:novotny-jiri,person,yes
plasy:vote-event:2023-12-13-009,plasy:person:palmova-eliska,person,yes
plasy:vote-event:2023-12-13-009,plasy:person:pfeifer-lukas,person,yes
plasy:vote-event:2023-12-13-009,plasy:person:skop-michal,person,yes
plasy:vote-event:2023-12-13-009,plasy:person:tyrpeklova-zdenka,person,yes
plasy:vote-event:2023-12-13-009,plasy:person:urbanova-veronika,person,yes
plasy:vote-event:2023-12-13-010,plasy:person:belbl-emanuel,person,yes
plasy:vote-event:2023-12-13-010,plasy:person:gross-vaclav,person,yes
plasy:vote-event:2023-12-13-010,plasy:person:hanzlicek-zdenek,person,yes
plasy:vote-event:2023-12-13-010,plasy:person:jezkova-martina,person,yes
plasy:vote-event:2023-12-13-010,plasy:person:kantor-poradkova-eva,person,yes
plasy:vote-event:2023-12-13-010,plasy:person:bezdickova-jitka,person,yes
plasy:vote-event:2023-12-13-010,plasy:person:kouba-tomas,person,absent
plasy:vote-event:2023-12-13-010,plasy:person:kovarik-petr,person,yes
plasy:vote-event:2023-12-13-010,plasy:person:neuman-petr,person,yes
plasy:vote-event:2023-12-13-010,plasy:person:novotny-jiri,person,yes
plasy:vote-event:2023-12-13-010,plasy:person:palmova-eliska,person,yes
plasy:vote-event:2023-12-13-010,plasy:person:pfeifer-lukas,person,yes
plasy:vote-event:2023-12-13-010,plasy:person:skop-michal,person,yes
plasy:vote-event:2023-12-13-010,plasy:person:tyrpeklova-zdenka,person,yes
plasy:vote-event:2023-12-13-010,plasy:person:urbanova-veronika,person,yes
plasy:vote-event:2023-12-13-011,plasy:person:belbl-emanuel,person,yes
plasy:vote-event:2023-12-13-011,plasy:person:gross-vaclav,person,yes
plasy:vote-event:2023-12-13-011,plasy:person:hanzlicek-zdenek,person,yes
plasy:vote-event:2023-12-13-011,plasy:person:jezkova-martina,person,yes
plasy:vote-event:2023-12-13-011,plasy:person:kantor-poradkova-eva,person,yes
plasy:vote-event:2023-12-13-011,plasy:person:bezdickova-jitka,person,yes
plasy:vote-event:2023-12-13-011,plasy:person:kouba-tomas,person,absent
plasy:vote-event:2023-12-13-011,plasy:person:kovarik-petr,person,yes
plasy:vote-event:2023-12-13-011,plasy:person:neuman-petr,person,yes
plasy:vote-event:2023-12-13-011,plasy:person:novotny-jiri,person,yes
plasy:vote-event:2023-12-13-011,plasy:person:palmova-eliska,person,yes
plasy:vote-event:2023-12-13-011,plasy:person:pfeifer-lukas,person,yes
plasy:vote-event:2023-12-13-011,plasy:person:skop-michal,person,yes
plasy:vote-event:2023-12-13-011,plasy:person:tyrpeklova-zdenka,person,yes
plasy:vote-event:2023-12-13-011,plasy:person:urbanova-veronika,person,yes
plasy:vote-event:2023-12-13-012,plasy:person:belbl-emanuel,person,yes
plasy:vote-event:2023-12-13-012,plasy:person:gross-vaclav,person,yes
plasy:vote-event:2023-12-13-012,plasy:person:hanzlicek-zdenek,person,yes
plasy:vote-event:2023-12-13-012,plasy:person:jezkova-martina,person,yes
plasy:vote-event:2023-12-13-012,plasy:person:kantor-poradkova-eva,person,yes
plasy:vote-event:2023-12-13-012,plasy:person:bezdickova-jitka,person,yes
plasy:vote-event:2023-12-13-012,plasy:person:kouba-tomas,person,absent
plasy:vote-event:2023-12-13-012,plasy:person:kovarik-petr,person,yes
plasy:vote-event:2023-12-13-012,plasy:person:neuman-petr,person,yes
plasy:vote-event:2023-12-13-012,plasy:person:novotny-jiri,person,yes
plasy:vote-event:2023-12-13-012,plasy:person:palmova-eliska,person,yes
plasy:vote-event:2023-12-13-012,plasy:person:pfeifer-lukas,person,yes
plasy:vote-event:2023-12-13-012,plasy:person:skop-michal,person,yes
plasy:vote-event:2023-12-13-012,plasy:person:tyrpeklova-zdenka,person,yes
plasy:vote-event:2023-12-13-012,plasy:person:urbanova-veronika,person,yes
plasy:vote-event:2023-12-13-013,plasy:person:belbl-emanuel,person,no
plasy:vote-event:2023-12-13-013,plasy:person:gross-vaclav,person,yes
plasy:vote-event:2023-12-13-013,plasy:person:hanzlicek-zdenek,person,no
plasy:vote-event:2023-12-13-013,plasy:person:jezkova-martina,person,yes
plasy:vote-event:2023-12-13-013,plasy:person:kantor-poradkova-eva,person,yes
plasy:vote-event:2023-12-13-013,plasy:person:bezdickova-jitka,person,no
plasy:vote-event:2023-12-13-013,plasy:person:kouba-tomas,person,absent
plasy:vote-event:2023-12-13-013,plasy:person:kovarik-petr,person,no
plasy:vote-event:2023-12-13-013,plasy:person:neuman-petr,person,yes
plasy:vote-event:2023-12-13-013,plasy:person:novotny-jiri,person,no
plasy:vote-event:2023-12-13-013,plasy:person:palmova-eliska,person,yes
plasy:vote-event:2023-12-13-013,plasy:person:pfeifer-lukas,person,yes
plasy:vote-event:2023-12-13-013,plasy:person:skop-michal,person,yes
plasy:vote-event:2023-12-13-013,plasy:person:tyrpeklova-zdenka,person,no
plasy:vote-event:2023-12-13-013,plasy:person:urbanova-veronika,person,yes
plasy:vote-event:2023-12-13-014,plasy:person:belbl-emanuel,person,yes
plasy:vote-event:2023-12-13-014,plasy:person:gross-vaclav,person,yes
plasy:vote-event:2023-12-13-014,plasy:person:hanzlicek-zdenek,person,abstain
plasy:vote-event:2023-12-13-014,plasy:person:jezkova-martina,person,yes
plasy:vote-event:2023-12-13-014,plasy:person:kantor-poradkova-eva,person,yes
plasy:vote-event:2023-12-13-014,plasy:person:bezdickova-jitka,person,yes
plasy:vote-event:2023-12-13-014,plasy:person:kouba-tomas,person,absent
plasy:vote-event:2023-12-13-014,plasy:person:kovarik-petr,person,yes
plasy:vote-event:2023-12-13-014,plasy:person:neuman-petr,person,yes
plasy:vote-event:2023-12-13-014,plasy:person:novotny-jiri,person,yes
plasy:vote-event:2023-12-13-014,plasy:person:palmova-eliska,person,yes
plasy:vote-event:2023-12-13-014,plasy:person:pfeifer-lukas,person,yes
plasy:vote-event:2023-12-13-014,plasy:person:skop-michal,person,yes
plasy:vote-event:2023-12-13-014,plasy:person:tyrpeklova-zdenka,person,yes
plasy:vote-event:2023-12-13-014,plasy:person:urbanova-veronika,person,yes
plasy:vote-event:2023-12-13-015,plasy:person:belbl-emanuel,person,yes
plasy:vote-event:2023-12-13-015,plasy:person:gross-vaclav,person,yes
plasy:vote-event:2023-12-13-015,plasy:person:hanzlicek-zdenek,person,abstain
plasy:vote-event:2023-12-13-015,plasy:person:jezkova-martina,person,yes
plasy:vote-event:2023-12-13-015,plasy:person:kantor-poradkova-eva,person,yes
plasy:vote-event:2023-12-13-015,plasy:person:bezdickova-jitka,person,abstain
plasy:vote-event:2023-12-13-015,plasy:person:kouba-tomas,person,absent
plasy:vote-event:2023-12-13-015,plasy:person:kovarik-petr,person,abstain
plasy:vote-event:2023-12-13-015,plasy:person:neuman-petr,person,yes
plasy:vote-event:2023-12-13-015,plasy:person:novotny-jiri,person,yes
plasy:vote-event:2023-12-13-015,plasy:person:palmova-eliska,person,abstain
plasy:vote-event:2023-12-13-015,plasy:person:pfeifer-lukas,person,yes
plasy:vote-event:2023-12-13-015,plasy:person:skop-michal,person,yes
plasy:vote-event:2023-12-13-015,plasy:person:tyrpeklova-zdenka,person,yes
plasy:vote-event:2023-12-13-015,plasy:person:urbanova-veronika,person,yes
plasy:vote-event:2023-12-13-016,plasy:person:belbl-emanuel,person,no
plasy:vote-event:2023-12-13-016,plasy:person:gross-vaclav,person,yes
plasy:vote-event:2023-12-13-016,plasy:person:hanzlicek-zdenek,person,no
plasy:vote-event:2023-12-13-016,plasy:person:jezkova-martina,person,yes
plasy:vote-event:2023-12-13-016,plasy:person:kantor-poradkova-eva,person,yes
plasy:vote-event:2023-12-13-016,plasy:person:bezdickova-jitka,person,no
plasy:vote-event:2023-12-13-016,plasy:person:kouba-tomas,person,absent
plasy:vote-event:2023-12-13-016,plasy:person:kovarik-petr,person,no
plasy:vote-event:2023-12-13-016,plasy:person:neuman-petr,person,yes
plasy:vote-event:2023-12-13-016,plasy:person:novotny-jiri,person,no
plasy:vote-event:2023-12-13-016,plasy:person:palmova-eliska,person,yes
plasy:vote-event:2023-12-13-016,plasy:person:pfeifer-lukas,person,yes
plasy:vote-event:2023-12-13-016,plasy:person:skop-michal,person,yes
plasy:vote-event:2023-12-13-016,plasy:person:tyrpeklova-zdenka,person,no
plasy:vote-event:2023-12-13-016,plasy:person:urbanova-veronika,person,yes
plasy:vote-event:2023-12-13-017,plasy:person:belbl-emanuel,person,abstain
plasy:vote-event:2023-12-13-017,plasy:person:gross-vaclav,person,yes
plasy:vote-event:2023-12-13-017,plasy:person:hanzlicek-zdenek,person,no
plasy:vote-event:2023-12-13-017,plasy:person:jezkova-martina,person,yes
plasy:vote-event:2023-12-13-017,plasy:person:kantor-poradkova-eva,person,yes
plasy:vote-event:2023-12-13-017,plasy:person:bezdickova-jitka,person,abstain
plasy:vote-event:2023-12-13-017,plasy:person:kouba-tomas,person,absent
plasy:vote-event:2023-12-13-017,plasy:person:kovarik-petr,person,abstain
plasy:vote-event:2023-12-13-017,plasy:person:neuman-petr,person,yes
plasy:vote-event:2023-12-13-017,plasy:person:novotny-jiri,person,abstain
plasy:vote-event:2023-12-13-017,plasy:person:palmova-eliska,person,yes
plasy:vote-event:2023-12-13-017,plasy:person:pfeifer-lukas,person,yes
plasy:vote-event:2023-12-13-017,plasy:person:skop-michal,person,yes
plasy:vote-event:2023-12-13-017,plasy:person:tyrpeklova-zdenka,person,no
plasy:vote-event:2023-12-13-017,plasy:person:urbanova-veronika,person,yes
plasy:vote-event:2023-12-13-018,plasy:person:belbl-emanuel,person,yes
plasy:vote-event:2023-12-13-018,plasy:person:gross-vaclav,person,yes
plasy:vote-event:2023-12-13-018,plasy:person:hanzlicek-zdenek,person,abstain
plasy:vote-event:2023-12-13-018,plasy:person:jezkova-martina,person,yes
plasy:vote-event:2023-12-13-018,plasy:person:kantor-poradkova-eva,person,yes
plasy:vote-event:2023-12-13-018,plasy:person:bezdickova-jitka,person,yes
plasy:vote-event:2023-12-13-018,plasy:person:kouba-tomas,person,absent
plasy:vote-event:2023-12-13-018,plasy:person:kovarik-petr,person,yes
plasy:vote-event:2023-12-13-018,plasy:person:neuman-petr,person,yes
plasy:vote-event:2023-12-13-018,plasy:person:novotny-jiri,person,yes
plasy:vote-event:2023-12-13-018,plasy:person:palmova-eliska,person,yes
plasy:vote-event:2023-12-13-018,plasy:person:pfeifer-lukas,person,yes
plasy:vote-event:2023-12-13-018,plasy:person:skop-michal,person,yes
plasy:vote-event:2023-12-13-018,plasy:person:tyrpeklova-zdenka,person,yes
plasy:vote-event:2023-12-13-018,plasy:person:urbanova-veronika,person,yes
plasy:vote-event:2023-12-13-019,plasy:person:belbl-emanuel,person,yes
plasy:vote-event:2023-12-13-019,plasy:person:gross-vaclav,person,yes
plasy:vote-event:2023-12-13-019,plasy:person:hanzlicek-zdenek,person,yes
plasy:vote-event:2023-12-13-019,plasy:person:jezkova-martina,person,yes
plasy:vote-event:2023-12-13-019,plasy:person:kantor-poradkova-eva,person,yes
plasy:vote-event:2023-12-13-019,plasy:person:bezdickova-jitka,person,yes
plasy:vote-event:2023-12-13-019,plasy:person:kouba-tomas,person,absent
plasy:vote-event:2023-12-13-019,plasy:person:kovarik-petr,person,yes
plasy:vote-event:2023-12-13-019,plasy:person:neuman-petr,person,yes
plasy:vote-event:2023-12-13-019,plasy:person:novotny-jiri,person,yes
plasy:vote-event:2023-12-13-019,plasy:person:palmova-eliska,person,yes
plasy:vote-event:2023-12-13-019,plasy:person:pfeifer-lukas,person,yes
plasy:vote-event:2023-12-13-019,plasy:person:skop-michal,person,yes
plasy:vote-event:2023-12-13-019,plasy:person:tyrpeklova-zdenka,person,yes
plasy:vote-event:2023-12-13-019,plasy:person:urbanova-veronika,person,yes
plasy:vote-event:2024-03-13-001,plasy:person:belbl-emanuel,person,yes
plasy:vote-event:2024-03-13-001,plasy:person:gross-vaclav,person,yes
plasy:vote-event:2024-03-13-001,plasy:person:hanzlicek-zdenek,person,yes
plasy:vote-event:2024-03-13-001,plasy:person:jezkova-martina,person,yes
plasy:vote-event:2024-03-13-001,plasy:person:kantor-poradkova-eva,person,yes
plasy:vote-event:2024-03-13-001,plasy:person:kouba-tomas,person,yes
plasy:vote-event:2024-03-13-001,plasy:person:kovarik-petr,person,yes
plasy:vote-event:2024-03-13-001,plasy:person:neuman-petr,person,yes
plasy:vote-event:2024-03-13-001,plasy:person:novotny-jiri,person,absent
plasy:vote-event:2024-03-13-001,plasy:person:palmova-eliska,person,yes
plasy:vote-event:2024-03-13-001,plasy:person:pfeifer-lukas,person,yes
plasy:vote-event:2024-03-13-001,plasy:person:skop-michal,person,yes
plasy:vote-event:2024-03-13-001,plasy:person:tyrpeklova-zdenka,person,yes
plasy:vote-event:2024-03-13-001,plasy:person:urbanova-veronika,person,yes
plasy:vote-event:2024-03-13-002,plasy:person:belbl-emanuel,person,yes
plasy:vote-event:2024-03-13-002,plasy:person:gross-vaclav,person,yes
plasy:vote-event:2024-03-13-002,plasy:person:hanzlicek-zdenek,person,yes
plasy:vote-event:2024-03-13-002,plasy:person:jezkova-martina,person,yes
plasy:vote-event:2024-03-13-002,plasy:person:kantor-poradkova-eva,person,yes
plasy:vote-event:2024-03-13-002,plasy:person:kornatovsky-ivo,person,abstain
plasy:vote-event:2024-03-13-002,plasy:person:kouba-tomas,person,yes
plasy:vote-event:2024-03-13-002,plasy:person:kovarik-petr,person,yes
plasy:vote-event:2024-03-13-002,plasy:person:neuman-petr,person,yes
plasy:vote-event:2024-03-13-002,plasy:person:novotny-jiri,person,absent
plasy:vote-event:2024-03-13-002,plasy:person:palmova-eliska,person,yes
plasy:vote-event:2024-03-13-002,plasy:person:pfeifer-lukas,person,yes
plasy:vote-event:2024-03-13-002,plasy:person:skop-michal,person,yes
plasy:vote-event:2024-03-13-002,plasy:person:tyrpeklova-zdenka,person,yes
plasy:vote-event:2024-03-13-002,plasy:person:urbanova-veronika,person,yes
plasy:vote-event:2024-03-13-003,plasy:person:belbl-emanuel,person,yes
plasy:vote-event:2024-03-13-003,plasy:person:gross-vaclav,person,yes
plasy:vote-event:2024-03-13-003,plasy:person:hanzlicek-zdenek,person,yes
plasy:vote-event:2024-03-13-003,plasy:person:jezkova-martina,person,yes
plasy:vote-event:2024-03-13-003,plasy:person:kantor-poradkova-eva,person,yes
plasy:vote-event:2024-03-13-003,plasy:person:kornatovsky-ivo,person,yes
plasy:vote-event:2024-03-13-003,plasy:person:kouba-tomas,person,yes
plasy:vote-event:2024-03-13-003,plasy:person:kovarik-petr,person,yes
plasy:vote-event:2024-03-13-003,plasy:person:neuman-petr,person,yes
plasy:vote-event:2024-03-13-003,plasy:person:novotny-jiri,person,absent
plasy:vote-event:2024-03-13-003,plasy:person:palmova-eliska,person,yes
plasy:vote-event:2024-03-13-003,plasy:person:pfeifer-lukas,person,yes
plasy:vote-event:2024-03-13-003,plasy:person:skop-michal,person,yes
plasy:vote-event:2024-03-13-003,plasy:person:tyrpeklova-zdenka,person,yes
plasy:vote-event:2024-03-13-003,plasy:person:urbanova-veronika,person,yes
plasy:vote-event:2024-03-13-004,plasy:person:belbl-emanuel,person,yes
plasy:vote-event:2024-03-13-004,plasy:person:gross-vaclav,person,yes
plasy:vote-event:2024-03-13-004,plasy:person:hanzlicek-zdenek,person,yes
plasy:vote-event:2024-03-13-004,plasy:person:jezkova-martina,person,yes
plasy:vote-event:2024-03-13-004,plasy:person:kantor-poradkova-eva,person,yes
plasy:vote-event:2024-03-13-004,plasy:person:kornatovsky-ivo,person,yes
plasy:vote-event:2024-03-13-004,plasy:person:kouba-tomas,person,yes
plasy:vote-event:2024-03-13-004,plasy:person:kovarik-petr,person,yes
plasy:vote-event:2024-03-13-004,plasy:person:neuman-petr,person,yes
plasy:vote-event:2024-03-13-004,plasy:person:novotny-jiri,person,absent
plasy:vote-event:2024-03-13-004,plasy:person:palmova-eliska,person,yes
plasy:vote-event:2024-03-13-004,plasy:person:pfeifer-lukas,person,yes
plasy:vote-event:2024-03-13-004,plasy:person:skop-michal,person,yes
plasy:vote-event:2024-03-13-004,plasy:person:tyrpeklova-zdenka,person,yes
plasy:vote-event:2024-03-13-004,plasy:person:urbanova-veronika,person,yes
plasy:vote-event:2024-03-13-005,plasy:person:belbl-emanuel,person,yes
plasy:vote-event:2024-03-13-005,plasy:person:gross-vaclav,person,yes
plasy:vote-event:2024-03-13-005,plasy:person:hanzlicek-zdenek,person,yes
plasy:vote-event:2024-03-13-005,plasy:person:jezkova-martina,person,yes
plasy:vote-event:2024-03-13-005,plasy:person:kantor-poradkova-eva,person,yes
plasy:vote-event:2024-03-13-005,plasy:person:kornatovsky-ivo,person,yes
plasy:vote-event:2024-03-13-005,plasy:person:kouba-tomas,person,yes
plasy:vote-event:2024-03-13-005,plasy:person:kovarik-petr,person,yes
plasy:vote-event:2024-03-13-005,plasy:person:neuman-petr,person,yes
plasy:vote-event:2024-03-13-005,plasy:person:novotny-jiri,person,absent
plasy:vote-event:2024-03-13-005,plasy:person:palmova-eliska,person,yes
plasy:vote-event:2024-03-13-005,plasy:person:pfeifer-lukas,person,yes
plasy:vote-event:2024-03-13-005,plasy:person:skop-michal,person,yes
plasy:vote-event:2024-03-13-005,plasy:person:tyrpeklova-zdenka,person,yes
plasy:vote-event:2024-03-13-005,plasy:person:urbanova-veronika,person,yes
plasy:vote-event:2024-03-13-006,plasy:person:belbl-emanuel,person,yes
plasy:vote-event:2024-03-13-006,plasy:person:gross-vaclav,person,yes
plasy:vote-event:2024-03-13-006,plasy:person:hanzlicek-zdenek,person,yes
plasy:vote-event:2024-03-13-006,plasy:person:jezkova-martina,person,yes
plasy:vote-event:2024-03-13-006,plasy:person:kantor-poradkova-eva,person,yes
plasy:vote-event:2024-03-13-006,plasy:person:kornatovsky-ivo,person,abstain
plasy:vote-event:2024-03-13-006,plasy:person:kouba-tomas,person,yes
plasy:vote-event:2024-03-13-006,plasy:person:kovarik-petr,person,yes
plasy:vote-event:2024-03-13-006,plasy:person:neuman-petr,person,yes
plasy:vote-event:2024-03-13-006,plasy:person:novotny-jiri,person,absent
plasy:vote-event:2024-03-13-006,plasy:person:palmova-eliska,person,yes
plasy:vote-event:2024-03-13-006,plasy:person:pfeifer-lukas,person,yes
plasy:vote-event:2024-03-13-006,plasy:person:skop-michal,person,yes
plasy:vote-event:2024-03-13-006,plasy:person:tyrpeklova-zdenka,person,yes
plasy:vote-event:2024-03-13-006,plasy:person:urbanova-veronika,person,yes
plasy:vote-event:2024-03-13-007,plasy:person:belbl-emanuel,person,yes
plasy:vote-event:2024-03-13-007,plasy:person:gross-vaclav,person,yes
plasy:vote-event:2024-03-13-007,plasy:person:hanzlicek-zdenek,person,yes
plasy:vote-event:2024-03-13-007,plasy:person:jezkova-martina,person,yes
plasy:vote-event:2024-03-13-007,plasy:person:kantor-poradkova-eva,person,yes
plasy:vote-event:2024-03-13-007,plasy:person:kornatovsky-ivo,person,yes
plasy:vote-event:2024-03-13-007,plasy:person:kouba-tomas,person,yes
plasy:vote-event:2024-03-13-007,plasy:person:kovarik-petr,person,yes
plasy:vote-event:2024-03-13-007,plasy:person:neuman-petr,person,yes
plasy:vote-event:2024-03-13-007,plasy:person:novotny-jiri,person,absent
plasy:vote-event:2024-03-13-007,plasy:person:palmova-eliska,person,yes
plasy:vote-event:2024-03-13-007,plasy:person:pfeifer-lukas,person,yes
plasy:vote-event:2024-03-13-007,plasy:person:skop-michal,person,yes
plasy:vote-event:2024-03-13-007,plasy:person:tyrpeklova-zdenka,person,yes
plasy:vote-event:2024-03-13-007,plasy:person:urbanova-veronika,person,yes
plasy:vote-event:2024-03-13-008,plasy:person:belbl-emanuel,person,yes
plasy:vote-event:2024-03-13-008,plasy:person:gross-vaclav,person,yes
plasy:vote-event:2024-03-13-008,plasy:person:hanzlicek-zdenek,person,yes
plasy:vote-event:2024-03-13-008,plasy:person:jezkova-martina,person,yes
plasy:vote-event:2024-03-13-008,plasy:person:kantor-poradkova-eva,person,yes
plasy:vote-event:2024-03-13-008,plasy:person:kornatovsky-ivo,person,yes
plasy:vote-event:2024-03-13-008,plasy:person:kouba-tomas,person,yes
plasy:vote-event:2024-03-13-008,plasy:person:kovarik-petr,person,yes
plasy:vote-event:2024-03-13-008,plasy:person:neuman-petr,person,yes
plasy:vote-event:2024-03-13-008,plasy:person:novotny-jiri,person,absent
plasy:vote-event:2024-03-13-008,plasy:person:palmova-eliska,person,yes
plasy:vote-event:2024-03-13-008,plasy:person:pfeifer-lukas,person,yes
plasy:vote-event:2024-03-13-008,plasy:person:skop-michal,person,yes
plasy:vote-event:2024-03-13-008,plasy:person:tyrpeklova-zdenka,person,yes
plasy:vote-event:2024-03-13-008,plasy:person:urbanova-veronika,person,yes
plasy:vote-event:2024-03-13-009,plasy:person:belbl-emanuel,person,yes
plasy:vote-event:2024-03-13-009,plasy:person:gross-vaclav,person,yes
plasy:vote-event:2024-03-13-009,plasy:person:hanzlicek-zdenek,person,yes
plasy:vote-event:2024-03-13-009,plasy:person:jezkova-martina,person,yes
plasy:vote-event:2024-03-13-009,plasy:person:kantor-poradkova-eva,person,yes
plasy:vote-event:2024-03-13-009,plasy:person:kornatovsky-ivo,person,yes
plasy:vote-event:2024-03-13-009,plasy:person:kouba-tomas,person,yes
plasy:vote-event:2024-03-13-009,plasy:person:kovarik-petr,person,yes
plasy:vote-event:2024-03-13-009,plasy:person:neuman-petr,person,yes
plasy:vote-event:2024-03-13-009,plasy:person:novotny-jiri,person,absent
plasy:vote-event:2024-03-13-009,plasy:person:palmova-eliska,person,yes
plasy:vote-event:2024-03-13-009,plasy:person:pfeifer-lukas,person,yes
plasy:vote-event:2024-03-13-009,plasy:person:skop-michal,person,yes
plasy:vote-event:2024-03-13-009,plasy:person:tyrpeklova-zdenka,person,yes
plasy:vote-event:2024-03-13-009,plasy:person:urbanova-veronika,person,yes
plasy:vote-event:2024-03-13-010,plasy:person:belbl-emanuel,person,yes
plasy:vote-event:2024-03-13-010,plasy:person:gross-vaclav,person,yes
plasy:vote-event:2024-03-13-010,plasy:person:hanzlicek-zdenek,person,yes
plasy:vote-event:2024-03-13-010,plasy:person:jezkova-martina,person,yes
plasy:vote-event:2024-03-13-010,plasy:person:kantor-poradkova-eva,person,yes
plasy:vote-event:2024-03-13-010,plasy:person:kornatovsky-ivo,person,yes
plasy:vote-event:2024-03-13-010,plasy:person:kouba-tomas,person,yes
plasy:vote-event:2024-03-13-010,plasy:person:kovarik-petr,person,yes
plasy:vote-event:2024-03-13-010,plasy:person:neuman-petr,person,yes
plasy:vote-event:2024-03-13-010,plasy:person:novotny-jiri,person,absent
plasy:vote-event:2024-03-13-010,plasy:person:palmova-eliska,person,yes
plasy:vote-event:2024-03-13-010,plasy:person:pfeifer-lukas,person,yes
plasy:vote-event:2024-03-13-010,plasy:person:skop-michal,person,yes
plasy:vote-event:2024-03-13-010,plasy:person:tyrpeklova-zdenka,person,yes
plasy:vote-event:2024-03-13-010,plasy:person:urbanova-veronika,person,yes
plasy:vote-event:2024-03-13-011,plasy:person:belbl-emanuel,person,yes
plasy:vote-event:2024-03-13-011,plasy:person:gross-vaclav,person,yes
plasy:vote-event:2024-03-13-011,plasy:person:hanzlicek-zdenek,person,yes
plasy:vote-event:2024-03-13-011,plasy:person:jezkova-martina,person,yes
plasy:vote-event:2024-03-13-011,plasy:person:kantor-poradkova-eva,person,yes
plasy:vote-event:2024-03-13-011,plasy:person:kornatovsky-ivo,person,yes
plasy:vote-event:2024-03-13-011,plasy:person:kouba-tomas,person,yes
plasy:vote-event:2024-03-13-011,plasy:person:kovarik-petr,person,yes
plasy:vote-event:2024-03-13-011,plasy:person:neuman-petr,person,yes
plasy:vote-event:2024-03-13-011,plasy:person:novotny-jiri,person,absent
plasy:vote-event:2024-03-13-011,plasy:person:palmova-eliska,person,yes
plasy:vote-event:2024-03-13-011,plasy:person:pfeifer-lukas,person,yes
plasy:vote-event:2024-03-13-011,plasy:person:skop-michal,person,yes
plasy:vote-event:2024-03-13-011,plasy:person:tyrpeklova-zdenka,person,yes
plasy:vote-event:2024-03-13-011,plasy:person:urbanova-veronika,person,yes
plasy:vote-event:2024-03-13-012,plasy:person:belbl-emanuel,person,yes
plasy:vote-event:2024-03-13-012,plasy:person:gross-vaclav,person,yes
plasy:vote-event:2024-03-13-012,plasy:person:hanzlicek-zdenek,person,yes
plasy:vote-event:2024-03-13-012,plasy:person:jezkova-martina,person,yes
plasy:vote-event:2024-03-13-012,plasy:person:kantor-poradkova-eva,person,yes
plasy:vote-event:2024-03-13-012,plasy:person:kornatovsky-ivo,person,yes
plasy:vote-event:2024-03-13-012,plasy:person:kouba-tomas,person,yes
plasy:vote-event:2024-03-13-012,plasy:person:kovarik-petr,person,yes
plasy:vote-event:2024-03-13-012,plasy:person:neuman-petr,person,yes
plasy:vote-event:2024-03-13-012,plasy:person:novotny-jiri,person,absent
plasy:vote-event:2024-03-13-012,plasy:person:palmova-eliska,person,yes
plasy:vote-event:2024-03-13-012,plasy:person:pfeifer-lukas,person,yes
plasy:vote-event:2024-03-13-012,plasy:person:skop-michal,person,yes
plasy:vote-event:2024-03-13-012,plasy:person:tyrpeklova-zdenka,person,yes
plasy:vote-event:2024-03-13-012,plasy:person:urbanova-veronika,person,yes
plasy:vote-event:2024-03-13-013,plasy:person:belbl-emanuel,person,yes
plasy:vote-event:2024-03-13-013,plasy:person:gross-vaclav,person,yes
plasy:vote-event:2024-03-13-013,plasy:person:hanzlicek-zdenek,person,yes
plasy:vote-event:2024-03-13-013,plasy:person:jezkova-martina,person,yes
plasy:vote-event:2024-03-13-013,plasy:person:kantor-poradkova-eva,person,yes
plasy:vote-event:2024-03-13-013,plasy:person:kornatovsky-ivo,person,yes
plasy:vote-event:2024-03-13-013,plasy:person:kouba-tomas,person,yes
plasy:vote-event:2024-03-13-013,plasy:person:kovarik-petr,person,yes
plasy:vote-event:2024-03-13-013,plasy:person:neuman-petr,person,yes
plasy:vote-event:2024-03-13-013,plasy:person:novotny-jiri,person,absent
plasy:vote-event:2024-03-13-013,plasy:person:palmova-eliska,person,yes
plasy:vote-event:2024-03-13-013,plasy:person:pfeifer-lukas,person,yes
plasy:vote-event:2024-03-13-013,plasy:person:skop-michal,person,yes
plasy:vote-event:2024-03-13-013,plasy:person:tyrpeklova-zdenka,person,yes
plasy:vote-event:2024-03-13-013,plasy:person:urbanova-veronika,person,yes
plasy:vote-event:2024-03-13-014,plasy:person:belbl-emanuel,person,abstain
plasy:vote-event:2024-03-13-014,plasy:person:gross-vaclav,person,yes
plasy:vote-event:2024-03-13-014,plasy:person:hanzlicek-zdenek,person,abstain
plasy:vote-event:2024-03-13-014,plasy:person:jezkova-martina,person,yes
plasy:vote-event:2024-03-13-014,plasy:person:kantor-poradkova-eva,person,yes
plasy:vote-event:2024-03-13-014,plasy:person:kornatovsky-ivo,person,abstain
plasy:vote-event:2024-03-13-014,plasy:person:kouba-tomas,person,yes
plasy:vote-event:2024-03-13-014,plasy:person:kovarik-petr,person,yes
plasy:vote-event:2024-03-13-014,plasy:person:neuman-petr,person,yes
plasy:vote-event:2024-03-13-014,plasy:person:novotny-jiri,person,absent
plasy:vote-event:2024-03-13-014,plasy:person:palmova-eliska,person,yes
plasy:vote-event:2024-03-13-014,plasy:person:pfeifer-lukas,person,yes
plasy:vote-event:2024-03-13-014,plasy:person:skop-michal,person,yes
plasy:vote-event:2024-03-13-014,plasy:person:tyrpeklova-zdenka,person,abstain
plasy:vote-event:2024-03-13-014,plasy:person:urbanova-veronika,person,yes
plasy:vote-event:2024-04-22-001,plasy:person:belbl-emanuel,person,absent
plasy:vote-event:2024-04-22-001,plasy:person:gross-vaclav,person,yes
plasy:vote-event:2024-04-22-001,plasy:person:hanzlicek-zdenek,person,absent
plasy:vote-event:2024-04-22-001,plasy:person:jezkova-martina,person,yes
plasy:vote-event:2024-04-22-001,plasy:person:kantor-poradkova-eva,person,yes
plasy:vote-event:2024-04-22-001,plasy:person:kornatovsky-ivo,person,yes
plasy:vote-event:2024-04-22-001,plasy:person:kouba-tomas,person,yes
plasy:vote-event:2024-04-22-001,plasy:person:kovarik-petr,person,absent
plasy:vote-event:2024-04-22-001,plasy:person:neuman-petr,person,yes
plasy:vote-event:2024-04-22-001,plasy:person:novotny-jiri,person,absent
plasy:vote-event:2024-04-22-001,plasy:person:palmova-eliska,person,yes
plasy:vote-event:2024-04-22-001,plasy:person:pfeifer-lukas,person,yes
plasy:vote-event:2024-04-22-001,plasy:person:skop-michal,person,yes
plasy:vote-event:2024-04-22-001,plasy:person:tyrpeklova-zdenka,person,yes
plasy:vote-event:2024-04-22-001,plasy:person:urbanova-veronika,person,yes
plasy:vote-event:2024-04-22-002,plasy:person:belbl-emanuel,person,absent
plasy:vote-event:2024-04-22-002,plasy:person:gross-vaclav,person,yes
plasy:vote-event:2024-04-22-002,plasy:person:hanzlicek-zdenek,person,absent
plasy:vote-event:2024-04-22-002,plasy:person:jezkova-martina,person,yes
plasy:vote-event:2024-04-22-002,plasy:person:kantor-poradkova-eva,person,yes
plasy:vote-event:2024-04-22-002,plasy:person:kornatovsky-ivo,person,abstain
plasy:vote-event:2024-04-22-002,plasy:person:kouba-tomas,person,abstain
plasy:vote-event:2024-04-22-002,plasy:person:kovarik-petr,person,absent
plasy:vote-event:2024-04-22-002,plasy:person:neuman-petr,person,yes
plasy:vote-event:2024-04-22-002,plasy:person:novotny-jiri,person,absent
plasy:vote-event:2024-04-22-002,plasy:person:palmova-eliska,person,yes
plasy:vote-event:2024-04-22-002,plasy:person:pfeifer-lukas,person,yes
plasy:vote-event:2024-04-22-002,plasy:person:skop-michal,person,yes
plasy:vote-event:2024-04-22-002,plasy:person:tyrpeklova-zdenka,person,yes
plasy:vote-event:2024-04-22-002,plasy:person:urbanova-veronika,person,yes
plasy:vote-event:2024-04-22-003,plasy:person:belbl-emanuel,person,absent
plasy:vote-event:2024-04-22-003,plasy:person:gross-vaclav,person,yes
plasy:vote-event:2024-04-22-003,plasy:person:hanzlicek-zdenek,person,absent
plasy:vote-event:2024-04-22-003,plasy:person:jezkova-martina,person,yes
plasy:vote-event:2024-04-22-003,plasy:person:kantor-poradkova-eva,person,yes
plasy:vote-event:2024-04-22-003,plasy:person:kornatovsky-ivo,person,yes
plasy:vote-event:2024-04-22-003,plasy:person:kouba-tomas,person,yes
plasy:vote-event:2024-04-22-003,plasy:person:kovarik-petr,person,absent
plasy:vote-event:2024-04-22-003,plasy:person:neuman-petr,person,yes
plasy:vote-event:2024-04-22-003,plasy:person:novotny-jiri,person,absent
plasy:vote-event:2024-04-22-003,plasy:person:palmova-eliska,person,yes
plasy:vote-event:2024-04-22-003,plasy:person:pfeifer-lukas,person,yes
plasy:vote-event:2024-04-22-003,plasy:person:skop-michal,person,yes
plasy:vote-event:2024-04-22-003,plasy:person:tyrpeklova-zdenka,person,yes
plasy:vote-event:2024-04-22-003,plasy:person:urbanova-veronika,person,yes
plasy:vote-event:2024-04-22-004,plasy:person:belbl-emanuel,person,absent
plasy:vote-event:2024-04-22-004,plasy:person:gross-vaclav,person,yes
plasy:vote-event:2024-04-22-004,plasy:person:hanzlicek-zdenek,person,absent
plasy:vote-event:2024-04-22-004,plasy:person:jezkova-martina,person,yes
plasy:vote-event:2024-04-22-004,plasy:person:kantor-poradkova-eva,person,yes
plasy:vote-event:2024-04-22-004,plasy:person:kornatovsky-ivo,person,yes
plasy:vote-event:2024-04-22-004,plasy:person:kouba-tomas,person,yes
plasy:vote-event:2024-04-22-004,plasy:person:kovarik-petr,person,absent
plasy:vote-event:2024-04-22-004,plasy:person:neuman-petr,person,yes
plasy:vote-event:2024-04-22-004,plasy:person:novotny-jiri,person,absent
plasy:vote-event:2024-04-22-004,plasy:person:palmova-eliska,person,yes
plasy:vote-event:2024-04-22-004,plasy:person:pfeifer-lukas,person,yes
plasy:vote-event:2024-04-22-004,plasy:person:skop-michal,person,yes
plasy:vote-event:2024-04-22-004,plasy:person:tyrpeklova-zdenka,person,yes
plasy:vote-event:2024-04-22-004,plasy:person:urbanova-veronika,person,yes
plasy:vote-event:2024-06-19-001,plasy:person:belbl-emanuel,person,yes
plasy:vote-event:2024-06-19-001,plasy:person:gross-vaclav,person,yes
plasy:vote-event:2024-06-19-001,plasy:person:hanzlicek-zdenek,person,absent
plasy:vote-event:2024-06-19-001,plasy:person:jezkova-martina,person,yes
plasy:vote-event:2024-06-19-001,plasy:person:kantor-poradkova-eva,person,yes
plasy:vote-event:2024-06-19-001,plasy:person:kornatovsky-ivo,person,yes
plasy:vote-event:2024-06-19-001,plasy:person:kouba-tomas,person,absent
plasy:vote-event:2024-06-19-001,plasy:person:kovarik-petr,person,yes
plasy:vote-event:2024-06-19-001,plasy:person:neuman-petr,person,yes
plasy:vote-event:2024-06-19-001,plasy:person:novotny-jiri,person,absent
plasy:vote-event:2024-06-19-001,plasy:person:palmova-eliska,person,yes
plasy:vote-event:2024-06-19-001,plasy:person:pfeifer-lukas,person,yes
plasy:vote-event:2024-06-19-001,plasy:person:skop-michal,person,yes
plasy:vote-event:2024-06-19-001,plasy:person:tyrpeklova-zdenka,person,absent
plasy:vote-event:2024-06-19-001,plasy:person:urbanova-veronika,person,yes
plasy:vote-event:2024-06-19-002,plasy:person:belbl-emanuel,person,abstain
plasy:vote-event:2024-06-19-002,plasy:person:gross-vaclav,person,yes
plasy:vote-event:2024-06-19-002,plasy:person:hanzlicek-zdenek,person,absent
plasy:vote-event:2024-06-19-002,plasy:person:jezkova-martina,person,yes
plasy:vote-event:2024-06-19-002,plasy:person:kantor-poradkova-eva,person,yes
plasy:vote-event:2024-06-19-002,plasy:person:kornatovsky-ivo,person,yes
plasy:vote-event:2024-06-19-002,plasy:person:kouba-tomas,person,absent
plasy:vote-event:2024-06-19-002,plasy:person:kovarik-petr,person,yes
plasy:vote-event:2024-06-19-002,plasy:person:neuman-petr,person,yes
plasy:vote-event:2024-06-19-002,plasy:person:novotny-jiri,person,absent
plasy:vote-event:2024-06-19-002,plasy:person:palmova-eliska,person,yes
plasy:vote-event:2024-06-19-002,plasy:person:pfeifer-lukas,person,yes
plasy:vote-event:2024-06-19-002,plasy:person:skop-michal,person,yes
plasy:vote-event:2024-06-19-002,plasy:person:tyrpeklova-zdenka,person,absent
plasy:vote-event:2024-06-19-002,plasy:person:urbanova-veronika,person,yes
plasy:vote-event:2024-06-19-003,plasy:person:belbl-emanuel,person,yes
plasy:vote-event:2024-06-19-003,plasy:person:gross-vaclav,person,yes
plasy:vote-event:2024-06-19-003,plasy:person:hanzlicek-zdenek,person,absent
plasy:vote-event:2024-06-19-003,plasy:person:jezkova-martina,person,yes
plasy:vote-event:2024-06-19-003,plasy:person:kantor-poradkova-eva,person,yes
plasy:vote-event:2024-06-19-003,plasy:person:kornatovsky-ivo,person,yes
plasy:vote-event:2024-06-19-003,plasy:person:kouba-tomas,person,absent
plasy:vote-event:2024-06-19-003,plasy:person:kovarik-petr,person,yes
plasy:vote-event:2024-06-19-003,plasy:person:neuman-petr,person,yes
plasy:vote-event:2024-06-19-003,plasy:person:novotny-jiri,person,absent
plasy:vote-event:2024-06-19-003,plasy:person:palmova-eliska,person,yes
plasy:vote-event:2024-06-19-003,plasy:person:pfeifer-lukas,person,yes
plasy:vote-event:2024-06-19-003,plasy:person:skop-michal,person,yes
plasy:vote-event:2024-06-19-003,plasy:person:tyrpeklova-zdenka,person,absent
plasy:vote-event:2024-06-19-003,plasy:person:urbanova-veronika,person,yes
plasy:vote-event:2024-06-19-004,plasy:person:belbl-emanuel,person,yes
plasy:vote-event:2024-06-19-004,plasy:person:gross-vaclav,person,yes
plasy:vote-event:2024-06-19-004,plasy:person:hanzlicek-zdenek,person,absent
plasy:vote-event:2024-06-19-004,plasy:person:jezkova-martina,person,yes
plasy:vote-event:2024-06-19-004,plasy:person:kantor-poradkova-eva,person,yes
plasy:vote-event:2024-06-19-004,plasy:person:kornatovsky-ivo,person,yes
plasy:vote-event:2024-06-19-004,plasy:person:kouba-tomas,person,absent
plasy:vote-event:2024-06-19-004,plasy:person:kovarik-petr,person,yes
plasy:vote-event:2024-06-19-004,plasy:person:neuman-petr,person,yes
plasy:vote-event:2024-06-19-004,plasy:person:novotny-jiri,person,absent
plasy:vote-event:2024-06-19-004,plasy:person:palmova-eliska,person,yes
plasy:vote-event:2024-06-19-004,plasy:person:pfeifer-lukas,person,yes
plasy:vote-event:2024-06-19-004,plasy:person:skop-michal,person,yes
plasy:vote-event:2024-06-19-004,plasy:person:tyrpeklova-zdenka,person,absent
plasy:vote-event:2024-06-19-004,plasy:person:urbanova-veronika,person,yes
plasy:vote-event:2024-06-19-005,plasy:person:belbl-emanuel,person,abstain
plasy:vote-event:2024-06-19-005,plasy:person:gross-vaclav,person,yes
plasy:vote-event:2024-06-19-005,plasy:person:hanzlicek-zdenek,person,absent
plasy:vote-event:2024-06-19-005,plasy:person:jezkova-martina,person,yes
plasy:vote-event:2024-06-19-005,plasy:person:kantor-poradkova-eva,person,yes
plasy:vote-event:2024-06-19-005,plasy:person:kornatovsky-ivo,person,abstain
plasy:vote-event:2024-06-19-005,plasy:person:kouba-tomas,person,absent
plasy:vote-event:2024-06-19-005,plasy:person:kovarik-petr,person,abstain
plasy:vote-event:2024-06-19-005,plasy:person:neuman-petr,person,yes
plasy:vote-event:2024-06-19-005,plasy:person:novotny-jiri,person,absent
plasy:vote-event:2024-06-19-005,plasy:person:palmova-eliska,person,yes
plasy:vote-event:2024-06-19-005,plasy:person:pfeifer-lukas,person,yes
plasy:vote-event:2024-06-19-005,plasy:person:skop-michal,person,yes
plasy:vote-event:2024-06-19-005,plasy:person:tyrpeklova-zdenka,person,absent
plasy:vote-event:2024-06-19-005,plasy:person:urbanova-veronika,person,yes
plasy:vote-event:2024-06-19-006,plasy:person:belbl-emanuel,person,abstain
plasy:vote-event:2024-06-19-006,plasy:person:gross-vaclav,person,yes
plasy:vote-event:2024-06-19-006,plasy:person:hanzlicek-zdenek,person,absent
plasy:vote-event:2024-06-19-006,plasy:person:jezkova-martina,person,yes
plasy:vote-event:2024-06-19-006,plasy:person:kantor-poradkova-eva,person,yes
plasy:vote-event:2024-06-19-006,plasy:person:kornatovsky-ivo,person,abstain
plasy:vote-event:2024-06-19-006,plasy:person:kouba-tomas,person,absent
plasy:vote-event:2024-06-19-006,plasy:person:kovarik-petr,person,abstain
plasy:vote-event:2024-06-19-006,plasy:person:neuman-petr,person,yes
plasy:vote-event:2024-06-19-006,plasy:person:novotny-jiri,person,absent
plasy:vote-event:2024-06-19-006,plasy:person:palmova-eliska,person,yes
plasy:vote-event:2024-06-19-006,plasy:person:pfeifer-lukas,person,yes
plasy:vote-event:2024-06-19-006,plasy:person:skop-michal,person,yes
plasy:vote-event:2024-06-19-006,plasy:person:tyrpeklova-zdenka,person,absent
plasy:vote-event:2024-06-19-006,plasy:person:urbanova-veronika,person,yes
plasy:vote-event:2024-06-19-007,plasy:person:belbl-emanuel,person,yes
plasy:vote-event:2024-06-19-007,plasy:person:gross-vaclav,person,yes
plasy:vote-event:2024-06-19-007,plasy:person:hanzlicek-zdenek,person,absent
plasy:vote-event:2024-06-19-007,plasy:person:jezkova-martina,person,yes
plasy:vote-event:2024-06-19-007,plasy:person:kantor-poradkova-eva,person,yes
plasy:vote-event:2024-06-19-007,plasy:person:kornatovsky-ivo,person,yes
plasy:vote-event:2024-06-19-007,plasy:person:kouba-tomas,person,absent
plasy:vote-event:2024-06-19-007,plasy:person:kovarik-petr,person,yes
plasy:vote-event:2024-06-19-007,plasy:person:neuman-petr,person,yes
plasy:vote-event:2024-06-19-007,plasy:person:novotny-jiri,person,absent
plasy:vote-event:2024-06-19-007,plasy:person:palmova-eliska,person,yes
plasy:vote-event:2024-06-19-007,plasy:person:pfeifer-lukas,person,yes
plasy:vote-event:2024-06-19-007,plasy:person:skop-michal,person,yes
plasy:vote-event:2024-06-19-007,plasy:person:tyrpeklova-zdenka,person,absent
plasy:vote-event:2024-06-19-007,plasy:person:urbanova-veronika,person,yes
plasy:vote-event:2024-06-19-008,plasy:person:belbl-emanuel,person,yes
plasy:vote-event:2024-06-19-008,plasy:person:gross-vaclav,person,yes
plasy:vote-event:2024-06-19-008,plasy:person:hanzlicek-zdenek,person,absent
plasy:vote-event:2024-06-19-008,plasy:person:jezkova-martina,person,yes
plasy:vote-event:2024-06-19-008,plasy:person:kantor-poradkova-eva,person,yes
plasy:vote-event:2024-06-19-008,plasy:person:kornatovsky-ivo,person,yes
plasy:vote-event:2024-06-19-008,plasy:person:kouba-tomas,person,absent
plasy:vote-event:2024-06-19-008,plasy:person:kovarik-petr,person,yes
plasy:vote-event:2024-06-19-008,plasy:person:neuman-petr,person,yes
plasy:vote-event:2024-06-19-008,plasy:person:novotny-jiri,person,absent
plasy:vote-event:2024-06-19-008,plasy:person:palmova-eliska,person,yes
plasy:vote-event:2024-06-19-008,plasy:person:pfeifer-lukas,person,yes
plasy:vote-event:2024-06-19-008,plasy:person:skop-michal,person,yes
plasy:vote-event:2024-06-19-008,plasy:person:tyrpeklova-zdenka,person,absent
plasy:vote-event:2024-06-19-008,plasy:person:urbanova-veronika,person,absent
plasy:vote-event:2024-06-19-009,plasy:person:belbl-emanuel,person,yes
plasy:vote-event:2024-06-19-009,plasy:person:gross-vaclav,person,yes
plasy:vote-event:2024-06-19-009,plasy:person:hanzlicek-zdenek,person,absent
plasy:vote-event:2024-06-19-009,plasy:person:jezkova-martina,person,yes
plasy:vote-event:2024-06-19-009,plasy:person:kantor-poradkova-eva,person,yes
plasy:vote-event:2024-06-19-009,plasy:person:kornatovsky-ivo,person,yes
plasy:vote-event:2024-06-19-009,plasy:person:kouba-tomas,person,absent
plasy:vote-event:2024-06-19-009,plasy:person:kovarik-petr,person,yes
plasy:vote-event:2024-06-19-009,plasy:person:neuman-petr,person,yes
plasy:vote-event:2024-06-19-009,plasy:person:novotny-jiri,person,absent
plasy:vote-event:2024-06-19-009,plasy:person:palmova-eliska,person,yes
plasy:vote-event:2024-06-19-009,plasy:person:pfeifer-lukas,person,yes
plasy:vote-event:2024-06-19-009,plasy:person:skop-michal,person,yes
plasy:vote-event:2024-06-19-009,plasy:person:tyrpeklova-zdenka,person,absent
plasy:vote-event:2024-06-19-009,plasy:person:urbanova-veronika,person,absent
plasy:vote-event:2024-06-19-010,plasy:person:belbl-emanuel,person,yes
plasy:vote-event:2024-06-19-010,plasy:person:gross-vaclav,person,yes
plasy:vote-event:2024-06-19-010,plasy:person:hanzlicek-zdenek,person,absent
plasy:vote-event:2024-06-19-010,plasy:person:jezkova-martina,person,yes
plasy:vote-event:2024-06-19-010,plasy:person:kantor-poradkova-eva,person,yes
plasy:vote-event:2024-06-19-010,plasy:person:kornatovsky-ivo,person,yes
plasy:vote-event:2024-06-19-010,plasy:person:kouba-tomas,person,absent
plasy:vote-event:2024-06-19-010,plasy:person:kovarik-petr,person,yes
plasy:vote-event:2024-06-19-010,plasy:person:neuman-petr,person,yes
plasy:vote-event:2024-06-19-010,plasy:person:novotny-jiri,person,absent
plasy:vote-event:2024-06-19-010,plasy:person:palmova-eliska,person,yes
plasy:vote-event:2024-06-19-010,plasy:person:pfeifer-lukas,person,yes
plasy:vote-event:2024-06-19-010,plasy:person:skop-michal,person,yes
plasy:vote-event:2024-06-19-010,plasy:person:tyrpeklova-zdenka,person,absent
plasy:vote-event:2024-06-19-010,plasy:person:urbanova-veronika,person,absent
plasy:vote-event:2024-06-19-011,plasy:person:belbl-emanuel,person,yes
plasy:vote-event:2024-06-19-011,plasy:person:gross-vaclav,person,yes
plasy:vote-event:2024-06-19-011,plasy:person:hanzlicek-zdenek,person,absent
plasy:vote-event:2024-06-19-011,plasy:person:jezkova-martina,person,yes
plasy:vote-event:2024-06-19-011,plasy:person:kantor-poradkova-eva,person,yes
plasy:vote-event:2024-06-19-011,plasy:person:kornatovsky-ivo,person,yes
plasy:vote-event:2024-06-19-011,plasy:person:kouba-tomas,person,absent
plasy:vote-event:2024-06-19-011,plasy:person:kovarik-petr,person,yes
plasy:vote-event:2024-06-19-011,plasy:person:neuman-petr,person,yes
plasy:vote-event:2024-06-19-011,plasy:person:novotny-jiri,person,absent
plasy:vote-event:2024-06-19-011,plasy:person:palmova-eliska,person,yes
plasy:vote-event:2024-06-19-011,plasy:person:pfeifer-lukas,person,yes
plasy:vote-event:2024-06-19-011,plasy:person:skop-michal,person,yes
plasy:vote-event:2024-06-19-011,plasy:person:tyrpeklova-zdenka,person,absent
plasy:vote-event:2024-06-19-011,plasy:person:urbanova-veronika,person,absent
plasy:vote-event:2024-09-11-001,plasy:person:belbl-emanuel,person,yes
plasy:vote-event:2024-09-11-001,plasy:person:gross-vaclav,person,yes
plasy:vote-event:2024-09-11-001,plasy:person:hanzlicek-zdenek,person,yes
plasy:vote-event:2024-09-11-001,plasy:person:jezkova-martina,person,yes
plasy:vote-event:2024-09-11-001,plasy:person:kantor-poradkova-eva,person,yes
plasy:vote-event:2024-09-11-001,plasy:person:kornatovsky-ivo,person,yes
plasy:vote-event:2024-09-11-001,plasy:person:kouba-tomas,person,yes
plasy:vote-event:2024-09-11-001,plasy:person:kovarik-petr,person,yes
plasy:vote-event:2024-09-11-001,plasy:person:neuman-petr,person,yes
plasy:vote-event:2024-09-11-001,plasy:person:novotny-jiri,person,absent
plasy:vote-event:2024-09-11-001,plasy:person:palmova-eliska,person,yes
plasy:vote-event:2024-09-11-001,plasy:person:pfeifer-lukas,person,yes
plasy:vote-event:2024-09-11-001,plasy:person:skop-michal,person,yes
plasy:vote-event:2024-09-11-001,plasy:person:tyrpeklova-zdenka,person,yes
plasy:vote-event:2024-09-11-001,plasy:person:urbanova-veronika,person,yes
plasy:vote-event:2024-09-11-002,plasy:person:belbl-emanuel,person,yes
plasy:vote-event:2024-09-11-002,plasy:person:gross-vaclav,person,yes
plasy:vote-event:2024-09-11-002,plasy:person:hanzlicek-zdenek,person,abstain
plasy:vote-event:2024-09-11-002,plasy:person:jezkova-martina,person,yes
plasy:vote-event:2024-09-11-002,plasy:person:kantor-poradkova-eva,person,yes
plasy:vote-event:2024-09-11-002,plasy:person:kornatovsky-ivo,person,yes
plasy:vote-event:2024-09-11-002,plasy:person:kouba-tomas,person,yes
plasy:vote-event:2024-09-11-002,plasy:person:kovarik-petr,person,yes
plasy:vote-event:2024-09-11-002,plasy:person:neuman-petr,person,yes
plasy:vote-event:2024-09-11-002,plasy:person:novotny-jiri,person,absent
plasy:vote-event:2024-09-11-002,plasy:person:palmova-eliska,person,yes
plasy:vote-event:2024-09-11-002,plasy:person:pfeifer-lukas,person,yes
plasy:vote-event:2024-09-11-002,plasy:person:skop-michal,person,yes
plasy:vote-event:2024-09-11-002,plasy:person:tyrpeklova-zdenka,person,yes
plasy:vote-event:2024-09-11-002,plasy:person:urbanova-veronika,person,yes
plasy:vote-event:2024-09-11-003,plasy:person:belbl-emanuel,person,yes
plasy:vote-event:2024-09-11-003,plasy:person:gross-vaclav,person,yes
plasy:vote-event:2024-09-11-003,plasy:person:hanzlicek-zdenek,person,abstain
plasy:vote-event:2024-09-11-003,plasy:person:jezkova-martina,person,yes
plasy:vote-event:2024-09-11-003,plasy:person:kantor-poradkova-eva,person,yes
plasy:vote-event:2024-09-11-003,plasy:person:kornatovsky-ivo,person,yes
plasy:vote-event:2024-09-11-003,plasy:person:kouba-tomas,person,abstain
plasy:vote-event:2024-09-11-003,plasy:person:kovarik-petr,person,abstain
plasy:vote-event:2024-09-11-003,plasy:person:neuman-petr,person,yes
plasy:vote-event:2024-09-11-003,plasy:person:novotny-jiri,person,absent
plasy:vote-event:2024-09-11-003,plasy:person:palmova-eliska,person,yes
plasy:vote-event:2024-09-11-003,plasy:person:pfeifer-lukas,person,yes
plasy:vote-event:2024-09-11-003,plasy:person:skop-michal,person,yes
plasy:vote-event:2024-09-11-003,plasy:person:tyrpeklova-zdenka,person,yes
plasy:vote-event:2024-09-11-003,plasy:person:urbanova-veronika,person,yes
plasy:vote-event:2024-09-11-004,plasy:person:belbl-emanuel,person,abstain
plasy:vote-event:2024-09-11-004,plasy:person:gross-vaclav,person,yes
plasy:vote-event:2024-09-11-004,plasy:person:hanzlicek-zdenek,person,abstain
plasy:vote-event:2024-09-11-004,plasy:person:jezkova-martina,person,yes
plasy:vote-event:2024-09-11-004,plasy:person:kantor-poradkova-eva,person,yes
plasy:vote-event:2024-09-11-004,plasy:person:kornatovsky-ivo,person,abstain
plasy:vote-event:2024-09-11-004,plasy:person:kouba-tomas,person,abstain
plasy:vote-event:2024-09-11-004,plasy:person:kovarik-petr,person,abstain
plasy:vote-event:2024-09-11-004,plasy:person:neuman-petr,person,yes
plasy:vote-event:2024-09-11-004,plasy:person:novotny-jiri,person,absent
plasy:vote-event:2024-09-11-004,plasy:person:palmova-eliska,person,yes
plasy:vote-event:2024-09-11-004,plasy:person:pfeifer-lukas,person,yes
plasy:vote-event:2024-09-11-004,plasy:person:skop-michal,person,yes
plasy:vote-event:2024-09-11-004,plasy:person:tyrpeklova-zdenka,person,abstain
plasy:vote-event:2024-09-11-004,plasy:person:urbanova-veronika,person,yes
plasy:vote-event:2024-09-11-005,plasy:person:belbl-emanuel,person,yes
plasy:vote-event:2024-09-11-005,plasy:person:gross-vaclav,person,yes
plasy:vote-event:2024-09-11-005,plasy:person:hanzlicek-zdenek,person,yes
plasy:vote-event:2024-09-11-005,plasy:person:jezkova-martina,person,yes
plasy:vote-event:2024-09-11-005,plasy:person:kantor-poradkova-eva,person,yes
plasy:vote-event:2024-09-11-005,plasy:person:kornatovsky-ivo,person,yes
plasy:vote-event:2024-09-11-005,plasy:person:kouba-tomas,person,yes
plasy:vote-event:2024-09-11-005,plasy:person:kovarik-petr,person,yes
plasy:vote-event:2024-09-11-005,plasy:person:neuman-petr,person,yes
plasy:vote-event:2024-09-11-005,plasy:person:novotny-jiri,person,absent
plasy:vote-event:2024-09-11-005,plasy:person:palmova-eliska,person,yes
plasy:vote-event:2024-09-11-005,plasy:person:pfeifer-lukas,person,yes
plasy:vote-event:2024-09-11-005,plasy:person:skop-michal,person,yes
plasy:vote-event:2024-09-11-005,plasy:person:tyrpeklova-zdenka,person,yes
plasy:vote-event:2024-09-11-005,plasy:person:urbanova-veronika,person,yes
plasy:vote-event:2024-09-11-006,plasy:person:belbl-emanuel,person,yes
plasy:vote-event:2024-09-11-006,plasy:person:gross-vaclav,person,yes
plasy:vote-event:2024-09-11-006,plasy:person:hanzlicek-zdenek,person,yes
plasy:vote-event:2024-09-11-006,plasy:person:jezkova-martina,person,yes
plasy:vote-event:2024-09-11-006,plasy:person:kantor-poradkova-eva,person,yes
plasy:vote-event:2024-09-11-006,plasy:person:kornatovsky-ivo,person,yes
plasy:vote-event:2024-09-11-006,plasy:person:kouba-tomas,person,yes
plasy:vote-event:2024-09-11-006,plasy:person:kovarik-petr,person,yes
plasy:vote-event:2024-09-11-006,plasy:person:neuman-petr,person,yes
plasy:vote-event:2024-09-11-006,plasy:person:novotny-jiri,person,absent
plasy:vote-event:2024-09-11-006,plasy:person:palmova-eliska,person,yes
plasy:vote-event:2024-09-11-006,plasy:person:pfeifer-lukas,person,yes
plasy:vote-event:2024-09-11-006,plasy:person:skop-michal,person,yes
plasy:vote-event:2024-09-11-006,plasy:person:tyrpeklova-zdenka,person,yes
plasy:vote-event:2024-09-11-006,plasy:person:urbanova-veronika,person,yes
plasy:vote-event:2024-09-11-007,plasy:person:belbl-emanuel,person,yes
plasy:vote-event:2024-09-11-007,plasy:person:gross-vaclav,person,yes
plasy:vote-event:2024-09-11-007,plasy:person:hanzlicek-zdenek,person,yes
plasy:vote-event:2024-09-11-007,plasy:person:jezkova-martina,person,yes
plasy:vote-event:2024-09-11-007,plasy:person:kantor-poradkova-eva,person,yes
plasy:vote-event:2024-09-11-007,plasy:person:kornatovsky-ivo,person,yes
plasy:vote-event:2024-09-11-007,plasy:person:kouba-tomas,person,yes
plasy:vote-event:2024-09-11-007,plasy:person:kovarik-petr,person,yes
plasy:vote-event:2024-09-11-007,plasy:person:neuman-petr,person,yes
plasy:vote-event:2024-09-11-007,plasy:person:novotny-jiri,person,absent
plasy:vote-event:2024-09-11-007,plasy:person:palmova-eliska,person,yes
plasy:vote-event:2024-09-11-007,plasy:person:pfeifer-lukas,person,yes
plasy:vote-event:2024-09-11-007,plasy:person:skop-michal,person,yes
plasy:vote-event:2024-09-11-007,plasy:person:tyrpeklova-zdenka,person,yes
plasy:vote-event:2024-09-11-007,plasy:person:urbanova-veronika,person,yes
plasy:vote-event:2024-09-11-008,plasy:person:belbl-emanuel,person,yes
plasy:vote-event:2024-09-11-008,plasy:person:gross-vaclav,person,yes
plasy:vote-event:2024-09-11-008,plasy:person:hanzlicek-zdenek,person,abstain
plasy:vote-event:2024-09-11-008,plasy:person:jezkova-martina,person,yes
plasy:vote-event:2024-09-11-008,plasy:person:kantor-poradkova-eva,person,yes
plasy:vote-event:2024-09-11-008,plasy:person:kornatovsky-ivo,person,yes
plasy:vote-event:2024-09-11-008,plasy:person:kouba-tomas,person,yes
plasy:vote-event:2024-09-11-008,plasy:person:kovarik-petr,person,abstain
plasy:vote-event:2024-09-11-008,plasy:person:neuman-petr,person,yes
plasy:vote-event:2024-09-11-008,plasy:person:novotny-jiri,person,absent
plasy:vote-event:2024-09-11-008,plasy:person:palmova-eliska,person,yes
plasy:vote-event:2024-09-11-008,plasy:person:pfeifer-lukas,person,yes
plasy:vote-event:2024-09-11-008,plasy:person:skop-michal,person,yes
plasy:vote-event:2024-09-11-008,plasy:person:tyrpeklova-zdenka,person,yes
plasy:vote-event:2024-09-11-008,plasy:person:urbanova-veronika,person,yes
plasy:vote-event:2024-09-11-009,plasy:person:belbl-emanuel,person,yes
plasy:vote-event:2024-09-11-009,plasy:person:gross-vaclav,person,yes
plasy:vote-event:2024-09-11-009,plasy:person:hanzlicek-zdenek,person,yes
plasy:vote-event:2024-09-11-009,plasy:person:jezkova-martina,person,yes
plasy:vote-event:2024-09-11-009,plasy:person:kantor-poradkova-eva,person,yes
plasy:vote-event:2024-09-11-009,plasy:person:kornatovsky-ivo,person,yes
plasy:vote-event:2024-09-11-009,plasy:person:kouba-tomas,person,yes
plasy:vote-event:2024-09-11-009,plasy:person:kovarik-petr,person,yes
plasy:vote-event:2024-09-11-009,plasy:person:neuman-petr,person,yes
plasy:vote-event:2024-09-11-009,plasy:person:novotny-jiri,person,absent
plasy:vote-event:2024-09-11-009,plasy:person:palmova-eliska,person,yes
plasy:vote-event:2024-09-11-009,plasy:person:pfeifer-lukas,person,yes
plasy:vote-event:2024-09-11-009,plasy:person:skop-michal,person,yes
plasy:vote-event:2024-09-11-009,plasy:person:tyrpeklova-zdenka,person,abstain
plasy:vote-event:2024-09-11-009,plasy:person:urbanova-veronika,person,yes
plasy:vote-event:2024-09-11-010,plasy:person:belbl-emanuel,person,yes
plasy:vote-event:2024-09-11-010,plasy:person:gross-vaclav,person,yes
plasy:vote-event:2024-09-11-010,plasy:person:hanzlicek-zdenek,person,yes
plasy:vote-event:2024-09-11-010,plasy:person:jezkova-martina,person,yes
plasy:vote-event:2024-09-11-010,plasy:person:kantor-poradkova-eva,person,yes
plasy:vote-event:2024-09-11-010,plasy:person:kornatovsky-ivo,person,yes
plasy:vote-event:2024-09-11-010,plasy:person:kouba-tomas,person,yes
plasy:vote-event:2024-09-11-010,plasy:person:kovarik-petr,person,abstain
plasy:vote-event:2024-09-11-010,plasy:person:neuman-petr,person,yes
plasy:vote-event:2024-09-11-010,plasy:person:novotny-jiri,person,absent
plasy:vote-event:2024-09-11-010,plasy:person:palmova-eliska,person,yes
plasy:vote-event:2024-09-11-010,plasy:person:pfeifer-lukas,person,yes
plasy:vote-event:2024-09-11-010,plasy:person:skop-michal,person,yes
plasy:vote-event:2024-09-11-010,plasy:person:tyrpeklova-zdenka,person,yes
plasy:vote-event:2024-09-11-010,plasy:person:urbanova-veronika,person,yes
plasy:vote-event:2024-09-11-011,plasy:person:belbl-emanuel,person,yes
plasy:vote-event:2024-09-11-011,plasy:person:gross-vaclav,person,yes
plasy:vote-event:2024-09-11-011,plasy:person:hanzlicek-zdenek,person,yes
plasy:vote-event:2024-09-11-011,plasy:person:jezkova-martina,person,yes
plasy:vote-event:2024-09-11-011,plasy:person:kantor-poradkova-eva,person,yes
plasy:vote-event:2024-09-11-011,plasy:person:kornatovsky-ivo,person,yes
plasy:vote-event:2024-09-11-011,plasy:person:kouba-tomas,person,yes
plasy:vote-event:2024-09-11-011,plasy:person:kovarik-petr,person,yes
plasy:vote-event:2024-09-11-011,plasy:person:neuman-petr,person,yes
plasy:vote-event:2024-09-11-011,plasy:person:novotny-jiri,person,absent
plasy:vote-event:2024-09-11-011,plasy:person:palmova-eliska,person,yes
plasy:vote-event:2024-09-11-011,plasy:person:pfeifer-lukas,person,yes
plasy:vote-event:2024-09-11-011,plasy:person:skop-michal,person,yes
plasy:vote-event:2024-09-11-011,plasy:person:tyrpeklova-zdenka,person,yes
plasy:vote-event:2024-09-11-011,plasy:person:urbanova-veronika,person,yes
plasy:vote-event:2024-09-11-012,plasy:person:belbl-emanuel,person,no
plasy:vote-event:2024-09-11-012,plasy:person:gross-vaclav,person,yes
plasy:vote-event:2024-09-11-012,plasy:person:hanzlicek-zdenek,person,no
plasy:vote-event:2024-09-11-012,plasy:person:jezkova-martina,person,yes
plasy:vote-event:2024-09-11-012,plasy:person:kantor-poradkova-eva,person,yes
plasy:vote-event:2024-09-11-012,plasy:person:kornatovsky-ivo,person,abstain
plasy:vote-event:2024-09-11-012,plasy:person:kouba-tomas,person,no
plasy:vote-event:2024-09-11-012,plasy:person:kovarik-petr,person,no
plasy:vote-event:2024-09-11-012,plasy:person:neuman-petr,person,yes
plasy:vote-event:2024-09-11-012,plasy:person:novotny-jiri,person,absent
plasy:vote-event:2024-09-11-012,plasy:person:palmova-eliska,person,yes
plasy:vote-event:2024-09-11-012,plasy:person:pfeifer-lukas,person,yes
plasy:vote-event:2024-09-11-012,plasy:person:skop-michal,person,yes
plasy:vote-event:2024-09-11-012,plasy:person:tyrpeklova-zdenka,person,no
plasy:vote-event:2024-09-11-012,plasy:person:urbanova-veronika,person,yes
plasy:vote-event:2024-10-09-001,plasy:person:belbl-emanuel,person,yes
plasy:vote-event:2024-10-09-001,plasy:person:gross-vaclav,person,yes
plasy:vote-event:2024-10-09-001,plasy:person:hanzlicek-zdenek,person,absent
plasy:vote-event:2024-10-09-001,plasy:person:jezkova-martina,person,yes
plasy:vote-event:2024-10-09-001,plasy:person:kantor-poradkova-eva,person,yes
plasy:vote-event:2024-10-09-001,plasy:person:kornatovsky-ivo,person,yes
plasy:vote-event:2024-10-09-001,plasy:person:kouba-tomas,person,yes
plasy:vote-event:2024-10-09-001,plasy:person:kovarik-petr,person,absent
plasy:vote-event:2024-10-09-001,plasy:person:neuman-petr,person,absent
plasy:vote-event:2024-10-09-001,plasy:person:novotny-jiri,person,yes
plasy:vote-event:2024-10-09-001,plasy:person:palmova-eliska,person,yes
plasy:vote-event:2024-10-09-001,plasy:person:pfeifer-lukas,person,absent
plasy:vote-event:2024-10-09-001,plasy:person:skop-michal,person,absent
plasy:vote-event:2024-10-09-001,plasy:person:tyrpeklova-zdenka,person,yes
plasy:vote-event:2024-10-09-001,plasy:person:urbanova-veronika,person,yes
plasy:vote-event:2024-10-09-002,plasy:person:belbl-emanuel,person,yes
plasy:vote-event:2024-10-09-002,plasy:person:gross-vaclav,person,yes
plasy:vote-event:2024-10-09-002,plasy:person:hanzlicek-zdenek,person,absent
plasy:vote-event:2024-10-09-002,plasy:person:jezkova-martina,person,yes
plasy:vote-event:2024-10-09-002,plasy:person:kantor-poradkova-eva,person,yes
plasy:vote-event:2024-10-09-002,plasy:person:kornatovsky-ivo,person,yes
plasy:vote-event:2024-10-09-002,plasy:person:kouba-tomas,person,yes
plasy:vote-event:2024-10-09-002,plasy:person:kovarik-petr,person,absent
plasy:vote-event:2024-10-09-002,plasy:person:neuman-petr,person,yes
plasy:vote-event:2024-10-09-002,plasy:person:novotny-jiri,person,yes
plasy:vote-event:2024-10-09-002,plasy:person:palmova-eliska,person,yes
plasy:vote-event:2024-10-09-002,plasy:person:pfeifer-lukas,person,absent
plasy:vote-event:2024-10-09-002,plasy:person:skop-michal,person,absent
plasy:vote-event:2024-10-09-002,plasy:person:tyrpeklova-zdenka,person,yes
plasy:vote-event:2024-10-09-002,plasy:person:urbanova-veronika,person,yes
plasy:vote-event:2024-10-09-003,plasy:person:belbl-emanuel,person,yes
plasy:vote-event:2024-10-09-003,plasy:person:gross-vaclav,person,yes
plasy:vote-event:2024-10-09-003,plasy:person:hanzlicek-zdenek,person,absent
plasy:vote-event:2024-10-09-003,plasy:person:jezkova-martina,person,yes
plasy:vote-event:2024-10-09-003,plasy:person:kantor-poradkova-eva,person,yes
plasy:vote-event:2024-10-09-003,plasy:person:kornatovsky-ivo,person,yes
plasy:vote-event:2024-10-09-003,plasy:person:kouba-tomas,person,yes
plasy:vote-event:2024-10-09-003,plasy:person:kovarik-petr,person,absent
plasy:vote-event:2024-10-09-003,plasy:person:neuman-petr,person,yes
plasy:vote-event:2024-10-09-003,plasy:person:novotny-jiri,person,yes
plasy:vote-event:2024-10-09-003,plasy:person:palmova-eliska,person,yes
plasy:vote-event:2024-10-09-003,plasy:person:pfeifer-lukas,person,absent
plasy:vote-event:2024-10-09-003,plasy:person:skop-michal,person,absent
plasy:vote-event:2024-10-09-003,plasy:person:tyrpeklova-zdenka,person,yes
plasy:vote-event:2024-10-09-003,plasy:person:urbanova-veronika,person,yes
plasy:vote-event:2024-10-09-004,plasy:person:belbl-emanuel,person,yes
plasy:vote-event:2024-10-09-004,plasy:person:gross-vaclav,person,yes
plasy:vote-event:2024-10-09-004,plasy:person:hanzlicek-zdenek,person,absent
plasy:vote-event:2024-10-09-004,plasy:person:jezkova-martina,person,yes
plasy:vote-event:2024-10-09-004,plasy:person:kantor-poradkova-eva,person,yes
plasy:vote-event:2024-10-09-004,plasy:person:kornatovsky-ivo,person,yes
plasy:vote-event:2024-10-09-004,plasy:person:kouba-tomas,person,yes
plasy:vote-event:2024-10-09-004,plasy:person:kovarik-petr,person,absent
plasy:vote-event:2024-10-09-004,plasy:person:neuman-petr,person,yes
plasy:vote-event:2024-10-09-004,plasy:person:novotny-jiri,person,yes
plasy:vote-event:2024-10-09-004,plasy:person:palmova-eliska,person,yes
plasy:vote-event:2024-10-09-004,plasy:person:pfeifer-lukas,person,absent
plasy:vote-event:2024-10-09-004,plasy:person:skop-michal,person,absent
plasy:vote-event:2024-10-09-004,plasy:person:tyrpeklova-zdenka,person,yes
plasy:vote-event:2024-10-09-004,plasy:person:urbanova-veronika,person,yes
plasy:vote-event:2024-10-09-005,plasy:person:belbl-emanuel,person,yes
plasy:vote-event:2024-10-09-005,plasy:person:gross-vaclav,person,yes
plasy:vote-event:2024-10-09-005,plasy:person:hanzlicek-zdenek,person,absent
plasy:vote-event:2024-10-09-005,plasy:person:jezkova-martina,person,yes
plasy:vote-event:2024-10-09-005,plasy:person:kantor-poradkova-eva,person,yes
plasy:vote-event:2024-10-09-005,plasy:person:kornatovsky-ivo,person,yes
plasy:vote-event:2024-10-09-005,plasy:person:kouba-tomas,person,yes
plasy:vote-event:2024-10-09-005,plasy:person:kovarik-petr,person,absent
plasy:vote-event:2024-10-09-005,plasy:person:neuman-petr,person,yes
plasy:vote-event:2024-10-09-005,plasy:person:novotny-jiri,person,yes
plasy:vote-event:2024-10-09-005,plasy:person:palmova-eliska,person,yes
plasy:vote-event:2024-10-09-005,plasy:person:pfeifer-lukas,person,absent
plasy:vote-event:2024-10-09-005,plasy:person:skop-michal,person,absent
plasy:vote-event:2024-10-09-005,plasy:person:tyrpeklova-zdenka,person,yes
plasy:vote-event:2024-10-09-005,plasy:person:urbanova-veronika,person,yes
plasy:vote-event:2024-10-09-006,plasy:person:belbl-emanuel,person,yes
plasy:vote-event:2024-10-09-006,plasy:person:gross-vaclav,person,yes
plasy:vote-event:2024-10-09-006,plasy:person:hanzlicek-zdenek,person,absent
plasy:vote-event:2024-10-09-006,plasy:person:jezkova-martina,person,yes
plasy:vote-event:2024-10-09-006,plasy:person:kantor-poradkova-eva,person,yes
plasy:vote-event:2024-10-09-006,plasy:person:kornatovsky-ivo,person,yes
plasy:vote-event:2024-10-09-006,plasy:person:kouba-tomas,person,yes
plasy:vote-event:2024-10-09-006,plasy:person:kovarik-petr,person,absent
plasy:vote-event:2024-10-09-006,plasy:person:neuman-petr,person,yes
plasy:vote-event:2024-10-09-006,plasy:person:novotny-jiri,person,yes
plasy:vote-event:2024-10-09-006,plasy:person:palmova-eliska,person,yes
plasy:vote-event:2024-10-09-006,plasy:person:pfeifer-lukas,person,absent
plasy:vote-event:2024-10-09-006,plasy:person:skop-michal,person,absent
plasy:vote-event:2024-10-09-006,plasy:person:tyrpeklova-zdenka,person,yes
plasy:vote-event:2024-10-09-006,plasy:person:urbanova-veronika,person,yes
plasy:vote-event:2024-10-09-007,plasy:person:belbl-emanuel,person,yes
plasy:vote-event:2024-10-09-007,plasy:person:gross-vaclav,person,yes
plasy:vote-event:2024-10-09-007,plasy:person:hanzlicek-zdenek,person,absent
plasy:vote-event:2024-10-09-007,plasy:person:jezkova-martina,person,yes
plasy:vote-event:2024-10-09-007,plasy:person:kantor-poradkova-eva,person,yes
plasy:vote-event:2024-10-09-007,plasy:person:kornatovsky-ivo,person,yes
plasy:vote-event:2024-10-09-007,plasy:person:kouba-tomas,person,yes
plasy:vote-event:2024-10-09-007,plasy:person:kovarik-petr,person,absent
plasy:vote-event:2024-10-09-007,plasy:person:neuman-petr,person,yes
plasy:vote-event:2024-10-09-007,plasy:person:novotny-jiri,person,yes
plasy:vote-event:2024-10-09-007,plasy:person:palmova-eliska,person,yes
plasy:vote-event:2024-10-09-007,plasy:person:pfeifer-lukas,person,absent
plasy:vote-event:2024-10-09-007,plasy:person:skop-michal,person,absent
plasy:vote-event:2024-10-09-007,plasy:person:tyrpeklova-zdenka,person,yes
plasy:vote-event:2024-10-09-007,plasy:person:urbanova-veronika,person,yes
plasy:vote-event:2024-12-11-001,plasy:person:belbl-emanuel,person,yes
plasy:vote-event:2024-12-11-001,plasy:person:gross-vaclav,person,yes
plasy:vote-event:2024-12-11-001,plasy:person:hanzlicek-zdenek,person,yes
plasy:vote-event:2024-12-11-001,plasy:person:jezkova-martina,person,yes
plasy:vote-event:2024-12-11-001,plasy:person:kantor-poradkova-eva,person,yes
plasy:vote-event:2024-12-11-001,plasy:person:kornatovsky-ivo,person,yes
plasy:vote-event:2024-12-11-001,plasy:person:kouba-tomas,person,yes
plasy:vote-event:2024-12-11-001,plasy:person:kovarik-petr,person,yes
plasy:vote-event:2024-12-11-001,plasy:person:neuman-petr,person,yes
plasy:vote-event:2024-12-11-001,plasy:person:novotny-jiri,person,yes
plasy:vote-event:2024-12-11-001,plasy:person:palmova-eliska,person,yes
plasy:vote-event:2024-12-11-001,plasy:person:pfeifer-lukas,person,yes
plasy:vote-event:2024-12-11-001,plasy:person:skop-michal,person,yes
plasy:vote-event:2024-12-11-001,plasy:person:tyrpeklova-zdenka,person,yes
plasy:vote-event:2024-12-11-001,plasy:person:urbanova-veronika,person,absent
plasy:vote-event:2024-12-11-002,plasy:person:belbl-emanuel,person,abstain
plasy:vote-event:2024-12-11-002,plasy:person:gross-vaclav,person,yes
plasy:vote-event:2024-12-11-002,plasy:person:hanzlicek-zdenek,person,yes
plasy:vote-event:2024-12-11-002,plasy:person:jezkova-martina,person,yes
plasy:vote-event:2024-12-11-002,plasy:person:kantor-poradkova-eva,person,yes
plasy:vote-event:2024-12-11-002,plasy:person:kornatovsky-ivo,person,yes
plasy:vote-event:2024-12-11-002,plasy:person:kouba-tomas,person,yes
plasy:vote-event:2024-12-11-002,plasy:person:kovarik-petr,person,yes
plasy:vote-event:2024-12-11-002,plasy:person:neuman-petr,person,yes
plasy:vote-event:2024-12-11-002,plasy:person:novotny-jiri,person,abstain
plasy:vote-event:2024-12-11-002,plasy:person:palmova-eliska,person,yes
plasy:vote-event:2024-12-11-002,plasy:person:pfeifer-lukas,person,yes
plasy:vote-event:2024-12-11-002,plasy:person:skop-michal,person,yes
plasy:vote-event:2024-12-11-002,plasy:person:tyrpeklova-zdenka,person,abstain
plasy:vote-event:2024-12-11-002,plasy:person:urbanova-veronika,person,absent
plasy:vote-event:2024-12-11-003,plasy:person:belbl-emanuel,person,yes
plasy:vote-event:2024-12-11-003,plasy:person:gross-vaclav,person,abstain
plasy:vote-event:2024-12-11-003,plasy:person:hanzlicek-zdenek,person,abstain
plasy:vote-event:2024-12-11-003,plasy:person:jezkova-martina,person,yes
plasy:vote-event:2024-12-11-003,plasy:person:kantor-poradkova-eva,person,yes
plasy:vote-event:2024-12-11-003,plasy:person:kornatovsky-ivo,person,yes
plasy:vote-event:2024-12-11-003,plasy:person:kouba-tomas,person,yes
plasy:vote-event:2024-12-11-003,plasy:person:kovarik-petr,person,yes
plasy:vote-event:2024-12-11-003,plasy:person:neuman-petr,person,yes
plasy:vote-event:2024-12-11-003,plasy:person:novotny-jiri,person,yes
plasy:vote-event:2024-12-11-003,plasy:person:palmova-eliska,person,yes
plasy:vote-event:2024-12-11-003,plasy:person:pfeifer-lukas,person,yes
plasy:vote-event:2024-12-11-003,plasy:person:skop-michal,person,yes
plasy:vote-event:2024-12-11-003,plasy:person:tyrpeklova-zdenka,person,yes
plasy:vote-event:2024-12-11-003,plasy:person:urbanova-veronika,person,absent
plasy:vote-event:2024-12-11-004,plasy:person:belbl-emanuel,person,yes
plasy:vote-event:2024-12-11-004,plasy:person:gross-vaclav,person,yes
plasy:vote-event:2024-12-11-004,plasy:person:hanzlicek-zdenek,person,yes
plasy:vote-event:2024-12-11-004,plasy:person:jezkova-martina,person,yes
plasy:vote-event:2024-12-11-004,plasy:person:kantor-poradkova-eva,person,yes
plasy:vote-event:2024-12-11-004,plasy:person:kornatovsky-ivo,person,yes
plasy:vote-event:2024-12-11-004,plasy:person:kouba-tomas,person,yes
plasy:vote-event:2024-12-11-004,plasy:person:kovarik-petr,person,yes
plasy:vote-event:2024-12-11-004,plasy:person:neuman-petr,person,yes
plasy:vote-event:2024-12-11-004,plasy:person:novotny-jiri,person,yes
plasy:vote-event:2024-12-11-004,plasy:person:palmova-eliska,person,yes
plasy:vote-event:2024-12-11-004,plasy:person:pfeifer-lukas,person,yes
plasy:vote-event:2024-12-11-004,plasy:person:skop-michal,person,yes
plasy:vote-event:2024-12-11-004,plasy:person:tyrpeklova-zdenka,person,yes
plasy:vote-event:2024-12-11-004,plasy:person:urbanova-veronika,person,absent
plasy:vote-event:2024-12-11-005,plasy:person:belbl-emanuel,person,abstain
plasy:vote-event:2024-12-11-005,plasy:person:gross-vaclav,person,yes
plasy:vote-event:2024-12-11-005,plasy:person:hanzlicek-zdenek,person,abstain
plasy:vote-event:2024-12-11-005,plasy:person:jezkova-martina,person,yes
plasy:vote-event:2024-12-11-005,plasy:person:kantor-poradkova-eva,person,yes
plasy:vote-event:2024-12-11-005,plasy:person:kornatovsky-ivo,person,yes
plasy:vote-event:2024-12-11-005,plasy:person:kouba-tomas,person,abstain
plasy:vote-event:2024-12-11-005,plasy:person:kovarik-petr,person,yes
plasy:vote-event:2024-12-11-005,plasy:person:neuman-petr,person,yes
plasy:vote-event:2024-12-11-005,plasy:person:novotny-jiri,person,yes
plasy:vote-event:2024-12-11-005,plasy:person:palmova-eliska,person,yes
plasy:vote-event:2024-12-11-005,plasy:person:pfeifer-lukas,person,yes
plasy:vote-event:2024-12-11-005,plasy:person:skop-michal,person,yes
plasy:vote-event:2024-12-11-005,plasy:person:tyrpeklova-zdenka,person,yes
plasy:vote-event:2024-12-11-005,plasy:person:urbanova-veronika,person,yes
plasy:vote-event:2024-12-11-006,plasy:person:belbl-emanuel,person,yes
plasy:vote-event:2024-12-11-006,plasy:person:gross-vaclav,person,yes
plasy:vote-event:2024-12-11-006,plasy:person:hanzlicek-zdenek,person,yes
plasy:vote-event:2024-12-11-006,plasy:person:jezkova-martina,person,yes
plasy:vote-event:2024-12-11-006,plasy:person:kantor-poradkova-eva,person,yes
plasy:vote-event:2024-12-11-006,plasy:person:kornatovsky-ivo,person,yes
plasy:vote-event:2024-12-11-006,plasy:person:kouba-tomas,person,yes
plasy:vote-event:2024-12-11-006,plasy:person:kovarik-petr,person,yes
plasy:vote-event:2024-12-11-006,plasy:person:neuman-petr,person,yes
plasy:vote-event:2024-12-11-006,plasy:person:novotny-jiri,person,yes
plasy:vote-event:2024-12-11-006,plasy:person:palmova-eliska,person,yes
plasy:vote-event:2024-12-11-006,plasy:person:pfeifer-lukas,person,yes
plasy:vote-event:2024-12-11-006,plasy:person:skop-michal,person,yes
plasy:vote-event:2024-12-11-006,plasy:person:tyrpeklova-zdenka,person,yes
plasy:vote-event:2024-12-11-006,plasy:person:urbanova-veronika,person,yes
plasy:vote-event:2024-12-11-007,plasy:person:belbl-emanuel,person,yes
plasy:vote-event:2024-12-11-007,plasy:person:gross-vaclav,person,yes
plasy:vote-event:2024-12-11-007,plasy:person:hanzlicek-zdenek,person,yes
plasy:vote-event:2024-12-11-007,plasy:person:jezkova-martina,person,yes
plasy:vote-event:2024-12-11-007,plasy:person:kantor-poradkova-eva,person,yes
plasy:vote-event:2024-12-11-007,plasy:person:kornatovsky-ivo,person,yes
plasy:vote-event:2024-12-11-007,plasy:person:kouba-tomas,person,yes
plasy:vote-event:2024-12-11-007,plasy:person:kovarik-petr,person,yes
plasy:vote-event:2024-12-11-007,plasy:person:neuman-petr,person,yes
plasy:vote-event:2024-12-11-007,plasy:person:novotny-jiri,person,yes
plasy:vote-event:2024-12-11-007,plasy:person:palmova-eliska,person,yes
plasy:vote-event:2024-12-11-007,plasy:person:pfeifer-lukas,person,yes
plasy:vote-event:2024-12-11-007,plasy:person:skop-michal,person,yes
plasy:vote-event:2024-12-11-007,plasy:person:tyrpeklova-zdenka,person,yes
plasy:vote-event:2024-12-11-007,plasy:person:urbanova-veronika,person,yes
plasy:vote-event:2024-12-11-008,plasy:person:belbl-emanuel,person,yes
plasy:vote-event:2024-12-11-008,plasy:person:gross-vaclav,person,yes
plasy:vote-event:2024-12-11-008,plasy:person:hanzlicek-zdenek,person,yes
plasy:vote-event:2024-12-11-008,plasy:person:jezkova-martina,person,yes
plasy:vote-event:2024-12-11-008,plasy:person:kantor-poradkova-eva,person,yes
plasy:vote-event:2024-12-11-008,plasy:person:kornatovsky-ivo,person,yes
plasy:vote-event:2024-12-11-008,plasy:person:kouba-tomas,person,yes
plasy:vote-event:2024-12-11-008,plasy:person:kovarik-petr,person,yes
plasy:vote-event:2024-12-11-008,plasy:person:neuman-petr,person,yes
plasy:vote-event:2024-12-11-008,plasy:person:novotny-jiri,person,yes
plasy:vote-event:2024-12-11-008,plasy:person:palmova-eliska,person,yes
plasy:vote-event:2024-12-11-008,plasy:person:pfeifer-lukas,person,yes
plasy:vote-event:2024-12-11-008,plasy:person:skop-michal,person,yes
plasy:vote-event:2024-12-11-008,plasy:person:tyrpeklova-zdenka,person,yes
plasy:vote-event:2024-12-11-008,plasy:person:urbanova-veronika,person,yes
plasy:vote-event:2024-12-11-009,plasy:person:belbl-emanuel,person,yes
plasy:vote-event:2024-12-11-009,plasy:person:gross-vaclav,person,yes
plasy:vote-event:2024-12-11-009,plasy:person:hanzlicek-zdenek,person,yes
plasy:vote-event:2024-12-11-009,plasy:person:jezkova-martina,person,yes
plasy:vote-event:2024-12-11-009,plasy:person:kantor-poradkova-eva,person,yes
plasy:vote-event:2024-12-11-009,plasy:person:kornatovsky-ivo,person,yes
plasy:vote-event:2024-12-11-009,plasy:person:kouba-tomas,person,yes
plasy:vote-event:2024-12-11-009,plasy:person:kovarik-petr,person,yes
plasy:vote-event:2024-12-11-009,plasy:person:neuman-petr,person,yes
plasy:vote-event:2024-12-11-009,plasy:person:novotny-jiri,person,yes
plasy:vote-event:2024-12-11-009,plasy:person:palmova-eliska,person,yes
plasy:vote-event:2024-12-11-009,plasy:person:pfeifer-lukas,person,yes
plasy:vote-event:2024-12-11-009,plasy:person:skop-michal,person,yes
plasy:vote-event:2024-12-11-009,plasy:person:tyrpeklova-zdenka,person,yes
plasy:vote-event:2024-12-11-009,plasy:person:urbanova-veronika,person,yes
plasy:vote-event:2024-12-11-010,plasy:person:belbl-emanuel,person,yes
plasy:vote-event:2024-12-11-010,plasy:person:gross-vaclav,person,yes
plasy:vote-event:2024-12-11-010,plasy:person:hanzlicek-zdenek,person,abstain
plasy:vote-event:2024-12-11-010,plasy:person:jezkova-martina,person,yes
plasy:vote-event:2024-12-11-010,plasy:person:kantor-poradkova-eva,person,yes
plasy:vote-event:2024-12-11-010,plasy:person:kornatovsky-ivo,person,yes
plasy:vote-event:2024-12-11-010,plasy:person:kouba-tomas,person,yes
plasy:vote-event:2024-12-11-010,plasy:person:kovarik-petr,person,yes
plasy:vote-event:2024-12-11-010,plasy:person:neuman-petr,person,yes
plasy:vote-event:2024-12-11-010,plasy:person:novotny-jiri,person,yes
plasy:vote-event:2024-12-11-010,plasy:person:palmova-eliska,person,yes
plasy:vote-event:2024-12-11-010,plasy:person:pfeifer-lukas,person,yes
plasy:vote-event:2024-12-11-010,plasy:person:skop-michal,person,yes
plasy:vote-event:2024-12-11-010,plasy:person:tyrpeklova-zdenka,person,yes
plasy:vote-event:2024-12-11-010,plasy:person:urbanova-veronika,person,yes
plasy:vote-event:2024-12-11-011,plasy:person:belbl-emanuel,person,yes
plasy:vote-event:2024-12-11-011,plasy:person:gross-vaclav,person,yes
plasy:vote-event:2024-12-11-011,plasy:person:hanzlicek-zdenek,person,yes
plasy:vote-event:2024-12-11-011,plasy:person:jezkova-martina,person,yes
plasy:vote-event:2024-12-11-011,plasy:person:kantor-poradkova-eva,person,yes
plasy:vote-event:2024-12-11-011,plasy:person:kornatovsky-ivo,person,yes
plasy:vote-event:2024-12-11-011,plasy:person:kouba-tomas,person,yes
plasy:vote-event:2024-12-11-011,plasy:person:kovarik-petr,person,yes
plasy:vote-event:2024-12-11-011,plasy:person:neuman-petr,person,yes
plasy:vote-event:2024-12-11-011,plasy:person:novotny-jiri,person,yes
plasy:vote-event:2024-12-11-011,plasy:person:palmova-eliska,person,yes
plasy:vote-event:2024-12-11-011,plasy:person:pfeifer-lukas,person,yes
plasy:vote-event:2024-12-11-011,plasy:person:skop-michal,person,yes
plasy:vote-event:2024-12-11-011,plasy:person:tyrpeklova-zdenka,person,yes
plasy:vote-event:2024-12-11-011,plasy:person:urbanova-veronika,person,yes
plasy:vote-event:2024-12-11-012,plasy:person:belbl-emanuel,person,yes
plasy:vote-event:2024-12-11-012,plasy:person:gross-vaclav,person,no
plasy:vote-event:2024-12-11-012,plasy:person:hanzlicek-zdenek,person,yes
plasy:vote-event:2024-12-11-012,plasy:person:jezkova-martina,person,no
plasy:vote-event:2024-12-11-012,plasy:person:kantor-poradkova-eva,person,no
plasy:vote-event:2024-12-11-012,plasy:person:kornatovsky-ivo,person,yes
plasy:vote-event:2024-12-11-012,plasy:person:kouba-tomas,person,yes
plasy:vote-event:2024-12-11-012,plasy:person:kovarik-petr,person,abstain
plasy:vote-event:2024-12-11-012,plasy:person:neuman-petr,person,no
plasy:vote-event:2024-12-11-012,plasy:person:novotny-jiri,person,yes
plasy:vote-event:2024-12-11-012,plasy:person:palmova-eliska,person,no
plasy:vote-event:2024-12-11-012,plasy:person:pfeifer-lukas,person,no
plasy:vote-event:2024-12-11-012,plasy:person:skop-michal,person,no
plasy:vote-event:2024-12-11-012,plasy:person:tyrpeklova-zdenka,person,yes
plasy:vote-event:2024-12-11-012,plasy:person:urbanova-veronika,person,no
plasy:vote-event:2024-12-11-013,plasy:person:belbl-emanuel,person,no
plasy:vote-event:2024-12-11-013,plasy:person:gross-vaclav,person,yes
plasy:vote-event:2024-12-11-013,plasy:person:hanzlicek-zdenek,person,no
plasy:vote-event:2024-12-11-013,plasy:person:jezkova-martina,person,yes
plasy:vote-event:2024-12-11-013,plasy:person:kantor-poradkova-eva,person,yes
plasy:vote-event:2024-12-11-013,plasy:person:kornatovsky-ivo,person,no
plasy:vote-event:2024-12-11-013,plasy:person:kouba-tomas,person,no
plasy:vote-event:2024-12-11-013,plasy:person:kovarik-petr,person,no
plasy:vote-event:2024-12-11-013,plasy:person:neuman-petr,person,yes
plasy:vote-event:2024-12-11-013,plasy:person:novotny-jiri,person,no
plasy:vote-event:2024-12-11-013,plasy:person:palmova-eliska,person,yes
plasy:vote-event:2024-12-11-013,plasy:person:pfeifer-lukas,person,yes
plasy:vote-event:2024-12-11-013,plasy:person:skop-michal,person,yes
plasy:vote-event:2024-12-11-013,plasy:person:tyrpeklova-zdenka,person,no
plasy:vote-event:2024-12-11-013,plasy:person:urbanova-veronika,person,yes
plasy:vote-event:2024-12-11-014,plasy:person:belbl-emanuel,person,yes
plasy:vote-event:2024-12-11-014,plasy:person:gross-vaclav,person,yes
plasy:vote-event:2024-12-11-014,plasy:person:hanzlicek-zdenek,person,yes
plasy:vote-event:2024-12-11-014,plasy:person:jezkova-martina,person,yes
plasy:vote-event:2024-12-11-014,plasy:person:kantor-poradkova-eva,person,yes
plasy:vote-event:2024-12-11-014,plasy:person:kornatovsky-ivo,person,yes
plasy:vote-event:2024-12-11-014,plasy:person:kouba-tomas,person,yes
plasy:vote-event:2024-12-11-014,plasy:person:kovarik-petr,person,yes
plasy:vote-event:2024-12-11-014,plasy:person:neuman-petr,person,yes
plasy:vote-event:2024-12-11-014,plasy:person:novotny-jiri,person,yes
plasy:vote-event:2024-12-11-014,plasy:person:palmova-eliska,person,yes
plasy:vote-event:2024-12-11-014,plasy:person:pfeifer-lukas,person,yes
plasy:vote-event:2024-12-11-014,plasy:person:skop-michal,person,yes
plasy:vote-event:2024-12-11-014,plasy:person:tyrpeklova-zdenka,person,yes
plasy:vote-event:2024-12-11-014,plasy:person:urbanova-veronika,person,yes
plasy:vote-event:2024-12-11-015,plasy:person:belbl-emanuel,person,yes
plasy:vote-event:2024-12-11-015,plasy:person:gross-vaclav,person,yes
plasy:vote-event:2024-12-11-015,plasy:person:hanzlicek-zdenek,person,abstain
plasy:vote-event:2024-12-11-015,plasy:person:jezkova-martina,person,yes
plasy:vote-event:2024-12-11-015,plasy:person:kantor-poradkova-eva,person,yes
plasy:vote-event:2024-12-11-015,plasy:person:kornatovsky-ivo,person,yes
plasy:vote-event:2024-12-11-015,plasy:person:kouba-tomas,person,yes
plasy:vote-event:2024-12-11-015,plasy:person:kovarik-petr,person,yes
plasy:vote-event:2024-12-11-015,plasy:person:neuman-petr,person,yes
plasy:vote-event:2024-12-11-015,plasy:person:novotny-jiri,person,yes
plasy:vote-event:2024-12-11-015,plasy:person:palmova-eliska,person,abstain
plasy:vote-event:2024-12-11-015,plasy:person:pfeifer-lukas,person,yes
plasy:vote-event:2024-12-11-015,plasy:person:skop-michal,person,yes
plasy:vote-event:2024-12-11-015,plasy:person:tyrpeklova-zdenka,person,yes
plasy:vote-event:2024-12-11-015,plasy:person:urbanova-veronika,person,yes
plasy:vote-event:2024-12-11-016,plasy:person:belbl-emanuel,person,yes
plasy:vote-event:2024-12-11-016,plasy:person:gross-vaclav,person,yes
plasy:vote-event:2024-12-11-016,plasy:person:hanzlicek-zdenek,person,yes
plasy:vote-event:2024-12-11-016,plasy:person:jezkova-martina,person,yes
plasy:vote-event:2024-12-11-016,plasy:person:kantor-poradkova-eva,person,yes
plasy:vote-event:2024-12-11-016,plasy:person:kornatovsky-ivo,person,yes
plasy:vote-event:2024-12-11-016,plasy:person:kouba-tomas,person,yes
plasy:vote-event:2024-12-11-016,plasy:person:kovarik-petr,person,yes
plasy:vote-event:2024-12-11-016,plasy:person:neuman-petr,person,yes
plasy:vote-event:2024-12-11-016,plasy:person:novotny-jiri,person,yes
plasy:vote-event:2024-12-11-016,plasy:person:palmova-eliska,person,yes
plasy:vote-event:2024-12-11-016,plasy:person:pfeifer-lukas,person,yes
plasy:vote-event:2024-12-11-016,plasy:person:skop-michal,person,yes
plasy:vote-event:2024-12-11-016,plasy:person:tyrpeklova-zdenka,person,yes
plasy:vote-event:2024-12-11-016,plasy:person:urbanova-veronika,person,yes
plasy:vote-event:2024-12-11-017,plasy:person:belbl-emanuel,person,yes
plasy:vote-event:2024-12-11-017,plasy:person:gross-vaclav,person,yes
plasy:vote-event:2024-12-11-017,plasy:person:hanzlicek-zdenek,person,yes
plasy:vote-event:2024-12-11-017,plasy:person:jezkova-martina,person,yes
plasy:vote-event:2024-12-11-017,plasy:person:kantor-poradkova-eva,person,yes
plasy:vote-event:2024-12-11-017,plasy:person:kornatovsky-ivo,person,yes
plasy:vote-event:2024-12-11-017,plasy:person:kouba-tomas,person,yes
plasy:vote-event:2024-12-11-017,plasy:person:kovarik-petr,person,yes
plasy:vote-event:2024-12-11-017,plasy:person:neuman-petr,person,yes
plasy:vote-event:2024-12-11-017,plasy:person:novotny-jiri,person,yes
plasy:vote-event:2024-12-11-017,plasy:person:palmova-eliska,person,yes
plasy:vote-event:2024-12-11-017,plasy:person:pfeifer-lukas,person,yes
plasy:vote-event:2024-12-11-017,plasy:person:skop-michal,person,yes
plasy:vote-event:2024-12-11-017,plasy:person:tyrpeklova-zdenka,person,yes
plasy:vote-event:2024-12-11-017,plasy:person:urbanova-veronika,person,yes
plasy:vote-event:2024-12-11-018,plasy:person:belbl-emanuel,person,yes
plasy:vote-event:2024-12-11-018,plasy:person:gross-vaclav,person,yes
plasy:vote-event:2024-12-11-018,plasy:person:hanzlicek-zdenek,person,yes
plasy:vote-event:2024-12-11-018,plasy:person:jezkova-martina,person,yes
plasy:vote-event:2024-12-11-018,plasy:person:kantor-poradkova-eva,person,yes
plasy:vote-event:2024-12-11-018,plasy:person:kornatovsky-ivo,person,yes
plasy:vote-event:2024-12-11-018,plasy:person:kouba-tomas,person,yes
plasy:vote-event:2024-12-11-018,plasy:person:kovarik-petr,person,yes
plasy:vote-event:2024-12-11-018,plasy:person:neuman-petr,person,yes
plasy:vote-event:2024-12-11-018,plasy:person:novotny-jiri,person,yes
plasy:vote-event:2024-12-11-018,plasy:person:palmova-eliska,person,yes
plasy:vote-event:2024-12-11-018,plasy:person:pfeifer-lukas,person,yes
plasy:vote-event:2024-12-11-018,plasy:person:skop-michal,person,yes
plasy:vote-event:2024-12-11-018,plasy:person:tyrpeklova-zdenka,person,yes
plasy:vote-event:2024-12-11-018,plasy:person:urbanova-veronika,person,yes
plasy:vote-event:2025-03-10-001,plasy:person:belbl-emanuel,person,absent
plasy:vote-event:2025-03-10-001,plasy:person:gross-vaclav,person,yes
plasy:vote-event:2025-03-10-001,plasy:person:hanzlicek-zdenek,person,yes
plasy:vote-event:2025-03-10-001,plasy:person:jezkova-martina,person,yes
plasy:vote-event:2025-03-10-001,plasy:person:kantor-poradkova-eva,person,yes
plasy:vote-event:2025-03-10-001,plasy:person:kornatovsky-ivo,person,yes
plasy:vote-event:2025-03-10-001,plasy:person:kouba-tomas,person,yes
plasy:vote-event:2025-03-10-001,plasy:person:kovarik-petr,person,yes
plasy:vote-event:2025-03-10-001,plasy:person:neuman-petr,person,yes
plasy:vote-event:2025-03-10-001,plasy:person:novotny-jiri,person,yes
plasy:vote-event:2025-03-10-001,plasy:person:palmova-eliska,person,yes
plasy:vote-event:2025-03-10-001,plasy:person:pfeifer-lukas,person,yes
plasy:vote-event:2025-03-10-001,plasy:person:skop-michal,person,yes
plasy:vote-event:2025-03-10-001,plasy:person:tyrpeklova-zdenka,person,yes
plasy:vote-event:2025-03-10-001,plasy:person:urbanova-veronika,person,yes
plasy:vote-event:2025-03-10-002,plasy:person:belbl-emanuel,person,absent
plasy:vote-event:2025-03-10-002,plasy:person:gross-vaclav,person,yes
plasy:vote-event:2025-03-10-002,plasy:person:hanzlicek-zdenek,person,yes
plasy:vote-event:2025-03-10-002,plasy:person:jezkova-martina,person,yes
plasy:vote-event:2025-03-10-002,plasy:person:kantor-poradkova-eva,person,yes
plasy:vote-event:2025-03-10-002,plasy:person:kornatovsky-ivo,person,yes
plasy:vote-event:2025-03-10-002,plasy:person:kouba-tomas,person,yes
plasy:vote-event:2025-03-10-002,plasy:person:kovarik-petr,person,yes
plasy:vote-event:2025-03-10-002,plasy:person:neuman-petr,person,yes
plasy:vote-event:2025-03-10-002,plasy:person:novotny-jiri,person,yes
plasy:vote-event:2025-03-10-002,plasy:person:palmova-eliska,person,yes
plasy:vote-event:2025-03-10-002,plasy:person:pfeifer-lukas,person,yes
plasy:vote-event:2025-03-10-002,plasy:person:skop-michal,person,yes
plasy:vote-event:2025-03-10-002,plasy:person:tyrpeklova-zdenka,person,yes
plasy:vote-event:2025-03-10-002,plasy:person:urbanova-veronika,person,yes
plasy:vote-event:2025-03-10-003,plasy:person:belbl-emanuel,person,absent
plasy:vote-event:2025-03-10-003,plasy:person:gross-vaclav,person,yes
plasy:vote-event:2025-03-10-003,plasy:person:hanzlicek-zdenek,person,yes
plasy:vote-event:2025-03-10-003,plasy:person:jezkova-martina,person,yes
plasy:vote-event:2025-03-10-003,plasy:person:kantor-poradkova-eva,person,yes
plasy:vote-event:2025-03-10-003,plasy:person:kornatovsky-ivo,person,yes
plasy:vote-event:2025-03-10-003,plasy:person:kouba-tomas,person,yes
plasy:vote-event:2025-03-10-003,plasy:person:kovarik-petr,person,yes
plasy:vote-event:2025-03-10-003,plasy:person:neuman-petr,person,yes
plasy:vote-event:2025-03-10-003,plasy:person:novotny-jiri,person,yes
plasy:vote-event:2025-03-10-003,plasy:person:palmova-eliska,person,yes
plasy:vote-event:2025-03-10-003,plasy:person:pfeifer-lukas,person,yes
plasy:vote-event:2025-03-10-003,plasy:person:skop-michal,person,yes
plasy:vote-event:2025-03-10-003,plasy:person:tyrpeklova-zdenka,person,yes
plasy:vote-event:2025-03-10-003,plasy:person:urbanova-veronika,person,yes
plasy:vote-event:2025-03-10-004,plasy:person:belbl-emanuel,person,absent
plasy:vote-event:2025-03-10-004,plasy:person:gross-vaclav,person,yes
plasy:vote-event:2025-03-10-004,plasy:person:hanzlicek-zdenek,person,yes
plasy:vote-event:2025-03-10-004,plasy:person:jezkova-martina,person,yes
plasy:vote-event:2025-03-10-004,plasy:person:kantor-poradkova-eva,person,yes
plasy:vote-event:2025-03-10-004,plasy:person:kornatovsky-ivo,person,yes
plasy:vote-event:2025-03-10-004,plasy:person:kouba-tomas,person,yes
plasy:vote-event:2025-03-10-004,plasy:person:kovarik-petr,person,yes
plasy:vote-event:2025-03-10-004,plasy:person:neuman-petr,person,yes
plasy:vote-event:2025-03-10-004,plasy:person:novotny-jiri,person,yes
plasy:vote-event:2025-03-10-004,plasy:person:palmova-eliska,person,yes
plasy:vote-event:2025-03-10-004,plasy:person:pfeifer-lukas,person,yes
plasy:vote-event:2025-03-10-004,plasy:person:skop-michal,person,yes
plasy:vote-event:2025-03-10-004,plasy:person:tyrpeklova-zdenka,person,yes
plasy:vote-event:2025-03-10-004,plasy:person:urbanova-veronika,person,yes
plasy:vote-event:2025-03-10-005,plasy:person:belbl-emanuel,person,absent
plasy:vote-event:2025-03-10-005,plasy:person:gross-vaclav,person,yes
plasy:vote-event:2025-03-10-005,plasy:person:hanzlicek-zdenek,person,abstain
plasy:vote-event:2025-03-10-005,plasy:person:jezkova-martina,person,yes
plasy:vote-event:2025-03-10-005,plasy:person:kantor-poradkova-eva,person,yes
plasy:vote-event:2025-03-10-005,plasy:person:kornatovsky-ivo,person,yes
plasy:vote-event:2025-03-10-005,plasy:person:kouba-tomas,person,yes
plasy:vote-event:2025-03-10-005,plasy:person:kovarik-petr,person,yes
plasy:vote-event:2025-03-10-005,plasy:person:neuman-petr,person,yes
plasy:vote-event:2025-03-10-005,plasy:person:novotny-jiri,person,yes
plasy:vote-event:2025-03-10-005,plasy:person:palmova-eliska,person,yes
plasy:vote-event:2025-03-10-005,plasy:person:pfeifer-lukas,person,yes
plasy:vote-event:2025-03-10-005,plasy:person:skop-michal,person,yes
plasy:vote-event:2025-03-10-005,plasy:person:tyrpeklova-zdenka,person,yes
plasy:vote-event:2025-03-10-005,plasy:person:urbanova-veronika,person,yes
plasy:vote-event:2025-03-10-006,plasy:person:belbl-emanuel,person,absent
plasy:vote-event:2025-03-10-006,plasy:person:gross-vaclav,person,yes
plasy:vote-event:2025-03-10-006,plasy:person:hanzlicek-zdenek,person,yes
plasy:vote-event:2025-03-10-006,plasy:person:jezkova-martina,person,yes
plasy:vote-event:2025-03-10-006,plasy:person:kantor-poradkova-eva,person,yes
plasy:vote-event:2025-03-10-006,plasy:person:kornatovsky-ivo,person,yes
plasy:vote-event:2025-03-10-006,plasy:person:kouba-tomas,person,yes
plasy:vote-event:2025-03-10-006,plasy:person:kovarik-petr,person,yes
plasy:vote-event:2025-03-10-006,plasy:person:neuman-petr,person,yes
plasy:vote-event:2025-03-10-006,plasy:person:novotny-jiri,person,yes
plasy:vote-event:2025-03-10-006,plasy:person:palmova-eliska,person,yes
plasy:vote-event:2025-03-10-006,plasy:person:pfeifer-lukas,person,yes
plasy:vote-event:2025-03-10-006,plasy:person:skop-michal,person,yes
plasy:vote-event:2025-03-10-006,plasy:person:tyrpeklova-zdenka,person,yes
plasy:vote-event:2025-03-10-006,plasy:person:urbanova-veronika,person,yes
plasy:vote-event:2025-03-10-007,plasy:person:belbl-emanuel,person,absent
plasy:vote-event:2025-03-10-007,plasy:person:gross-vaclav,person,yes
plasy:vote-event:2025-03-10-007,plasy:person:hanzlicek-zdenek,person,yes
plasy:vote-event:2025-03-10-007,plasy:person:jezkova-martina,person,yes
plasy:vote-event:2025-03-10-007,plasy:person:kantor-poradkova-eva,person,yes
plasy:vote-event:2025-03-10-007,plasy:person:kornatovsky-ivo,person,yes
plasy:vote-event:2025-03-10-007,plasy:person:kouba-tomas,person,yes
plasy:vote-event:2025-03-10-007,plasy:person:kovarik-petr,person,yes
plasy:vote-event:2025-03-10-007,plasy:person:neuman-petr,person,yes
plasy:vote-event:2025-03-10-007,plasy:person:novotny-jiri,person,yes
plasy:vote-event:2025-03-10-007,plasy:person:palmova-eliska,person,yes
plasy:vote-event:2025-03-10-007,plasy:person:pfeifer-lukas,person,yes
plasy:vote-event:2025-03-10-007,plasy:person:skop-michal,person,yes
plasy:vote-event:2025-03-10-007,plasy:person:tyrpeklova-zdenka,person,yes
plasy:vote-event:2025-03-10-007,plasy:person:urbanova-veronika,person,yes
plasy:vote-event:2025-03-10-008,plasy:person:belbl-emanuel,person,absent
plasy:vote-event:2025-03-10-008,plasy:person:gross-vaclav,person,yes
plasy:vote-event:2025-03-10-008,plasy:person:hanzlicek-zdenek,person,yes
plasy:vote-event:2025-03-10-008,plasy:person:jezkova-martina,person,yes
plasy:vote-event:2025-03-10-008,plasy:person:kantor-poradkova-eva,person,yes
plasy:vote-event:2025-03-10-008,plasy:person:kornatovsky-ivo,person,yes
plasy:vote-event:2025-03-10-008,plasy:person:kouba-tomas,person,yes
plasy:vote-event:2025-03-10-008,plasy:person:kovarik-petr,person,yes
plasy:vote-event:2025-03-10-008,plasy:person:neuman-petr,person,yes
plasy:vote-event:2025-03-10-008,plasy:person:novotny-jiri,person,yes
plasy:vote-event:2025-03-10-008,plasy:person:palmova-eliska,person,yes
plasy:vote-event:2025-03-10-008,plasy:person:pfeifer-lukas,person,yes
plasy:vote-event:2025-03-10-008,plasy:person:skop-michal,person,yes
plasy:vote-event:2025-03-10-008,plasy:person:tyrpeklova-zdenka,person,yes
plasy:vote-event:2025-03-10-008,plasy:person:urbanova-veronika,person,yes
plasy:vote-event:2025-03-10-009,plasy:person:belbl-emanuel,person,absent
plasy:vote-event:2025-03-10-009,plasy:person:gross-vaclav,person,yes
plasy:vote-event:2025-03-10-009,plasy:person:hanzlicek-zdenek,person,yes
plasy:vote-event:2025-03-10-009,plasy:person:jezkova-martina,person,yes
plasy:vote-event:2025-03-10-009,plasy:person:kantor-poradkova-eva,person,yes
plasy:vote-event:2025-03-10-009,plasy:person:kornatovsky-ivo,person,yes
plasy:vote-event:2025-03-10-009,plasy:person:kouba-tomas,person,yes
plasy:vote-event:2025-03-10-009,plasy:person:kovarik-petr,person,yes
plasy:vote-event:2025-03-10-009,plasy:person:neuman-petr,person,yes
plasy:vote-event:2025-03-10-009,plasy:person:novotny-jiri,person,yes
plasy:vote-event:2025-03-10-009,plasy:person:palmova-eliska,person,yes
plasy:vote-event:2025-03-10-009,plasy:person:pfeifer-lukas,person,yes
plasy:vote-event:2025-03-10-009,plasy:person:skop-michal,person,yes
plasy:vote-event:2025-03-10-009,plasy:person:tyrpeklova-zdenka,person,yes
plasy:vote-event:2025-03-10-009,plasy:person:urbanova-veronika,person,yes
plasy:vote-event:2025-03-10-010,plasy:person:belbl-emanuel,person,absent
plasy:vote-event:2025-03-10-010,plasy:person:gross-vaclav,person,yes
plasy:vote-event:2025-03-10-010,plasy:person:hanzlicek-zdenek,person,yes
plasy:vote-event:2025-03-10-010,plasy:person:jezkova-martina,person,yes
plasy:vote-event:2025-03-10-010,plasy:person:kantor-poradkova-eva,person,yes
plasy:vote-event:2025-03-10-010,plasy:person:kornatovsky-ivo,person,yes
plasy:vote-event:2025-03-10-010,plasy:person:kouba-tomas,person,yes
plasy:vote-event:2025-03-10-010,plasy:person:kovarik-petr,person,yes
plasy:vote-event:2025-03-10-010,plasy:person:neuman-petr,person,yes
plasy:vote-event:2025-03-10-010,plasy:person:novotny-jiri,person,yes
plasy:vote-event:2025-03-10-010,plasy:person:palmova-eliska,person,yes
plasy:vote-event:2025-03-10-010,plasy:person:pfeifer-lukas,person,yes
plasy:vote-event:2025-03-10-010,plasy:person:skop-michal,person,yes
plasy:vote-event:2025-03-10-010,plasy:person:tyrpeklova-zdenka,person,yes
plasy:vote-event:2025-03-10-010,plasy:person:urbanova-veronika,person,yes
plasy:vote-event:2025-03-10-011,plasy:person:belbl-emanuel,person,absent
plasy:vote-event:2025-03-10-011,plasy:person:gross-vaclav,person,yes
plasy:vote-event:2025-03-10-011,plasy:person:hanzlicek-zdenek,person,yes
plasy:vote-event:2025-03-10-011,plasy:person:jezkova-martina,person,yes
plasy:vote-event:2025-03-10-011,plasy:person:kantor-poradkova-eva,person,yes
plasy:vote-event:2025-03-10-011,plasy:person:kornatovsky-ivo,person,yes
plasy:vote-event:2025-03-10-011,plasy:person:kouba-tomas,person,yes
plasy:vote-event:2025-03-10-011,plasy:person:kovarik-petr,person,yes
plasy:vote-event:2025-03-10-011,plasy:person:neuman-petr,person,yes
plasy:vote-event:2025-03-10-011,plasy:person:novotny-jiri,person,yes
plasy:vote-event:2025-03-10-011,plasy:person:palmova-eliska,person,yes
plasy:vote-event:2025-03-10-011,plasy:person:pfeifer-lukas,person,yes
plasy:vote-event:2025-03-10-011,plasy:person:skop-michal,person,yes
plasy:vote-event:2025-03-10-011,plasy:person:tyrpeklova-zdenka,person,yes
plasy:vote-event:2025-03-10-011,plasy:person:urbanova-veronika,person,yes
plasy:vote-event:2025-03-10-012,plasy:person:belbl-emanuel,person,absent
plasy:vote-event:2025-03-10-012,plasy:person:gross-vaclav,person,yes
plasy:vote-event:2025-03-10-012,plasy:person:hanzlicek-zdenek,person,no
plasy:vote-event:2025-03-10-012,plasy:person:jezkova-martina,person,yes
plasy:vote-event:2025-03-10-012,plasy:person:kantor-poradkova-eva,person,yes
plasy:vote-event:2025-03-10-012,plasy:person:kornatovsky-ivo,person,no
plasy:vote-event:2025-03-10-012,plasy:person:kouba-tomas,person,no
plasy:vote-event:2025-03-10-012,plasy:person:kovarik-petr,person,no
plasy:vote-event:2025-03-10-012,plasy:person:neuman-petr,person,yes
plasy:vote-event:2025-03-10-012,plasy:person:novotny-jiri,person,no
plasy:vote-event:2025-03-10-012,plasy:person:palmova-eliska,person,yes
plasy:vote-event:2025-03-10-012,plasy:person:pfeifer-lukas,person,yes
plasy:vote-event:2025-03-10-012,plasy:person:skop-michal,person,yes
plasy:vote-event:2025-03-10-012,plasy:person:tyrpeklova-zdenka,person,no
plasy:vote-event:2025-03-10-012,plasy:person:urbanova-veronika,person,yes
plasy:vote-event:2025-03-10-013,plasy:person:belbl-emanuel,person,absent
plasy:vote-event:2025-03-10-013,plasy:person:gross-vaclav,person,yes
plasy:vote-event:2025-03-10-013,plasy:person:hanzlicek-zdenek,person,yes
plasy:vote-event:2025-03-10-013,plasy:person:jezkova-martina,person,yes
plasy:vote-event:2025-03-10-013,plasy:person:kantor-poradkova-eva,person,yes
plasy:vote-event:2025-03-10-013,plasy:person:kornatovsky-ivo,person,yes
plasy:vote-event:2025-03-10-013,plasy:person:kouba-tomas,person,yes
plasy:vote-event:2025-03-10-013,plasy:person:kovarik-petr,person,yes
plasy:vote-event:2025-03-10-013,plasy:person:neuman-petr,person,yes
plasy:vote-event:2025-03-10-013,plasy:person:novotny-jiri,person,yes
plasy:vote-event:2025-03-10-013,plasy:person:palmova-eliska,person,yes
plasy:vote-event:2025-03-10-013,plasy:person:pfeifer-lukas,person,yes
plasy:vote-event:2025-03-10-013,plasy:person:skop-michal,person,yes
plasy:vote-event:2025-03-10-013,plasy:person:tyrpeklova-zdenka,person,yes
plasy:vote-event:2025-03-10-013,plasy:person:urbanova-veronika,person,yes
plasy:vote-event:2025-03-10-014,plasy:person:belbl-emanuel,person,absent
plasy:vote-event:2025-03-10-014,plasy:person:gross-vaclav,person,yes
plasy:vote-event:2025-03-10-014,plasy:person:hanzlicek-zdenek,person,yes
plasy:vote-event:2025-03-10-014,plasy:person:jezkova-martina,person,yes
plasy:vote-event:2025-03-10-014,plasy:person:kantor-poradkova-eva,person,yes
plasy:vote-event:2025-03-10-014,plasy:person:kornatovsky-ivo,person,yes
plasy:vote-event:2025-03-10-014,plasy:person:kouba-tomas,person,yes
plasy:vote-event:2025-03-10-014,plasy:person:kovarik-petr,person,yes
plasy:vote-event:2025-03-10-014,plasy:person:neuman-petr,person,yes
plasy:vote-event:2025-03-10-014,plasy:person:novotny-jiri,person,yes
plasy:vote-event:2025-03-10-014,plasy:person:palmova-eliska,person,yes
plasy:vote-event:2025-03-10-014,plasy:person:pfeifer-lukas,person,yes
plasy:vote-event:2025-03-10-014,plasy:person:skop-michal,person,yes
plasy:vote-event:2025-03-10-014,plasy:person:tyrpeklova-zdenka,person,yes
plasy:vote-event:2025-03-10-014,plasy:person:urbanova-veronika,person,yes
plasy:vote-event:2025-05-07-001,plasy:person:belbl-emanuel,person,yes
plasy:vote-event:2025-05-07-001,plasy:person:gross-vaclav,person,yes
plasy:vote-event:2025-05-07-001,plasy:person:hanzlicek-zdenek,person,yes
plasy:vote-event:2025-05-07-001,plasy:person:jezkova-martina,person,yes
plasy:vote-event:2025-05-07-001,plasy:person:kantor-poradkova-eva,person,yes
plasy:vote-event:2025-05-07-001,plasy:person:kornatovsky-ivo,person,yes
plasy:vote-event:2025-05-07-001,plasy:person:kouba-tomas,person,absent
plasy:vote-event:2025-05-07-001,plasy:person:kovarik-petr,person,yes
plasy:vote-event:2025-05-07-001,plasy:person:neuman-petr,person,absent
plasy:vote-event:2025-05-07-001,plasy:person:novotny-jiri,person,absent
plasy:vote-event:2025-05-07-001,plasy:person:palmova-eliska,person,yes
plasy:vote-event:2025-05-07-001,plasy:person:pfeifer-lukas,person,yes
plasy:vote-event:2025-05-07-001,plasy:person:skop-michal,person,yes
plasy:vote-event:2025-05-07-001,plasy:person:tyrpeklova-zdenka,person,yes
plasy:vote-event:2025-05-07-001,plasy:person:urbanova-veronika,person,absent
plasy:vote-event:2025-05-07-002,plasy:person:belbl-emanuel,person,yes
plasy:vote-event:2025-05-07-002,plasy:person:gross-vaclav,person,yes
plasy:vote-event:2025-05-07-002,plasy:person:hanzlicek-zdenek,person,yes
plasy:vote-event:2025-05-07-002,plasy:person:jezkova-martina,person,yes
plasy:vote-event:2025-05-07-002,plasy:person:kantor-poradkova-eva,person,yes
plasy:vote-event:2025-05-07-002,plasy:person:kornatovsky-ivo,person,yes
plasy:vote-event:2025-05-07-002,plasy:person:kouba-tomas,person,absent
plasy:vote-event:2025-05-07-002,plasy:person:kovarik-petr,person,yes
plasy:vote-event:2025-05-07-002,plasy:person:neuman-petr,person,absent
plasy:vote-event:2025-05-07-002,plasy:person:novotny-jiri,person,absent
plasy:vote-event:2025-05-07-002,plasy:person:palmova-eliska,person,yes
plasy:vote-event:2025-05-07-002,plasy:person:pfeifer-lukas,person,yes
plasy:vote-event:2025-05-07-002,plasy:person:skop-michal,person,yes
plasy:vote-event:2025-05-07-002,plasy:person:tyrpeklova-zdenka,person,yes
plasy:vote-event:2025-05-07-002,plasy:person:urbanova-veronika,person,absent
plasy:vote-event:2025-05-07-003,plasy:person:belbl-emanuel,person,yes
plasy:vote-event:2025-05-07-003,plasy:person:gross-vaclav,person,yes
plasy:vote-event:2025-05-07-003,plasy:person:hanzlicek-zdenek,person,yes
plasy:vote-event:2025-05-07-003,plasy:person:jezkova-martina,person,yes
plasy:vote-event:2025-05-07-003,plasy:person:kantor-poradkova-eva,person,yes
plasy:vote-event:2025-05-07-003,plasy:person:kornatovsky-ivo,person,yes
plasy:vote-event:2025-05-07-003,plasy:person:kouba-tomas,person,absent
plasy:vote-event:2025-05-07-003,plasy:person:kovarik-petr,person,yes
plasy:vote-event:2025-05-07-003,plasy:person:neuman-petr,person,absent
plasy:vote-event:2025-05-07-003,plasy:person:novotny-jiri,person,absent
plasy:vote-event:2025-05-07-003,plasy:person:palmova-eliska,person,yes
plasy:vote-event:2025-05-07-003,plasy:person:pfeifer-lukas,person,yes
plasy:vote-event:2025-05-07-003,plasy:person:skop-michal,person,yes
plasy:vote-event:2025-05-07-003,plasy:person:tyrpeklova-zdenka,person,yes
plasy:vote-event:2025-05-07-003,plasy:person:urbanova-veronika,person,absent
plasy:vote-event:2025-05-07-004,plasy:person:belbl-emanuel,person,yes
plasy:vote-event:2025-05-07-004,plasy:person:gross-vaclav,person,yes
plasy:vote-event:2025-05-07-004,plasy:person:hanzlicek-zdenek,person,abstain
plasy:vote-event:2025-05-07-004,plasy:person:jezkova-martina,person,yes
plasy:vote-event:2025-05-07-004,plasy:person:kantor-poradkova-eva,person,yes
plasy:vote-event:2025-05-07-004,plasy:person:kornatovsky-ivo,person,yes
plasy:vote-event:2025-05-07-004,plasy:person:kouba-tomas,person,absent
plasy:vote-event:2025-05-07-004,plasy:person:kovarik-petr,person,yes
plasy:vote-event:2025-05-07-004,plasy:person:neuman-petr,person,absent
plasy:vote-event:2025-05-07-004,plasy:person:novotny-jiri,person,absent
plasy:vote-event:2025-05-07-004,plasy:person:palmova-eliska,person,yes
plasy:vote-event:2025-05-07-004,plasy:person:pfeifer-lukas,person,yes
plasy:vote-event:2025-05-07-004,plasy:person:skop-michal,person,yes
plasy:vote-event:2025-05-07-004,plasy:person:tyrpeklova-zdenka,person,yes
plasy:vote-event:2025-05-07-004,plasy:person:urbanova-veronika,person,absent
plasy:vote-event:2025-05-07-005,plasy:person:belbl-emanuel,person,abstain
plasy:vote-event:2025-05-07-005,plasy:person:gross-vaclav,person,yes
plasy:vote-event:2025-05-07-005,plasy:person:hanzlicek-zdenek,person,abstain
plasy:vote-event:2025-05-07-005,plasy:person:jezkova-martina,person,yes
plasy:vote-event:2025-05-07-005,plasy:person:kantor-poradkova-eva,person,yes
plasy:vote-event:2025-05-07-005,plasy:person:kornatovsky-ivo,person,yes
plasy:vote-event:2025-05-07-005,plasy:person:kouba-tomas,person,absent
plasy:vote-event:2025-05-07-005,plasy:person:kovarik-petr,person,yes
plasy:vote-event:2025-05-07-005,plasy:person:neuman-petr,person,absent
plasy:vote-event:2025-05-07-005,plasy:person:novotny-jiri,person,absent
plasy:vote-event:2025-05-07-005,plasy:person:palmova-eliska,person,yes
plasy:vote-event:2025-05-07-005,plasy:person:pfeifer-lukas,person,yes
plasy:vote-event:2025-05-07-005,plasy:person:skop-michal,person,yes
plasy:vote-event:2025-05-07-005,plasy:person:tyrpeklova-zdenka,person,abstain
plasy:vote-event:2025-05-07-005,plasy:person:urbanova-veronika,person,absent
plasy:vote-event:2025-05-07-006,plasy:person:belbl-emanuel,person,yes
plasy:vote-event:2025-05-07-006,plasy:person:gross-vaclav,person,yes
plasy:vote-event:2025-05-07-006,plasy:person:hanzlicek-zdenek,person,yes
plasy:vote-event:2025-05-07-006,plasy:person:jezkova-martina,person,yes
plasy:vote-event:2025-05-07-006,plasy:person:kantor-poradkova-eva,person,yes
plasy:vote-event:2025-05-07-006,plasy:person:kornatovsky-ivo,person,yes
plasy:vote-event:2025-05-07-006,plasy:person:kouba-tomas,person,absent
plasy:vote-event:2025-05-07-006,plasy:person:kovarik-petr,person,yes
plasy:vote-event:2025-05-07-006,plasy:person:neuman-petr,person,absent
plasy:vote-event:2025-05-07-006,plasy:person:novotny-jiri,person,absent
plasy:vote-event:2025-05-07-006,plasy:person:palmova-eliska,person,yes
plasy:vote-event:2025-05-07-006,plasy:person:pfeifer-lukas,person,yes
plasy:vote-event:2025-05-07-006,plasy:person:skop-michal,person,yes
plasy:vote-event:2025-05-07-006,plasy:person:tyrpeklova-zdenka,person,yes
plasy:vote-event:2025-05-07-006,plasy:person:urbanova-veronika,person,absent
plasy:vote-event:2025-05-07-007,plasy:person:belbl-emanuel,person,yes
plasy:vote-event:2025-05-07-007,plasy:person:gross-vaclav,person,yes
plasy:vote-event:2025-05-07-007,plasy:person:hanzlicek-zdenek,person,yes
plasy:vote-event:2025-05-07-007,plasy:person:jezkova-martina,person,yes
plasy:vote-event:2025-05-07-007,plasy:person:kantor-poradkova-eva,person,yes
plasy:vote-event:2025-05-07-007,plasy:person:kornatovsky-ivo,person,yes
plasy:vote-event:2025-05-07-007,plasy:person:kouba-tomas,person,absent
plasy:vote-event:2025-05-07-007,plasy:person:kovarik-petr,person,yes
plasy:vote-event:2025-05-07-007,plasy:person:neuman-petr,person,absent
plasy:vote-event:2025-05-07-007,plasy:person:novotny-jiri,person,absent
plasy:vote-event:2025-05-07-007,plasy:person:palmova-eliska,person,yes
plasy:vote-event:2025-05-07-007,plasy:person:pfeifer-lukas,person,yes
plasy:vote-event:2025-05-07-007,plasy:person:skop-michal,person,yes
plasy:vote-event:2025-05-07-007,plasy:person:tyrpeklova-zdenka,person,yes
plasy:vote-event:2025-05-07-007,plasy:person:urbanova-veronika,person,absent
plasy:vote-event:2025-05-07-008,plasy:person:belbl-emanuel,person,yes
plasy:vote-event:2025-05-07-008,plasy:person:gross-vaclav,person,yes
plasy:vote-event:2025-05-07-008,plasy:person:hanzlicek-zdenek,person,abstain
plasy:vote-event:2025-05-07-008,plasy:person:jezkova-martina,person,yes
plasy:vote-event:2025-05-07-008,plasy:person:kantor-poradkova-eva,person,yes
plasy:vote-event:2025-05-07-008,plasy:person:kornatovsky-ivo,person,yes
plasy:vote-event:2025-05-07-008,plasy:person:kouba-tomas,person,absent
plasy:vote-event:2025-05-07-008,plasy:person:kovarik-petr,person,yes
plasy:vote-event:2025-05-07-008,plasy:person:neuman-petr,person,absent
plasy:vote-event:2025-05-07-008,plasy:person:novotny-jiri,person,absent
plasy:vote-event:2025-05-07-008,plasy:person:palmova-eliska,person,yes
plasy:vote-event:2025-05-07-008,plasy:person:pfeifer-lukas,person,yes
plasy:vote-event:2025-05-07-008,plasy:person:skop-michal,person,yes
plasy:vote-event:2025-05-07-008,plasy:person:tyrpeklova-zdenka,person,abstain
plasy:vote-event:2025-05-07-008,plasy:person:urbanova-veronika,person,absent
plasy:vote-event:2025-05-07-009,plasy:person:belbl-emanuel,person,yes
plasy:vote-event:2025-05-07-009,plasy:person:gross-vaclav,person,yes
plasy:vote-event:2025-05-07-009,plasy:person:hanzlicek-zdenek,person,abstain
plasy:vote-event:2025-05-07-009,plasy:person:jezkova-martina,person,yes
plasy:vote-event:2025-05-07-009,plasy:person:kantor-poradkova-eva,person,yes
plasy:vote-event:2025-05-07-009,plasy:person:kornatovsky-ivo,person,yes
plasy:vote-event:2025-05-07-009,plasy:person:kouba-tomas,person,absent
plasy:vote-event:2025-05-07-009,plasy:person:kovarik-petr,person,yes
plasy:vote-event:2025-05-07-009,plasy:person:neuman-petr,person,absent
plasy:vote-event:2025-05-07-009,plasy:person:novotny-jiri,person,absent
plasy:vote-event:2025-05-07-009,plasy:person:palmova-eliska,person,yes
plasy:vote-event:2025-05-07-009,plasy:person:pfeifer-lukas,person,yes
plasy:vote-event:2025-05-07-009,plasy:person:skop-michal,person,yes
plasy:vote-event:2025-05-07-009,plasy:person:tyrpeklova-zdenka,person,abstain
plasy:vote-event:2025-05-07-009,plasy:person:urbanova-veronika,person,absent
plasy:vote-event:2025-05-07-010,plasy:person:belbl-emanuel,person,yes
plasy:vote-event:2025-05-07-010,plasy:person:gross-vaclav,person,yes
plasy:vote-event:2025-05-07-010,plasy:person:hanzlicek-zdenek,person,abstain
plasy:vote-event:2025-05-07-010,plasy:person:jezkova-martina,person,yes
plasy:vote-event:2025-05-07-010,plasy:person:kantor-poradkova-eva,person,yes
plasy:vote-event:2025-05-07-010,plasy:person:kornatovsky-ivo,person,yes
plasy:vote-event:2025-05-07-010,plasy:person:kouba-tomas,person,absent
plasy:vote-event:2025-05-07-010,plasy:person:kovarik-petr,person,yes
plasy:vote-event:2025-05-07-010,plasy:person:neuman-petr,person,absent
plasy:vote-event:2025-05-07-010,plasy:person:novotny-jiri,person,absent
plasy:vote-event:2025-05-07-010,plasy:person:palmova-eliska,person,yes
plasy:vote-event:2025-05-07-010,plasy:person:pfeifer-lukas,person,yes
plasy:vote-event:2025-05-07-010,plasy:person:skop-michal,person,yes
plasy:vote-event:2025-05-07-010,plasy:person:tyrpeklova-zdenka,person,yes
plasy:vote-event:2025-05-07-010,plasy:person:urbanova-veronika,person,absent
plasy:vote-event:2025-06-18-001,plasy:person:belbl-emanuel,person,yes
plasy:vote-event:2025-06-18-001,plasy:person:gross-vaclav,person,yes
plasy:vote-event:2025-06-18-001,plasy:person:hanzlicek-zdenek,person,yes
plasy:vote-event:2025-06-18-001,plasy:person:jezkova-martina,person,yes
plasy:vote-event:2025-06-18-001,plasy:person:kantor-poradkova-eva,person,yes
plasy:vote-event:2025-06-18-001,plasy:person:kornatovsky-ivo,person,abstain
plasy:vote-event:2025-06-18-001,plasy:person:kouba-tomas,person,absent
plasy:vote-event:2025-06-18-001,plasy:person:kovarik-petr,person,yes
plasy:vote-event:2025-06-18-001,plasy:person:neuman-petr,person,yes
plasy:vote-event:2025-06-18-001,plasy:person:novotny-jiri,person,absent
plasy:vote-event:2025-06-18-001,plasy:person:palmova-eliska,person,yes
plasy:vote-event:2025-06-18-001,plasy:person:pfeifer-lukas,person,yes
plasy:vote-event:2025-06-18-001,plasy:person:skop-michal,person,yes
plasy:vote-event:2025-06-18-001,plasy:person:tyrpeklova-zdenka,person,yes
plasy:vote-event:2025-06-18-001,plasy:person:urbanova-veronika,person,yes
plasy:vote-event:2025-06-18-002,plasy:person:belbl-emanuel,person,abstain
plasy:vote-event:2025-06-18-002,plasy:person:gross-vaclav,person,yes
plasy:vote-event:2025-06-18-002,plasy:person:hanzlicek-zdenek,person,no
plasy:vote-event:2025-06-18-002,plasy:person:jezkova-martina,person,yes
plasy:vote-event:2025-06-18-002,plasy:person:kantor-poradkova-eva,person,yes
plasy:vote-event:2025-06-18-002,plasy:person:kornatovsky-ivo,person,abstain
plasy:vote-event:2025-06-18-002,plasy:person:kouba-tomas,person,absent
plasy:vote-event:2025-06-18-002,plasy:person:kovarik-petr,person,abstain
plasy:vote-event:2025-06-18-002,plasy:person:neuman-petr,person,yes
plasy:vote-event:2025-06-18-002,plasy:person:novotny-jiri,person,absent
plasy:vote-event:2025-06-18-002,plasy:person:palmova-eliska,person,yes
plasy:vote-event:2025-06-18-002,plasy:person:pfeifer-lukas,person,yes
plasy:vote-event:2025-06-18-002,plasy:person:skop-michal,person,yes
plasy:vote-event:2025-06-18-002,plasy:person:tyrpeklova-zdenka,person,abstain
plasy:vote-event:2025-06-18-002,plasy:person:urbanova-veronika,person,yes
plasy:vote-event:2025-06-18-003,plasy:person:belbl-emanuel,person,yes
plasy:vote-event:2025-06-18-003,plasy:person:gross-vaclav,person,yes
plasy:vote-event:2025-06-18-003,plasy:person:hanzlicek-zdenek,person,yes
plasy:vote-event:2025-06-18-003,plasy:person:jezkova-martina,person,yes
plasy:vote-event:2025-06-18-003,plasy:person:kantor-poradkova-eva,person,yes
plasy:vote-event:2025-06-18-003,plasy:person:kornatovsky-ivo,person,yes
plasy:vote-event:2025-06-18-003,plasy:person:kouba-tomas,person,absent
plasy:vote-event:2025-06-18-003,plasy:person:kovarik-petr,person,yes
plasy:vote-event:2025-06-18-003,plasy:person:neuman-petr,person,yes
plasy:vote-event:2025-06-18-003,plasy:person:novotny-jiri,person,absent
plasy:vote-event:2025-06-18-003,plasy:person:palmova-eliska,person,yes
plasy:vote-event:2025-06-18-003,plasy:person:pfeifer-lukas,person,yes
plasy:vote-event:2025-06-18-003,plasy:person:skop-michal,person,yes
plasy:vote-event:2025-06-18-003,plasy:person:tyrpeklova-zdenka,person,yes
plasy:vote-event:2025-06-18-003,plasy:person:urbanova-veronika,person,yes
plasy:vote-event:2025-06-18-004,plasy:person:belbl-emanuel,person,yes
plasy:vote-event:2025-06-18-004,plasy:person:gross-vaclav,person,yes
plasy:vote-event:2025-06-18-004,plasy:person:hanzlicek-zdenek,person,yes
plasy:vote-event:2025-06-18-004,plasy:person:jezkova-martina,person,yes
plasy:vote-event:2025-06-18-004,plasy:person:kantor-poradkova-eva,person,yes
plasy:vote-event:2025-06-18-004,plasy:person:kornatovsky-ivo,person,yes
plasy:vote-event:2025-06-18-004,plasy:person:kouba-tomas,person,absent
plasy:vote-event:2025-06-18-004,plasy:person:kovarik-petr,person,yes
plasy:vote-event:2025-06-18-004,plasy:person:neuman-petr,person,yes
plasy:vote-event:2025-06-18-004,plasy:person:novotny-jiri,person,absent
plasy:vote-event:2025-06-18-004,plasy:person:palmova-eliska,person,yes
plasy:vote-event:2025-06-18-004,plasy:person:pfeifer-lukas,person,yes
plasy:vote-event:2025-06-18-004,plasy:person:skop-michal,person,yes
plasy:vote-event:2025-06-18-004,plasy:person:tyrpeklova-zdenka,person,yes
plasy:vote-event:2025-06-18-004,plasy:person:urbanova-veronika,person,yes
plasy:vote-event:2025-06-18-005,plasy:person:belbl-emanuel,person,yes
plasy:vote-event:2025-06-18-005,plasy:person:gross-vaclav,person,yes
plasy:vote-event:2025-06-18-005,plasy:person:hanzlicek-zdenek,person,yes
plasy:vote-event:2025-06-18-005,plasy:person:jezkova-martina,person,yes
plasy:vote-event:2025-06-18-005,plasy:person:kantor-poradkova-eva,person,yes
plasy:vote-event:2025-06-18-005,plasy:person:kornatovsky-ivo,person,yes
plasy:vote-event:2025-06-18-005,plasy:person:kouba-tomas,person,absent
plasy:vote-event:2025-06-18-005,plasy:person:kovarik-petr,person,yes
plasy:vote-event:2025-06-18-005,plasy:person:neuman-petr,person,yes
plasy:vote-event:2025-06-18-005,plasy:person:novotny-jiri,person,absent
plasy:vote-event:2025-06-18-005,plasy:person:palmova-eliska,person,yes
plasy:vote-event:2025-06-18-005,plasy:person:pfeifer-lukas,person,yes
plasy:vote-event:2025-06-18-005,plasy:person:skop-michal,person,yes
plasy:vote-event:2025-06-18-005,plasy:person:tyrpeklova-zdenka,person,yes
plasy:vote-event:2025-06-18-005,plasy:person:urbanova-veronika,person,yes
plasy:vote-event:2025-06-18-006,plasy:person:belbl-emanuel,person,yes
plasy:vote-event:2025-06-18-006,plasy:person:gross-vaclav,person,yes
plasy:vote-event:2025-06-18-006,plasy:person:hanzlicek-zdenek,person,yes
plasy:vote-event:2025-06-18-006,plasy:person:jezkova-martina,person,yes
plasy:vote-event:2025-06-18-006,plasy:person:kantor-poradkova-eva,person,yes
plasy:vote-event:2025-06-18-006,plasy:person:kornatovsky-ivo,person,yes
plasy:vote-event:2025-06-18-006,plasy:person:kouba-tomas,person,absent
plasy:vote-event:2025-06-18-006,plasy:person:kovarik-petr,person,yes
plasy:vote-event:2025-06-18-006,plasy:person:neuman-petr,person,yes
plasy:vote-event:2025-06-18-006,plasy:person:novotny-jiri,person,absent
plasy:vote-event:2025-06-18-006,plasy:person:palmova-eliska,person,yes
plasy:vote-event:2025-06-18-006,plasy:person:pfeifer-lukas,person,yes
plasy:vote-event:2025-06-18-006,plasy:person:skop-michal,person,yes
plasy:vote-event:2025-06-18-006,plasy:person:tyrpeklova-zdenka,person,yes
plasy:vote-event:2025-06-18-006,plasy:person:urbanova-veronika,person,yes
plasy:vote-event:2025-06-18-007,plasy:person:belbl-emanuel,person,yes
plasy:vote-event:2025-06-18-007,plasy:person:gross-vaclav,person,yes
plasy:vote-event:2025-06-18-007,plasy:person:hanzlicek-zdenek,person,yes
plasy:vote-event:2025-06-18-007,plasy:person:jezkova-martina,person,yes
plasy:vote-event:2025-06-18-007,plasy:person:kantor-poradkova-eva,person,yes
plasy:vote-event:2025-06-18-007,plasy:person:kornatovsky-ivo,person,yes
plasy:vote-event:2025-06-18-007,plasy:person:kouba-tomas,person,absent
plasy:vote-event:2025-06-18-007,plasy:person:kovarik-petr,person,yes
plasy:vote-event:2025-06-18-007,plasy:person:neuman-petr,person,yes
plasy:vote-event:2025-06-18-007,plasy:person:novotny-jiri,person,absent
plasy:vote-event:2025-06-18-007,plasy:person:palmova-eliska,person,yes
plasy:vote-event:2025-06-18-007,plasy:person:pfeifer-lukas,person,yes
plasy:vote-event:2025-06-18-007,plasy:person:skop-michal,person,yes
plasy:vote-event:2025-06-18-007,plasy:person:tyrpeklova-zdenka,person,yes
plasy:vote-event:2025-06-18-007,plasy:person:urbanova-veronika,person,yes
plasy:vote-event:2025-06-18-008,plasy:person:belbl-emanuel,person,yes
plasy:vote-event:2025-06-18-008,plasy:person:gross-vaclav,person,yes
plasy:vote-event:2025-06-18-008,plasy:person:hanzlicek-zdenek,person,yes
plasy:vote-event:2025-06-18-008,plasy:person:jezkova-martina,person,yes
plasy:vote-event:2025-06-18-008,plasy:person:kantor-poradkova-eva,person,yes
plasy:vote-event:2025-06-18-008,plasy:person:kornatovsky-ivo,person,yes
plasy:vote-event:2025-06-18-008,plasy:person:kouba-tomas,person,absent
plasy:vote-event:2025-06-18-008,plasy:person:kovarik-petr,person,yes
plasy:vote-event:2025-06-18-008,plasy:person:neuman-petr,person,yes
plasy:vote-event:2025-06-18-008,plasy:person:novotny-jiri,person,absent
plasy:vote-event:2025-06-18-008,plasy:person:palmova-eliska,person,yes
plasy:vote-event:2025-06-18-008,plasy:person:pfeifer-lukas,person,yes
plasy:vote-event:2025-06-18-008,plasy:person:skop-michal,person,yes
plasy:vote-event:2025-06-18-008,plasy:person:tyrpeklova-zdenka,person,yes
plasy:vote-event:2025-06-18-008,plasy:person:urbanova-veronika,person,yes
plasy:vote-event:2025-06-18-009,plasy:person:belbl-emanuel,person,yes
plasy:vote-event:2025-06-18-009,plasy:person:gross-vaclav,person,yes
plasy:vote-event:2025-06-18-009,plasy:person:hanzlicek-zdenek,person,yes
plasy:vote-event:2025-06-18-009,plasy:person:jezkova-martina,person,yes
plasy:vote-event:2025-06-18-009,plasy:person:kantor-poradkova-eva,person,yes
plasy:vote-event:2025-06-18-009,plasy:person:kornatovsky-ivo,person,yes
plasy:vote-event:2025-06-18-009,plasy:person:kouba-tomas,person,absent
plasy:vote-event:2025-06-18-009,plasy:person:kovarik-petr,person,yes
plasy:vote-event:2025-06-18-009,plasy:person:neuman-petr,person,yes
plasy:vote-event:2025-06-18-009,plasy:person:novotny-jiri,person,absent
plasy:vote-event:2025-06-18-009,plasy:person:palmova-eliska,person,yes
plasy:vote-event:2025-06-18-009,plasy:person:pfeifer-lukas,person,yes
plasy:vote-event:2025-06-18-009,plasy:person:skop-michal,person,yes
plasy:vote-event:2025-06-18-009,plasy:person:tyrpeklova-zdenka,person,yes
plasy:vote-event:2025-06-18-009,plasy:person:urbanova-veronika,person,yes
plasy:vote-event:2025-06-18-010,plasy:person:belbl-emanuel,person,yes
plasy:vote-event:2025-06-18-010,plasy:person:gross-vaclav,person,yes
plasy:vote-event:2025-06-18-010,plasy:person:hanzlicek-zdenek,person,absent
plasy:vote-event:2025-06-18-010,plasy:person:jezkova-martina,person,yes
plasy:vote-event:2025-06-18-010,plasy:person:kantor-poradkova-eva,person,yes
plasy:vote-event:2025-06-18-010,plasy:person:kornatovsky-ivo,person,yes
plasy:vote-event:2025-06-18-010,plasy:person:kouba-tomas,person,absent
plasy:vote-event:2025-06-18-010,plasy:person:kovarik-petr,person,yes
plasy:vote-event:2025-06-18-010,plasy:person:neuman-petr,person,yes
plasy:vote-event:2025-06-18-010,plasy:person:novotny-jiri,person,absent
plasy:vote-event:2025-06-18-010,plasy:person:palmova-eliska,person,yes
plasy:vote-event:2025-06-18-010,plasy:person:pfeifer-lukas,person,yes
plasy:vote-event:2025-06-18-010,plasy:person:skop-michal,person,yes
plasy:vote-event:2025-06-18-010,plasy:person:tyrpeklova-zdenka,person,yes
plasy:vote-event:2025-06-18-010,plasy:person:urbanova-veronika,person,yes
plasy:vote-event:2025-06-18-011,plasy:person:belbl-emanuel,person,yes
plasy:vote-event:2025-06-18-011,plasy:person:gross-vaclav,person,yes
plasy:vote-event:2025-06-18-011,plasy:person:hanzlicek-zdenek,person,absent
plasy:vote-event:2025-06-18-011,plasy:person:jezkova-martina,person,yes
plasy:vote-event:2025-06-18-011,plasy:person:kantor-poradkova-eva,person,yes
plasy:vote-event:2025-06-18-011,plasy:person:kornatovsky-ivo,person,yes
plasy:vote-event:2025-06-18-011,plasy:person:kouba-tomas,person,absent
plasy:vote-event:2025-06-18-011,plasy:person:kovarik-petr,person,yes
plasy:vote-event:2025-06-18-011,plasy:person:neuman-petr,person,yes
plasy:vote-event:2025-06-18-011,plasy:person:novotny-jiri,person,absent
plasy:vote-event:2025-06-18-011,plasy:person:palmova-eliska,person,yes
plasy:vote-event:2025-06-18-011,plasy:person:pfeifer-lukas,person,yes
plasy:vote-event:2025-06-18-011,plasy:person:skop-michal,person,yes
plasy:vote-event:2025-06-18-011,plasy:person:tyrpeklova-zdenka,person,yes
plasy:vote-event:2025-06-18-011,plasy:person:urbanova-veronika,person,yes
plasy:vote-event:2025-06-18-012,plasy:person:belbl-emanuel,person,yes
plasy:vote-event:2025-06-18-012,plasy:person:gross-vaclav,person,yes
plasy:vote-event:2025-06-18-012,plasy:person:hanzlicek-zdenek,person,absent
plasy:vote-event:2025-06-18-012,plasy:person:jezkova-martina,person,yes
plasy:vote-event:2025-06-18-012,plasy:person:kantor-poradkova-eva,person,yes
plasy:vote-event:2025-06-18-012,plasy:person:kornatovsky-ivo,person,yes
plasy:vote-event:2025-06-18-012,plasy:person:kouba-tomas,person,absent
plasy:vote-event:2025-06-18-012,plasy:person:kovarik-petr,person,yes
plasy:vote-event:2025-06-18-012,plasy:person:neuman-petr,person,yes
plasy:vote-event:2025-06-18-012,plasy:person:novotny-jiri,person,absent
plasy:vote-event:2025-06-18-012,plasy:person:palmova-eliska,person,yes
plasy:vote-event:2025-06-18-012,plasy:person:pfeifer-lukas,person,yes
plasy:vote-event:2025-06-18-012,plasy:person:skop-michal,person,yes
plasy:vote-event:2025-06-18-012,plasy:person:tyrpeklova-zdenka,person,yes
plasy:vote-event:2025-06-18-012,plasy:person:urbanova-veronika,person,yes
plasy:vote-event:2025-06-18-013,plasy:person:belbl-emanuel,person,yes
plasy:vote-event:2025-06-18-013,plasy:person:gross-vaclav,person,yes
plasy:vote-event:2025-06-18-013,plasy:person:hanzlicek-zdenek,person,absent
plasy:vote-event:2025-06-18-013,plasy:person:jezkova-martina,person,yes
plasy:vote-event:2025-06-18-013,plasy:person:kantor-poradkova-eva,person,yes
plasy:vote-event:2025-06-18-013,plasy:person:kornatovsky-ivo,person,yes
plasy:vote-event:2025-06-18-013,plasy:person:kouba-tomas,person,absent
plasy:vote-event:2025-06-18-013,plasy:person:kovarik-petr,person,yes
plasy:vote-event:2025-06-18-013,plasy:person:neuman-petr,person,yes
plasy:vote-event:2025-06-18-013,plasy:person:novotny-jiri,person,absent
plasy:vote-event:2025-06-18-013,plasy:person:palmova-eliska,person,yes
plasy:vote-event:2025-06-18-013,plasy:person:pfeifer-lukas,person,yes
plasy:vote-event:2025-06-18-013,plasy:person:skop-michal,person,yes
plasy:vote-event:2025-06-18-013,plasy:person:tyrpeklova-zdenka,person,yes
plasy:vote-event:2025-06-18-013,plasy:person:urbanova-veronika,person,yes
plasy:vote-event:2025-06-18-014,plasy:person:belbl-emanuel,person,yes
plasy:vote-event:2025-06-18-014,plasy:person:gross-vaclav,person,yes
plasy:vote-event:2025-06-18-014,plasy:person:hanzlicek-zdenek,person,absent
plasy:vote-event:2025-06-18-014,plasy:person:jezkova-martina,person,yes
plasy:vote-event:2025-06-18-014,plasy:person:kantor-poradkova-eva,person,yes
plasy:vote-event:2025-06-18-014,plasy:person:kornatovsky-ivo,person,yes
plasy:vote-event:2025-06-18-014,plasy:person:kouba-tomas,person,absent
plasy:vote-event:2025-06-18-014,plasy:person:kovarik-petr,person,yes
plasy:vote-event:2025-06-18-014,plasy:person:neuman-petr,person,yes
plasy:vote-event:2025-06-18-014,plasy:person:novotny-jiri,person,absent
plasy:vote-event:2025-06-18-014,plasy:person:palmova-eliska,person,yes
plasy:vote-event:2025-06-18-014,plasy:person:pfeifer-lukas,person,yes
plasy:vote-event:2025-06-18-014,plasy:person:skop-michal,person,yes
plasy:vote-event:2025-06-18-014,plasy:person:tyrpeklova-zdenka,person,yes
plasy:vote-event:2025-06-18-014,plasy:person:urbanova-veronika,person,yes
plasy:vote-event:2025-06-18-015,plasy:person:belbl-emanuel,person,abstain
plasy:vote-event:2025-06-18-015,plasy:person:gross-vaclav,person,yes
plasy:vote-event:2025-06-18-015,plasy:person:hanzlicek-zdenek,person,absent
plasy:vote-event:2025-06-18-015,plasy:person:jezkova-martina,person,yes
plasy:vote-event:2025-06-18-015,plasy:person:kantor-poradkova-eva,person,yes
plasy:vote-event:2025-06-18-015,plasy:person:kornatovsky-ivo,person,abstain
plasy:vote-event:2025-06-18-015,plasy:person:kouba-tomas,person,absent
plasy:vote-event:2025-06-18-015,plasy:person:kovarik-petr,person,abstain
plasy:vote-event:2025-06-18-015,plasy:person:neuman-petr,person,yes
plasy:vote-event:2025-06-18-015,plasy:person:novotny-jiri,person,absent
plasy:vote-event:2025-06-18-015,plasy:person:palmova-eliska,person,yes
plasy:vote-event:2025-06-18-015,plasy:person:pfeifer-lukas,person,yes
plasy:vote-event:2025-06-18-015,plasy:person:skop-michal,person,yes
plasy:vote-event:2025-06-18-015,plasy:person:tyrpeklova-zdenka,person,abstain
plasy:vote-event:2025-06-18-015,plasy:person:urbanova-veronika,person,yes
plasy:vote-event:2025-06-18-016,plasy:person:belbl-emanuel,person,abstain
plasy:vote-event:2025-06-18-016,plasy:person:gross-vaclav,person,yes
plasy:vote-event:2025-06-18-016,plasy:person:hanzlicek-zdenek,person,absent
plasy:vote-event:2025-06-18-016,plasy:person:jezkova-martina,person,yes
plasy:vote-event:2025-06-18-016,plasy:person:kantor-poradkova-eva,person,yes
plasy:vote-event:2025-06-18-016,plasy:person:kornatovsky-ivo,person,abstain
plasy:vote-event:2025-06-18-016,plasy:person:kouba-tomas,person,absent
plasy:vote-event:2025-06-18-016,plasy:person:kovarik-petr,person,abstain
plasy:vote-event:2025-06-18-016,plasy:person:neuman-petr,person,yes
plasy:vote-event:2025-06-18-016,plasy:person:novotny-jiri,person,absent
plasy:vote-event:2025-06-18-016,plasy:person:palmova-eliska,person,yes
plasy:vote-event:2025-06-18-016,plasy:person:pfeifer-lukas,person,yes
plasy:vote-event:2025-06-18-016,plasy:person:skop-michal,person,yes
plasy:vote-event:2025-06-18-016,plasy:person:tyrpeklova-zdenka,person,abstain
plasy:vote-event:2025-06-18-016,plasy:person:urbanova-veronika,person,yes
plasy:vote-event:2025-09-17-001,plasy:person:belbl-emanuel,person,absent
plasy:vote-event:2025-09-17-001,plasy:person:gross-vaclav,person,yes
plasy:vote-event:2025-09-17-001,plasy:person:hanzlicek-zdenek,person,yes
plasy:vote-event:2025-09-17-001,plasy:person:jezkova-martina,person,yes
plasy:vote-event:2025-09-17-001,plasy:person:kantor-poradkova-eva,person,yes
plasy:vote-event:2025-09-17-001,plasy:person:kornatovsky-ivo,person,yes
plasy:vote-event:2025-09-17-001,plasy:person:kouba-tomas,person,yes
plasy:vote-event:2025-09-17-001,plasy:person:kovarik-petr,person,yes
plasy:vote-event:2025-09-17-001,plasy:person:neuman-petr,person,yes
plasy:vote-event:2025-09-17-001,plasy:person:novotny-jiri,person,yes
plasy:vote-event:2025-09-17-001,plasy:person:palmova-eliska,person,yes
plasy:vote-event:2025-09-17-001,plasy:person:pfeifer-lukas,person,yes
plasy:vote-event:2025-09-17-001,plasy:person:skop-michal,person,yes
plasy:vote-event:2025-09-17-001,plasy:person:tyrpeklova-zdenka,person,yes
plasy:vote-event:2025-09-17-001,plasy:person:urbanova-veronika,person,yes
plasy:vote-event:2025-09-17-002,plasy:person:belbl-emanuel,person,absent
plasy:vote-event:2025-09-17-002,plasy:person:gross-vaclav,person,yes
plasy:vote-event:2025-09-17-002,plasy:person:hanzlicek-zdenek,person,yes
plasy:vote-event:2025-09-17-002,plasy:person:jezkova-martina,person,yes
plasy:vote-event:2025-09-17-002,plasy:person:kantor-poradkova-eva,person,yes
plasy:vote-event:2025-09-17-002,plasy:person:kornatovsky-ivo,person,yes
plasy:vote-event:2025-09-17-002,plasy:person:kouba-tomas,person,yes
plasy:vote-event:2025-09-17-002,plasy:person:kovarik-petr,person,yes
plasy:vote-event:2025-09-17-002,plasy:person:neuman-petr,person,yes
plasy:vote-event:2025-09-17-002,plasy:person:novotny-jiri,person,yes
plasy:vote-event:2025-09-17-002,plasy:person:palmova-eliska,person,yes
plasy:vote-event:2025-09-17-002,plasy:person:pfeifer-lukas,person,yes
plasy:vote-event:2025-09-17-002,plasy:person:skop-michal,person,yes
plasy:vote-event:2025-09-17-002,plasy:person:tyrpeklova-zdenka,person,yes
plasy:vote-event:2025-09-17-002,plasy:person:urbanova-veronika,person,yes
plasy:vote-event:2025-09-17-003,plasy:person:belbl-emanuel,person,absent
plasy:vote-event:2025-09-17-003,plasy:person:gross-vaclav,person,yes
plasy:vote-event:2025-09-17-003,plasy:person:hanzlicek-zdenek,person,yes
plasy:vote-event:2025-09-17-003,plasy:person:jezkova-martina,person,yes
plasy:vote-event:2025-09-17-003,plasy:person:kantor-poradkova-eva,person,yes
plasy:vote-event:2025-09-17-003,plasy:person:kornatovsky-ivo,person,yes
plasy:vote-event:2025-09-17-003,plasy:person:kouba-tomas,person,yes
plasy:vote-event:2025-09-17-003,plasy:person:kovarik-petr,person,yes
plasy:vote-event:2025-09-17-003,plasy:person:neuman-petr,person,yes
plasy:vote-event:2025-09-17-003,plasy:person:novotny-jiri,person,yes
plasy:vote-event:2025-09-17-003,plasy:person:palmova-eliska,person,yes
plasy:vote-event:2025-09-17-003,plasy:person:pfeifer-lukas,person,yes
plasy:vote-event:2025-09-17-003,plasy:person:skop-michal,person,yes
plasy:vote-event:2025-09-17-003,plasy:person:tyrpeklova-zdenka,person,yes
plasy:vote-event:2025-09-17-003,plasy:person:urbanova-veronika,person,yes
plasy:vote-event:2025-09-17-004,plasy:person:belbl-emanuel,person,absent
plasy:vote-event:2025-09-17-004,plasy:person:gross-vaclav,person,yes
plasy:vote-event:2025-09-17-004,plasy:person:hanzlicek-zdenek,person,yes
plasy:vote-event:2025-09-17-004,plasy:person:jezkova-martina,person,yes
plasy:vote-event:2025-09-17-004,plasy:person:kantor-poradkova-eva,person,yes
plasy:vote-event:2025-09-17-004,plasy:person:kornatovsky-ivo,person,yes
plasy:vote-event:2025-09-17-004,plasy:person:kouba-tomas,person,yes
plasy:vote-event:2025-09-17-004,plasy:person:kovarik-petr,person,yes
plasy:vote-event:2025-09-17-004,plasy:person:neuman-petr,person,yes
plasy:vote-event:2025-09-17-004,plasy:person:novotny-jiri,person,yes
plasy:vote-event:2025-09-17-004,plasy:person:palmova-eliska,person,yes
plasy:vote-event:2025-09-17-004,plasy:person:pfeifer-lukas,person,yes
plasy:vote-event:2025-09-17-004,plasy:person:skop-michal,person,yes
plasy:vote-event:2025-09-17-004,plasy:person:tyrpeklova-zdenka,person,yes
plasy:vote-event:2025-09-17-004,plasy:person:urbanova-veronika,person,yes
plasy:vote-event:2025-09-17-005,plasy:person:belbl-emanuel,person,absent
plasy:vote-event:2025-09-17-005,plasy:person:gross-vaclav,person,yes
plasy:vote-event:2025-09-17-005,plasy:person:hanzlicek-zdenek,person,yes
plasy:vote-event:2025-09-17-005,plasy:person:jezkova-martina,person,yes
plasy:vote-event:2025-09-17-005,plasy:person:kantor-poradkova-eva,person,yes
plasy:vote-event:2025-09-17-005,plasy:person:kornatovsky-ivo,person,yes
plasy:vote-event:2025-09-17-005,plasy:person:kouba-tomas,person,yes
plasy:vote-event:2025-09-17-005,plasy:person:kovarik-petr,person,yes
plasy:vote-event:2025-09-17-005,plasy:person:neuman-petr,person,yes
plasy:vote-event:2025-09-17-005,plasy:person:novotny-jiri,person,yes
plasy:vote-event:2025-09-17-005,plasy:person:palmova-eliska,person,yes
plasy:vote-event:2025-09-17-005,plasy:person:pfeifer-lukas,person,yes
plasy:vote-event:2025-09-17-005,plasy:person:skop-michal,person,yes
plasy:vote-event:2025-09-17-005,plasy:person:tyrpeklova-zdenka,person,yes
plasy:vote-event:2025-09-17-005,plasy:person:urbanova-veronika,person,yes
plasy:vote-event:2025-09-17-006,plasy:person:belbl-emanuel,person,absent
plasy:vote-event:2025-09-17-006,plasy:person:gross-vaclav,person,yes
plasy:vote-event:2025-09-17-006,plasy:person:hanzlicek-zdenek,person,yes
plasy:vote-event:2025-09-17-006,plasy:person:jezkova-martina,person,yes
plasy:vote-event:2025-09-17-006,plasy:person:kantor-poradkova-eva,person,yes
plasy:vote-event:2025-09-17-006,plasy:person:kornatovsky-ivo,person,yes
plasy:vote-event:2025-09-17-006,plasy:person:kouba-tomas,person,yes
plasy:vote-event:2025-09-17-006,plasy:person:kovarik-petr,person,yes
plasy:vote-event:2025-09-17-006,plasy:person:neuman-petr,person,yes
plasy:vote-event:2025-09-17-006,plasy:person:novotny-jiri,person,yes
plasy:vote-event:2025-09-17-006,plasy:person:palmova-eliska,person,yes
plasy:vote-event:2025-09-17-006,plasy:person:pfeifer-lukas,person,yes
plasy:vote-event:2025-09-17-006,plasy:person:skop-michal,person,yes
plasy:vote-event:2025-09-17-006,plasy:person:tyrpeklova-zdenka,person,yes
plasy:vote-event:2025-09-17-006,plasy:person:urbanova-veronika,person,yes
plasy:vote-event:2025-09-17-007,plasy:person:belbl-emanuel,person,absent
plasy:vote-event:2025-09-17-007,plasy:person:gross-vaclav,person,yes
plasy:vote-event:2025-09-17-007,plasy:person:hanzlicek-zdenek,person,yes
plasy:vote-event:2025-09-17-007,plasy:person:jezkova-martina,person,yes
plasy:vote-event:2025-09-17-007,plasy:person:kantor-poradkova-eva,person,yes
plasy:vote-event:2025-09-17-007,plasy:person:kornatovsky-ivo,person,yes
plasy:vote-event:2025-09-17-007,plasy:person:kouba-tomas,person,yes
plasy:vote-event:2025-09-17-007,plasy:person:kovarik-petr,person,yes
plasy:vote-event:2025-09-17-007,plasy:person:neuman-petr,person,yes
plasy:vote-event:2025-09-17-007,plasy:person:novotny-jiri,person,yes
plasy:vote-event:2025-09-17-007,plasy:person:palmova-eliska,person,yes
plasy:vote-event:2025-09-17-007,plasy:person:pfeifer-lukas,person,yes
plasy:vote-event:2025-09-17-007,plasy:person:skop-michal,person,yes
plasy:vote-event:2025-09-17-007,plasy:person:tyrpeklova-zdenka,person,yes
plasy:vote-event:2025-09-17-007,plasy:person:urbanova-veronika,person,yes
plasy:vote-event:2025-09-17-008,plasy:person:belbl-emanuel,person,absent
plasy:vote-event:2025-09-17-008,plasy:person:gross-vaclav,person,yes
plasy:vote-event:2025-09-17-008,plasy:person:hanzlicek-zdenek,person,yes
plasy:vote-event:2025-09-17-008,plasy:person:jezkova-martina,person,yes
plasy:vote-event:2025-09-17-008,plasy:person:kantor-poradkova-eva,person,yes
plasy:vote-event:2025-09-17-008,plasy:person:kornatovsky-ivo,person,yes
plasy:vote-event:2025-09-17-008,plasy:person:kouba-tomas,person,yes
plasy:vote-event:2025-09-17-008,plasy:person:kovarik-petr,person,yes
plasy:vote-event:2025-09-17-008,plasy:person:neuman-petr,person,yes
plasy:vote-event:2025-09-17-008,plasy:person:novotny-jiri,person,yes
plasy:vote-event:2025-09-17-008,plasy:person:palmova-eliska,person,yes
plasy:vote-event:2025-09-17-008,plasy:person:pfeifer-lukas,person,yes
plasy:vote-event:2025-09-17-008,plasy:person:skop-michal,person,yes
plasy:vote-event:2025-09-17-008,plasy:person:tyrpeklova-zdenka,person,yes
plasy:vote-event:2025-09-17-008,plasy:person:urbanova-veronika,person,yes
plasy:vote-event:2025-09-17-009,plasy:person:belbl-emanuel,person,absent
plasy:vote-event:2025-09-17-009,plasy:person:gross-vaclav,person,yes
plasy:vote-event:2025-09-17-009,plasy:person:hanzlicek-zdenek,person,yes
plasy:vote-event:2025-09-17-009,plasy:person:jezkova-martina,person,yes
plasy:vote-event:2025-09-17-009,plasy:person:kantor-poradkova-eva,person,yes
plasy:vote-event:2025-09-17-009,plasy:person:kornatovsky-ivo,person,yes
plasy:vote-event:2025-09-17-009,plasy:person:kouba-tomas,person,yes
plasy:vote-event:2025-09-17-009,plasy:person:kovarik-petr,person,yes
plasy:vote-event:2025-09-17-009,plasy:person:neuman-petr,person,yes
plasy:vote-event:2025-09-17-009,plasy:person:novotny-jiri,person,yes
plasy:vote-event:2025-09-17-009,plasy:person:palmova-eliska,person,yes
plasy:vote-event:2025-09-17-009,plasy:person:pfeifer-lukas,person,yes
plasy:vote-event:2025-09-17-009,plasy:person:skop-michal,person,yes
plasy:vote-event:2025-09-17-009,plasy:person:tyrpeklova-zdenka,person,yes
plasy:vote-event:2025-09-17-009,plasy:person:urbanova-veronika,person,yes
plasy:vote-event:2025-09-17-010,plasy:person:belbl-emanuel,person,absent
plasy:vote-event:2025-09-17-010,plasy:person:gross-vaclav,person,yes
plasy:vote-event:2025-09-17-010,plasy:person:hanzlicek-zdenek,person,yes
plasy:vote-event:2025-09-17-010,plasy:person:jezkova-martina,person,yes
plasy:vote-event:2025-09-17-010,plasy:person:kantor-poradkova-eva,person,yes
plasy:vote-event:2025-09-17-010,plasy:person:kornatovsky-ivo,person,yes
plasy:vote-event:2025-09-17-010,plasy:person:kouba-tomas,person,yes
plasy:vote-event:2025-09-17-010,plasy:person:kovarik-petr,person,yes
plasy:vote-event:2025-09-17-010,plasy:person:neuman-petr,person,yes
plasy:vote-event:2025-09-17-010,plasy:person:novotny-jiri,person,yes
plasy:vote-event:2025-09-17-010,plasy:person:palmova-eliska,person,yes
plasy:vote-event:2025-09-17-010,plasy:person:pfeifer-lukas,person,yes
plasy:vote-event:2025-09-17-010,plasy:person:skop-michal,person,yes
plasy:vote-event:2025-09-17-010,plasy:person:tyrpeklova-zdenka,person,yes
plasy:vote-event:2025-09-17-010,plasy:person:urbanova-veronika,person,yes
plasy:vote-event:2025-09-17-011,plasy:person:belbl-emanuel,person,absent
plasy:vote-event:2025-09-17-011,plasy:person:gross-vaclav,person,yes
plasy:vote-event:2025-09-17-011,plasy:person:hanzlicek-zdenek,person,yes
plasy:vote-event:2025-09-17-011,plasy:person:jezkova-martina,person,yes
plasy:vote-event:2025-09-17-011,plasy:person:kantor-poradkova-eva,person,yes
plasy:vote-event:2025-09-17-011,plasy:person:kornatovsky-ivo,person,yes
plasy:vote-event:2025-09-17-011,plasy:person:kouba-tomas,person,yes
plasy:vote-event:2025-09-17-011,plasy:person:kovarik-petr,person,yes
plasy:vote-event:2025-09-17-011,plasy:person:neuman-petr,person,yes
plasy:vote-event:2025-09-17-011,plasy:person:novotny-jiri,person,yes
plasy:vote-event:2025-09-17-011,plasy:person:palmova-eliska,person,yes
plasy:vote-event:2025-09-17-011,plasy:person:pfeifer-lukas,person,yes
plasy:vote-event:2025-09-17-011,plasy:person:skop-michal,person,yes
plasy:vote-event:2025-09-17-011,plasy:person:tyrpeklova-zdenka,person,yes
plasy:vote-event:2025-09-17-011,plasy:person:urbanova-veronika,person,yes
plasy:vote-event:2025-09-17-012,plasy:person:belbl-emanuel,person,absent
plasy:vote-event:2025-09-17-012,plasy:person:gross-vaclav,person,yes
plasy:vote-event:2025-09-17-012,plasy:person:hanzlicek-zdenek,person,yes
plasy:vote-event:2025-09-17-012,plasy:person:jezkova-martina,person,yes
plasy:vote-event:2025-09-17-012,plasy:person:kantor-poradkova-eva,person,yes
plasy:vote-event:2025-09-17-012,plasy:person:kornatovsky-ivo,person,yes
plasy:vote-event:2025-09-17-012,plasy:person:kouba-tomas,person,yes
plasy:vote-event:2025-09-17-012,plasy:person:kovarik-petr,person,yes
plasy:vote-event:2025-09-17-012,plasy:person:neuman-petr,person,yes
plasy:vote-event:2025-09-17-012,plasy:person:novotny-jiri,person,yes
plasy:vote-event:2025-09-17-012,plasy:person:palmova-eliska,person,yes
plasy:vote-event:2025-09-17-012,plasy:person:pfeifer-lukas,person,yes
plasy:vote-event:2025-09-17-012,plasy:person:skop-michal,person,yes
plasy:vote-event:2025-09-17-012,plasy:person:tyrpeklova-zdenka,person,yes
plasy:vote-event:2025-09-17-012,plasy:person:urbanova-veronika,person,yes
plasy:vote-event:2025-09-17-013,plasy:person:belbl-emanuel,person,absent
plasy:vote-event:2025-09-17-013,plasy:person:gross-vaclav,person,yes
plasy:vote-event:2025-09-17-013,plasy:person:hanzlicek-zdenek,person,yes
plasy:vote-event:2025-09-17-013,plasy:person:jezkova-martina,person,yes
plasy:vote-event:2025-09-17-013,plasy:person:kantor-poradkova-eva,person,yes
plasy:vote-event:2025-09-17-013,plasy:person:kornatovsky-ivo,person,yes
plasy:vote-event:2025-09-17-013,plasy:person:kouba-tomas,person,yes
plasy:vote-event:2025-09-17-013,plasy:person:kovarik-petr,person,yes
plasy:vote-event:2025-09-17-013,plasy:person:neuman-petr,person,yes
plasy:vote-event:2025-09-17-013,plasy:person:novotny-jiri,person,yes
plasy:vote-event:2025-09-17-013,plasy:person:palmova-eliska,person,yes
plasy:vote-event:2025-09-17-013,plasy:person:pfeifer-lukas,person,yes
plasy:vote-event:2025-09-17-013,plasy:person:skop-michal,person,yes
plasy:vote-event:2025-09-17-013,plasy:person:tyrpeklova-zdenka,person,yes
plasy:vote-event:2025-09-17-013,plasy:person:urbanova-veronika,person,yes
plasy:vote-event:2025-09-17-014,plasy:person:belbl-emanuel,person,absent
plasy:vote-event:2025-09-17-014,plasy:person:gross-vaclav,person,yes
plasy:vote-event:2025-09-17-014,plasy:person:hanzlicek-zdenek,person,yes
plasy:vote-event:2025-09-17-014,plasy:person:jezkova-martina,person,yes
plasy:vote-event:2025-09-17-014,plasy:person:kantor-poradkova-eva,person,yes
plasy:vote-event:2025-09-17-014,plasy:person:kornatovsky-ivo,person,yes
plasy:vote-event:2025-09-17-014,plasy:person:kouba-tomas,person,yes
plasy:vote-event:2025-09-17-014,plasy:person:kovarik-petr,person,yes
plasy:vote-event:2025-09-17-014,plasy:person:neuman-petr,person,yes
plasy:vote-event:2025-09-17-014,plasy:person:novotny-jiri,person,yes
plasy:vote-event:2025-09-17-014,plasy:person:palmova-eliska,person,yes
plasy:vote-event:2025-09-17-014,plasy:person:pfeifer-lukas,person,yes
plasy:vote-event:2025-09-17-014,plasy:person:skop-michal,person,yes
plasy:vote-event:2025-09-17-014,plasy:person:tyrpeklova-zdenka,person,yes
plasy:vote-event:2025-09-17-014,plasy:person:urbanova-veronika,person,yes
plasy:vote-event:2025-09-17-015,plasy:person:belbl-emanuel,person,absent
plasy:vote-event:2025-09-17-015,plasy:person:gross-vaclav,person,yes
plasy:vote-event:2025-09-17-015,plasy:person:hanzlicek-zdenek,person,yes
plasy:vote-event:2025-09-17-015,plasy:person:jezkova-martina,person,yes
plasy:vote-event:2025-09-17-015,plasy:person:kantor-poradkova-eva,person,yes
plasy:vote-event:2025-09-17-015,plasy:person:kornatovsky-ivo,person,yes
plasy:vote-event:2025-09-17-015,plasy:person:kouba-tomas,person,yes
plasy:vote-event:2025-09-17-015,plasy:person:kovarik-petr,person,yes
plasy:vote-event:2025-09-17-015,plasy:person:neuman-petr,person,yes
plasy:vote-event:2025-09-17-015,plasy:person:novotny-jiri,person,yes
plasy:vote-event:2025-09-17-015,plasy:person:palmova-eliska,person,yes
plasy:vote-event:2025-09-17-015,plasy:person:pfeifer-lukas,person,yes
plasy:vote-event:2025-09-17-015,plasy:person:skop-michal,person,yes
plasy:vote-event:2025-09-17-015,plasy:person:tyrpeklova-zdenka,person,yes
plasy:vote-event:2025-09-17-015,plasy:person:urbanova-veronika,person,yes
plasy:vote-event:2025-12-10-001,plasy:person:belbl-emanuel,person,yes
plasy:vote-event:2025-12-10-001,plasy:person:gross-vaclav,person,yes
plasy:vote-event:2025-12-10-001,plasy:person:hanzlicek-zdenek,person,absent
plasy:vote-event:2025-12-10-001,plasy:person:jezkova-martina,person,yes
plasy:vote-event:2025-12-10-001,plasy:person:kantor-poradkova-eva,person,yes
plasy:vote-event:2025-12-10-001,plasy:person:kornatovsky-ivo,person,yes
plasy:vote-event:2025-12-10-001,plasy:person:kouba-tomas,person,yes
plasy:vote-event:2025-12-10-001,plasy:person:kovarik-petr,person,yes
plasy:vote-event:2025-12-10-001,plasy:person:neuman-petr,person,yes
plasy:vote-event:2025-12-10-001,plasy:person:novotny-jiri,person,yes
plasy:vote-event:2025-12-10-001,plasy:person:palmova-eliska,person,yes
plasy:vote-event:2025-12-10-001,plasy:person:pfeifer-lukas,person,yes
plasy:vote-event:2025-12-10-001,plasy:person:skop-michal,person,yes
plasy:vote-event:2025-12-10-001,plasy:person:tyrpeklova-zdenka,person,yes
plasy:vote-event:2025-12-10-001,plasy:person:urbanova-veronika,person,yes
plasy:vote-event:2025-12-10-002,plasy:person:belbl-emanuel,person,yes
plasy:vote-event:2025-12-10-002,plasy:person:gross-vaclav,person,yes
plasy:vote-event:2025-12-10-002,plasy:person:hanzlicek-zdenek,person,absent
plasy:vote-event:2025-12-10-002,plasy:person:jezkova-martina,person,yes
plasy:vote-event:2025-12-10-002,plasy:person:kantor-poradkova-eva,person,yes
plasy:vote-event:2025-12-10-002,plasy:person:kornatovsky-ivo,person,yes
plasy:vote-event:2025-12-10-002,plasy:person:kouba-tomas,person,yes
plasy:vote-event:2025-12-10-002,plasy:person:kovarik-petr,person,yes
plasy:vote-event:2025-12-10-002,plasy:person:neuman-petr,person,yes
plasy:vote-event:2025-12-10-002,plasy:person:novotny-jiri,person,yes
plasy:vote-event:2025-12-10-002,plasy:person:palmova-eliska,person,yes
plasy:vote-event:2025-12-10-002,plasy:person:pfeifer-lukas,person,yes
plasy:vote-event:2025-12-10-002,plasy:person:skop-michal,person,yes
plasy:vote-event:2025-12-10-002,plasy:person:tyrpeklova-zdenka,person,yes
plasy:vote-event:2025-12-10-002,plasy:person:urbanova-veronika,person,yes
plasy:vote-event:2025-12-10-003,plasy:person:belbl-emanuel,person,abstain
plasy:vote-event:2025-12-10-003,plasy:person:gross-vaclav,person,yes
plasy:vote-event:2025-12-10-003,plasy:person:hanzlicek-zdenek,person,absent
plasy:vote-event:2025-12-10-003,plasy:person:jezkova-martina,person,yes
plasy:vote-event:2025-12-10-003,plasy:person:kantor-poradkova-eva,person,yes
plasy:vote-event:2025-12-10-003,plasy:person:kornatovsky-ivo,person,abstain
plasy:vote-event:2025-12-10-003,plasy:person:kouba-tomas,person,no
plasy:vote-event:2025-12-10-003,plasy:person:kovarik-petr,person,abstain
plasy:vote-event:2025-12-10-003,plasy:person:neuman-petr,person,abstain
plasy:vote-event:2025-12-10-003,plasy:person:novotny-jiri,person,yes
plasy:vote-event:2025-12-10-003,plasy:person:palmova-eliska,person,yes
plasy:vote-event:2025-12-10-003,plasy:person:pfeifer-lukas,person,yes
plasy:vote-event:2025-12-10-003,plasy:person:skop-michal,person,yes
plasy:vote-event:2025-12-10-003,plasy:person:tyrpeklova-zdenka,person,abstain
plasy:vote-event:2025-12-10-003,plasy:person:urbanova-veronika,person,yes
plasy:vote-event:2025-12-10-004,plasy:person:belbl-emanuel,person,no
plasy:vote-event:2025-12-10-004,plasy:person:gross-vaclav,person,yes
plasy:vote-event:2025-12-10-004,plasy:person:hanzlicek-zdenek,person,absent
plasy:vote-event:2025-12-10-004,plasy:person:jezkova-martina,person,yes
plasy:vote-event:2025-12-10-004,plasy:person:kantor-poradkova-eva,person,yes
plasy:vote-event:2025-12-10-004,plasy:person:kornatovsky-ivo,person,no
plasy:vote-event:2025-12-10-004,plasy:person:kouba-tomas,person,no
plasy:vote-event:2025-12-10-004,plasy:person:kovarik-petr,person,no
plasy:vote-event:2025-12-10-004,plasy:person:neuman-petr,person,abstain
plasy:vote-event:2025-12-10-004,plasy:person:novotny-jiri,person,no
plasy:vote-event:2025-12-10-004,plasy:person:palmova-eliska,person,yes
plasy:vote-event:2025-12-10-004,plasy:person:pfeifer-lukas,person,no
plasy:vote-event:2025-12-10-004,plasy:person:skop-michal,person,abstain
plasy:vote-event:2025-12-10-004,plasy:person:tyrpeklova-zdenka,person,no
plasy:vote-event:2025-12-10-004,plasy:person:urbanova-veronika,person,yes
plasy:vote-event:2025-12-10-005,plasy:person:belbl-emanuel,person,yes
plasy:vote-event:2025-12-10-005,plasy:person:gross-vaclav,person,yes
plasy:vote-event:2025-12-10-005,plasy:person:hanzlicek-zdenek,person,absent
plasy:vote-event:2025-12-10-005,plasy:person:jezkova-martina,person,yes
plasy:vote-event:2025-12-10-005,plasy:person:kantor-poradkova-eva,person,yes
plasy:vote-event:2025-12-10-005,plasy:person:kornatovsky-ivo,person,yes
plasy:vote-event:2025-12-10-005,plasy:person:kouba-tomas,person,yes
plasy:vote-event:2025-12-10-005,plasy:person:kovarik-petr,person,yes
plasy:vote-event:2025-12-10-005,plasy:person:neuman-petr,person,yes
plasy:vote-event:2025-12-10-005,plasy:person:novotny-jiri,person,yes
plasy:vote-event:2025-12-10-005,plasy:person:palmova-eliska,person,yes
plasy:vote-event:2025-12-10-005,plasy:person:pfeifer-lukas,person,yes
plasy:vote-event:2025-12-10-005,plasy:person:skop-michal,person,yes
plasy:vote-event:2025-12-10-005,plasy:person:tyrpeklova-zdenka,person,yes
plasy:vote-event:2025-12-10-005,plasy:person:urbanova-veronika,person,yes
plasy:vote-event:2025-12-10-006,plasy:person:belbl-emanuel,person,yes
plasy:vote-event:2025-12-10-006,plasy:person:gross-vaclav,person,yes
plasy:vote-event:2025-12-10-006,plasy:person:hanzlicek-zdenek,person,absent
plasy:vote-event:2025-12-10-006,plasy:person:jezkova-martina,person,yes
plasy:vote-event:2025-12-10-006,plasy:person:kantor-poradkova-eva,person,yes
plasy:vote-event:2025-12-10-006,plasy:person:kornatovsky-ivo,person,abstain
plasy:vote-event:2025-12-10-006,plasy:person:kouba-tomas,person,yes
plasy:vote-event:2025-12-10-006,plasy:person:kovarik-petr,person,abstain
plasy:vote-event:2025-12-10-006,plasy:person:neuman-petr,person,yes
plasy:vote-event:2025-12-10-006,plasy:person:novotny-jiri,person,yes
plasy:vote-event:2025-12-10-006,plasy:person:palmova-eliska,person,yes
plasy:vote-event:2025-12-10-006,plasy:person:pfeifer-lukas,person,yes
plasy:vote-event:2025-12-10-006,plasy:person:skop-michal,person,yes
plasy:vote-event:2025-12-10-006,plasy:person:tyrpeklova-zdenka,person,yes
plasy:vote-event:2025-12-10-006,plasy:person:urbanova-veronika,person,yes
plasy:vote-event:2025-12-10-007,plasy:person:belbl-emanuel,person,yes
plasy:vote-event:2025-12-10-007,plasy:person:gross-vaclav,person,yes
plasy:vote-event:2025-12-10-007,plasy:person:hanzlicek-zdenek,person,absent
plasy:vote-event:2025-12-10-007,plasy:person:jezkova-martina,person,yes
plasy:vote-event:2025-12-10-007,plasy:person:kantor-poradkova-eva,person,yes
plasy:vote-event:2025-12-10-007,plasy:person:kornatovsky-ivo,person,yes
plasy:vote-event:2025-12-10-007,plasy:person:kouba-tomas,person,yes
plasy:vote-event:2025-12-10-007,plasy:person:kovarik-petr,person,yes
plasy:vote-event:2025-12-10-007,plasy:person:neuman-petr,person,yes
plasy:vote-event:2025-12-10-007,plasy:person:novotny-jiri,person,yes
plasy:vote-event:2025-12-10-007,plasy:person:palmova-eliska,person,yes
plasy:vote-event:2025-12-10-007,plasy:person:pfeifer-lukas,person,yes
plasy:vote-event:2025-12-10-007,plasy:person:skop-michal,person,yes
plasy:vote-event:2025-12-10-007,plasy:person:tyrpeklova-zdenka,person,yes
plasy:vote-event:2025-12-10-007,plasy:person:urbanova-veronika,person,yes
plasy:vote-event:2025-12-10-008,plasy:person:belbl-emanuel,person,yes
plasy:vote-event:2025-12-10-008,plasy:person:gross-vaclav,person,yes
plasy:vote-event:2025-12-10-008,plasy:person:hanzlicek-zdenek,person,absent
plasy:vote-event:2025-12-10-008,plasy:person:jezkova-martina,person,yes
plasy:vote-event:2025-12-10-008,plasy:person:kantor-poradkova-eva,person,yes
plasy:vote-event:2025-12-10-008,plasy:person:kornatovsky-ivo,person,yes
plasy:vote-event:2025-12-10-008,plasy:person:kouba-tomas,person,yes
plasy:vote-event:2025-12-10-008,plasy:person:kovarik-petr,person,yes
plasy:vote-event:2025-12-10-008,plasy:person:neuman-petr,person,yes
plasy:vote-event:2025-12-10-008,plasy:person:novotny-jiri,person,yes
plasy:vote-event:2025-12-10-008,plasy:person:palmova-eliska,person,yes
plasy:vote-event:2025-12-10-008,plasy:person:pfeifer-lukas,person,yes
plasy:vote-event:2025-12-10-008,plasy:person:skop-michal,person,yes
plasy:vote-event:2025-12-10-008,plasy:person:tyrpeklova-zdenka,person,yes
plasy:vote-event:2025-12-10-008,plasy:person:urbanova-veronika,person,yes
plasy:vote-event:2025-12-10-009,plasy:person:belbl-emanuel,person,yes
plasy:vote-event:2025-12-10-009,plasy:person:gross-vaclav,person,yes
plasy:vote-event:2025-12-10-009,plasy:person:hanzlicek-zdenek,person,absent
plasy:vote-event:2025-12-10-009,plasy:person:jezkova-martina,person,yes
plasy:vote-event:2025-12-10-009,plasy:person:kantor-poradkova-eva,person,yes
plasy:vote-event:2025-12-10-009,plasy:person:kornatovsky-ivo,person,yes
plasy:vote-event:2025-12-10-009,plasy:person:kouba-tomas,person,yes
plasy:vote-event:2025-12-10-009,plasy:person:kovarik-petr,person,yes
plasy:vote-event:2025-12-10-009,plasy:person:neuman-petr,person,abstain
plasy:vote-event:2025-12-10-009,plasy:person:novotny-jiri,person,yes
plasy:vote-event:2025-12-10-009,plasy:person:palmova-eliska,person,yes
plasy:vote-event:2025-12-10-009,plasy:person:pfeifer-lukas,person,abstain
plasy:vote-event:2025-12-10-009,plasy:person:skop-michal,person,yes
plasy:vote-event:2025-12-10-009,plasy:person:tyrpeklova-zdenka,person,yes
plasy:vote-event:2025-12-10-009,plasy:person:urbanova-veronika,person,yes
plasy:vote-event:2025-12-10-010,plasy:person:belbl-emanuel,person,abstain
plasy:vote-event:2025-12-10-010,plasy:person:gross-vaclav,person,yes
plasy:vote-event:2025-12-10-010,plasy:person:hanzlicek-zdenek,person,absent
plasy:vote-event:2025-12-10-010,plasy:person:jezkova-martina,person,yes
plasy:vote-event:2025-12-10-010,plasy:person:kantor-poradkova-eva,person,yes
plasy:vote-event:2025-12-10-010,plasy:person:kornatovsky-ivo,person,abstain
plasy:vote-event:2025-12-10-010,plasy:person:kouba-tomas,person,abstain
plasy:vote-event:2025-12-10-010,plasy:person:kovarik-petr,person,abstain
plasy:vote-event:2025-12-10-010,plasy:person:neuman-petr,person,yes
plasy:vote-event:2025-12-10-010,plasy:person:novotny-jiri,person,no
plasy:vote-event:2025-12-10-010,plasy:person:palmova-eliska,person,yes
plasy:vote-event:2025-12-10-010,plasy:person:pfeifer-lukas,person,yes
plasy:vote-event:2025-12-10-010,plasy:person:skop-michal,person,yes
plasy:vote-event:2025-12-10-010,plasy:person:tyrpeklova-zdenka,person,abstain
plasy:vote-event:2025-12-10-010,plasy:person:urbanova-veronika,person,yes
plasy:vote-event:2025-12-10-011,plasy:person:belbl-emanuel,person,yes
plasy:vote-event:2025-12-10-011,plasy:person:gross-vaclav,person,yes
plasy:vote-event:2025-12-10-011,plasy:person:hanzlicek-zdenek,person,absent
plasy:vote-event:2025-12-10-011,plasy:person:jezkova-martina,person,yes
plasy:vote-event:2025-12-10-011,plasy:person:kantor-poradkova-eva,person,yes
plasy:vote-event:2025-12-10-011,plasy:person:kornatovsky-ivo,person,yes
plasy:vote-event:2025-12-10-011,plasy:person:kouba-tomas,person,yes
plasy:vote-event:2025-12-10-011,plasy:person:kovarik-petr,person,yes
plasy:vote-event:2025-12-10-011,plasy:person:neuman-petr,person,yes
plasy:vote-event:2025-12-10-011,plasy:person:novotny-jiri,person,yes
plasy:vote-event:2025-12-10-011,plasy:person:palmova-eliska,person,yes
plasy:vote-event:2025-12-10-011,plasy:person:pfeifer-lukas,person,yes
plasy:vote-event:2025-12-10-011,plasy:person:skop-michal,person,yes
plasy:vote-event:2025-12-10-011,plasy:person:tyrpeklova-zdenka,person,yes
plasy:vote-event:2025-12-10-011,plasy:person:urbanova-veronika,person,yes
plasy:vote-event:2025-12-10-012,plasy:person:belbl-emanuel,person,yes
plasy:vote-event:2025-12-10-012,plasy:person:gross-vaclav,person,yes
plasy:vote-event:2025-12-10-012,plasy:person:hanzlicek-zdenek,person,absent
plasy:vote-event:2025-12-10-012,plasy:person:jezkova-martina,person,yes
plasy:vote-event:2025-12-10-012,plasy:person:kantor-poradkova-eva,person,yes
plasy:vote-event:2025-12-10-012,plasy:person:kornatovsky-ivo,person,yes
plasy:vote-event:2025-12-10-012,plasy:person:kouba-tomas,person,yes
plasy:vote-event:2025-12-10-012,plasy:person:kovarik-petr,person,yes
plasy:vote-event:2025-12-10-012,plasy:person:neuman-petr,person,yes
plasy:vote-event:2025-12-10-012,plasy:person:novotny-jiri,person,yes
plasy:vote-event:2025-12-10-012,plasy:person:palmova-eliska,person,yes
plasy:vote-event:2025-12-10-012,plasy:person:pfeifer-lukas,person,yes
plasy:vote-event:2025-12-10-012,plasy:person:skop-michal,person,yes
plasy:vote-event:2025-12-10-012,plasy:person:tyrpeklova-zdenka,person,yes
plasy:vote-event:2025-12-10-012,plasy:person:urbanova-veronika,person,yes
plasy:vote-event:2025-12-10-013,plasy:person:belbl-emanuel,person,yes
plasy:vote-event:2025-12-10-013,plasy:person:gross-vaclav,person,yes
plasy:vote-event:2025-12-10-013,plasy:person:hanzlicek-zdenek,person,absent
plasy:vote-event:2025-12-10-013,plasy:person:jezkova-martina,person,yes
plasy:vote-event:2025-12-10-013,plasy:person:kantor-poradkova-eva,person,yes
plasy:vote-event:2025-12-10-013,plasy:person:kornatovsky-ivo,person,yes
plasy:vote-event:2025-12-10-013,plasy:person:kouba-tomas,person,yes
plasy:vote-event:2025-12-10-013,plasy:person:kovarik-petr,person,yes
plasy:vote-event:2025-12-10-013,plasy:person:neuman-petr,person,yes
plasy:vote-event:2025-12-10-013,plasy:person:novotny-jiri,person,yes
plasy:vote-event:2025-12-10-013,plasy:person:palmova-eliska,person,yes
plasy:vote-event:2025-12-10-013,plasy:person:pfeifer-lukas,person,yes
plasy:vote-event:2025-12-10-013,plasy:person:skop-michal,person,yes
plasy:vote-event:2025-12-10-013,plasy:person:tyrpeklova-zdenka,person,yes
plasy:vote-event:2025-12-10-013,plasy:person:urbanova-veronika,person,yes
plasy:vote-event:2025-12-10-014,plasy:person:belbl-emanuel,person,yes
plasy:vote-event:2025-12-10-014,plasy:person:gross-vaclav,person,yes
plasy:vote-event:2025-12-10-014,plasy:person:hanzlicek-zdenek,person,absent
plasy:vote-event:2025-12-10-014,plasy:person:jezkova-martina,person,yes
plasy:vote-event:2025-12-10-014,plasy:person:kantor-poradkova-eva,person,yes
plasy:vote-event:2025-12-10-014,plasy:person:kornatovsky-ivo,person,yes
plasy:vote-event:2025-12-10-014,plasy:person:kouba-tomas,person,yes
plasy:vote-event:2025-12-10-014,plasy:person:kovarik-petr,person,yes
plasy:vote-event:2025-12-10-014,plasy:person:neuman-petr,person,yes
plasy:vote-event:2025-12-10-014,plasy:person:novotny-jiri,person,yes
plasy:vote-event:2025-12-10-014,plasy:person:palmova-eliska,person,yes
plasy:vote-event:2025-12-10-014,plasy:person:pfeifer-lukas,person,yes
plasy:vote-event:2025-12-10-014,plasy:person:skop-michal,person,yes
plasy:vote-event:2025-12-10-014,plasy:person:tyrpeklova-zdenka,person,yes
plasy:vote-event:2025-12-10-014,plasy:person:urbanova-veronika,person,yes
plasy:vote-event:2025-12-10-015,plasy:person:belbl-emanuel,person,yes
plasy:vote-event:2025-12-10-015,plasy:person:gross-vaclav,person,yes
plasy:vote-event:2025-12-10-015,plasy:person:hanzlicek-zdenek,person,absent
plasy:vote-event:2025-12-10-015,plasy:person:jezkova-martina,person,yes
plasy:vote-event:2025-12-10-015,plasy:person:kantor-poradkova-eva,person,yes
plasy:vote-event:2025-12-10-015,plasy:person:kornatovsky-ivo,person,yes
plasy:vote-event:2025-12-10-015,plasy:person:kouba-tomas,person,yes
plasy:vote-event:2025-12-10-015,plasy:person:kovarik-petr,person,yes
plasy:vote-event:2025-12-10-015,plasy:person:neuman-petr,person,yes
plasy:vote-event:2025-12-10-015,plasy:person:novotny-jiri,person,yes
plasy:vote-event:2025-12-10-015,plasy:person:palmova-eliska,person,yes
plasy:vote-event:2025-12-10-015,plasy:person:pfeifer-lukas,person,yes
plasy:vote-event:2025-12-10-015,plasy:person:skop-michal,person,yes
plasy:vote-event:2025-12-10-015,plasy:person:tyrpeklova-zdenka,person,yes
plasy:vote-event:2025-12-10-015,plasy:person:urbanova-veronika,person,yes
plasy:vote-event:2025-12-10-016,plasy:person:belbl-emanuel,person,yes
plasy:vote-event:2025-12-10-016,plasy:person:gross-vaclav,person,yes
plasy:vote-event:2025-12-10-016,plasy:person:hanzlicek-zdenek,person,absent
plasy:vote-event:2025-12-10-016,plasy:person:jezkova-martina,person,yes
plasy:vote-event:2025-12-10-016,plasy:person:kantor-poradkova-eva,person,yes
plasy:vote-event:2025-12-10-016,plasy:person:kornatovsky-ivo,person,yes
plasy:vote-event:2025-12-10-016,plasy:person:kouba-tomas,person,yes
plasy:vote-event:2025-12-10-016,plasy:person:kovarik-petr,person,yes
plasy:vote-event:2025-12-10-016,plasy:person:neuman-petr,person,yes
plasy:vote-event:2025-12-10-016,plasy:person:novotny-jiri,person,yes
plasy:vote-event:2025-12-10-016,plasy:person:palmova-eliska,person,yes
plasy:vote-event:2025-12-10-016,plasy:person:pfeifer-lukas,person,yes
plasy:vote-event:2025-12-10-016,plasy:person:skop-michal,person,yes
plasy:vote-event:2025-12-10-016,plasy:person:tyrpeklova-zdenka,person,yes
plasy:vote-event:2025-12-10-016,plasy:person:urbanova-veronika,person,yes
plasy:vote-event:2025-12-10-017,plasy:person:belbl-emanuel,person,yes
plasy:vote-event:2025-12-10-017,plasy:person:gross-vaclav,person,yes
plasy:vote-event:2025-12-10-017,plasy:person:hanzlicek-zdenek,person,absent
plasy:vote-event:2025-12-10-017,plasy:person:jezkova-martina,person,yes
plasy:vote-event:2025-12-10-017,plasy:person:kantor-poradkova-eva,person,yes
plasy:vote-event:2025-12-10-017,plasy:person:kornatovsky-ivo,person,yes
plasy:vote-event:2025-12-10-017,plasy:person:kouba-tomas,person,yes
plasy:vote-event:2025-12-10-017,plasy:person:kovarik-petr,person,yes
plasy:vote-event:2025-12-10-017,plasy:person:neuman-petr,person,yes
plasy:vote-event:2025-12-10-017,plasy:person:novotny-jiri,person,yes
plasy:vote-event:2025-12-10-017,plasy:person:palmova-eliska,person,yes
plasy:vote-event:2025-12-10-017,plasy:person:pfeifer-lukas,person,yes
plasy:vote-event:2025-12-10-017,plasy:person:skop-michal,person,yes
plasy:vote-event:2025-12-10-017,plasy:person:tyrpeklova-zdenka,person,yes
plasy:vote-event:2025-12-10-017,plasy:person:urbanova-veronika,person,yes
plasy:vote-event:2025-12-10-018,plasy:person:belbl-emanuel,person,yes
plasy:vote-event:2025-12-10-018,plasy:person:gross-vaclav,person,yes
plasy:vote-event:2025-12-10-018,plasy:person:hanzlicek-zdenek,person,absent
plasy:vote-event:2025-12-10-018,plasy:person:jezkova-martina,person,yes
plasy:vote-event:2025-12-10-018,plasy:person:kantor-poradkova-eva,person,yes
plasy:vote-event:2025-12-10-018,plasy:person:kornatovsky-ivo,person,yes
plasy:vote-event:2025-12-10-018,plasy:person:kouba-tomas,person,yes
plasy:vote-event:2025-12-10-018,plasy:person:kovarik-petr,person,yes
plasy:vote-event:2025-12-10-018,plasy:person:neuman-petr,person,yes
plasy:vote-event:2025-12-10-018,plasy:person:novotny-jiri,person,yes
plasy:vote-event:2025-12-10-018,plasy:person:palmova-eliska,person,yes
plasy:vote-event:2025-12-10-018,plasy:person:pfeifer-lukas,person,yes
plasy:vote-event:2025-12-10-018,plasy:person:skop-michal,person,yes
plasy:vote-event:2025-12-10-018,plasy:person:tyrpeklova-zdenka,person,yes
plasy:vote-event:2025-12-10-018,plasy:person:urbanova-veronika,person,yes
plasy:vote-event:2025-12-10-019,plasy:person:belbl-emanuel,person,yes
plasy:vote-event:2025-12-10-019,plasy:person:gross-vaclav,person,yes
plasy:vote-event:2025-12-10-019,plasy:person:hanzlicek-zdenek,person,absent
plasy:vote-event:2025-12-10-019,plasy:person:jezkova-martina,person,yes
plasy:vote-event:2025-12-10-019,plasy:person:kantor-poradkova-eva,person,yes
plasy:vote-event:2025-12-10-019,plasy:person:kornatovsky-ivo,person,yes
plasy:vote-event:2025-12-10-019,plasy:person:kouba-tomas,person,yes
plasy:vote-event:2025-12-10-019,plasy:person:kovarik-petr,person,yes
plasy:vote-event:2025-12-10-019,plasy:person:neuman-petr,person,yes
plasy:vote-event:2025-12-10-019,plasy:person:novotny-jiri,person,yes
plasy:vote-event:2025-12-10-019,plasy:person:palmova-eliska,person,yes
plasy:vote-event:2025-12-10-019,plasy:person:pfeifer-lukas,person,yes
plasy:vote-event:2025-12-10-019,plasy:person:skop-michal,person,yes
plasy:vote-event:2025-12-10-019,plasy:person:tyrpeklova-zdenka,person,yes
plasy:vote-event:2025-12-10-019,plasy:person:urbanova-veronika,person,yes
plasy:vote-event:2025-12-10-020,plasy:person:belbl-emanuel,person,yes
plasy:vote-event:2025-12-10-020,plasy:person:gross-vaclav,person,abstain
plasy:vote-event:2025-12-10-020,plasy:person:hanzlicek-zdenek,person,absent
plasy:vote-event:2025-12-10-020,plasy:person:jezkova-martina,person,abstain
plasy:vote-event:2025-12-10-020,plasy:person:kantor-poradkova-eva,person,abstain
plasy:vote-event:2025-12-10-020,plasy:person:kornatovsky-ivo,person,yes
plasy:vote-event:2025-12-10-020,plasy:person:kouba-tomas,person,yes
plasy:vote-event:2025-12-10-020,plasy:person:kovarik-petr,person,yes
plasy:vote-event:2025-12-10-020,plasy:person:neuman-petr,person,abstain
plasy:vote-event:2025-12-10-020,plasy:person:novotny-jiri,person,yes
plasy:vote-event:2025-12-10-020,plasy:person:palmova-eliska,person,abstain
plasy:vote-event:2025-12-10-020,plasy:person:pfeifer-lukas,person,abstain
plasy:vote-event:2025-12-10-020,plasy:person:skop-michal,person,abstain
plasy:vote-event:2025-12-10-020,plasy:person:tyrpeklova-zdenka,person,yes
plasy:vote-event:2025-12-10-020,plasy:person:urbanova-veronika,person,abstain
plasy:vote-event:2025-12-10-021,plasy:person:belbl-emanuel,person,abstain
plasy:vote-event:2025-12-10-021,plasy:person:gross-vaclav,person,yes
plasy:vote-event:2025-12-10-021,plasy:person:hanzlicek-zdenek,person,absent
plasy:vote-event:2025-12-10-021,plasy:person:jezkova-martina,person,yes
plasy:vote-event:2025-12-10-021,plasy:person:kantor-poradkova-eva,person,yes
plasy:vote-event:2025-12-10-021,plasy:person:kornatovsky-ivo,person,no
plasy:vote-event:2025-12-10-021,plasy:person:kouba-tomas,person,no
plasy:vote-event:2025-12-10-021,plasy:person:kovarik-petr,person,no
plasy:vote-event:2025-12-10-021,plasy:person:neuman-petr,person,yes
plasy:vote-event:2025-12-10-021,plasy:person:novotny-jiri,person,abstain
plasy:vote-event:2025-12-10-021,plasy:person:palmova-eliska,person,yes
plasy:vote-event:2025-12-10-021,plasy:person:pfeifer-lukas,person,yes
plasy:vote-event:2025-12-10-021,plasy:person:skop-michal,person,yes
plasy:vote-event:2025-12-10-021,plasy:person:tyrpeklova-zdenka,person,no
plasy:vote-event:2025-12-10-021,plasy:person:urbanova-veronika,person,yes
plasy:vote-event:2025-12-10-022,plasy:person:belbl-emanuel,person,yes
plasy:vote-event:2025-12-10-022,plasy:person:gross-vaclav,person,yes
plasy:vote-event:2025-12-10-022,plasy:person:hanzlicek-zdenek,person,absent
plasy:vote-event:2025-12-10-022,plasy:person:jezkova-martina,person,yes
plasy:vote-event:2025-12-10-022,plasy:person:kantor-poradkova-eva,person,yes
plasy:vote-event:2025-12-10-022,plasy:person:kornatovsky-ivo,person,yes
plasy:vote-event:2025-12-10-022,plasy:person:kouba-tomas,person,yes
plasy:vote-event:2025-12-10-022,plasy:person:kovarik-petr,person,yes
plasy:vote-event:2025-12-10-022,plasy:person:neuman-petr,person,yes
plasy:vote-event:2025-12-10-022,plasy:person:novotny-jiri,person,yes
plasy:vote-event:2025-12-10-022,plasy:person:palmova-eliska,person,yes
plasy:vote-event:2025-12-10-022,plasy:person:pfeifer-lukas,person,yes
plasy:vote-event:2025-12-10-022,plasy:person:skop-michal,person,yes
plasy:vote-event:2025-12-10-022,plasy:person:tyrpeklova-zdenka,person,yes
plasy:vote-event:2025-12-10-022,plasy:person:urbanova-veronika,person,yes
plasy:vote-event:2025-12-10-023,plasy:person:belbl-emanuel,person,yes
plasy:vote-event:2025-12-10-023,plasy:person:gross-vaclav,person,yes
plasy:vote-event:2025-12-10-023,plasy:person:hanzlicek-zdenek,person,absent
plasy:vote-event:2025-12-10-023,plasy:person:jezkova-martina,person,yes
plasy:vote-event:2025-12-10-023,plasy:person:kantor-poradkova-eva,person,yes
plasy:vote-event:2025-12-10-023,plasy:person:kornatovsky-ivo,person,yes
plasy:vote-event:2025-12-10-023,plasy:person:kouba-tomas,person,yes
plasy:vote-event:2025-12-10-023,plasy:person:kovarik-petr,person,yes
plasy:vote-event:2025-12-10-023,plasy:person:neuman-petr,person,yes
plasy:vote-event:2025-12-10-023,plasy:person:novotny-jiri,person,yes
plasy:vote-event:2025-12-10-023,plasy:person:palmova-eliska,person,yes
plasy:vote-event:2025-12-10-023,plasy:person:pfeifer-lukas,person,yes
plasy:vote-event:2025-12-10-023,plasy:person:skop-michal,person,yes
plasy:vote-event:2025-12-10-023,plasy:person:tyrpeklova-zdenka,person,yes
plasy:vote-event:2025-12-10-023,plasy:person:urbanova-veronika,person,yes
plasy:vote-event:2026-01-28-001,plasy:person:belbl-emanuel,person,yes
plasy:vote-event:2026-01-28-001,plasy:person:gross-vaclav,person,yes
plasy:vote-event:2026-01-28-001,plasy:person:hanzlicek-zdenek,person,yes
plasy:vote-event:2026-01-28-001,plasy:person:jezkova-martina,person,yes
plasy:vote-event:2026-01-28-001,plasy:person:kantor-poradkova-eva,person,yes
plasy:vote-event:2026-01-28-001,plasy:person:kornatovsky-ivo,person,yes
plasy:vote-event:2026-01-28-001,plasy:person:kouba-tomas,person,yes
plasy:vote-event:2026-01-28-001,plasy:person:kovarik-petr,person,yes
plasy:vote-event:2026-01-28-001,plasy:person:neuman-petr,person,yes
plasy:vote-event:2026-01-28-001,plasy:person:novotny-jiri,person,absent
plasy:vote-event:2026-01-28-001,plasy:person:palmova-eliska,person,yes
plasy:vote-event:2026-01-28-001,plasy:person:pfeifer-lukas,person,yes
plasy:vote-event:2026-01-28-001,plasy:person:skop-michal,person,yes
plasy:vote-event:2026-01-28-001,plasy:person:tyrpeklova-zdenka,person,yes
plasy:vote-event:2026-01-28-001,plasy:person:urbanova-veronika,person,yes
plasy:vote-event:2026-01-28-002,plasy:person:belbl-emanuel,person,yes
plasy:vote-event:2026-01-28-002,plasy:person:gross-vaclav,person,yes
plasy:vote-event:2026-01-28-002,plasy:person:hanzlicek-zdenek,person,yes
plasy:vote-event:2026-01-28-002,plasy:person:jezkova-martina,person,yes
plasy:vote-event:2026-01-28-002,plasy:person:kantor-poradkova-eva,person,yes
plasy:vote-event:2026-01-28-002,plasy:person:kornatovsky-ivo,person,yes
plasy:vote-event:2026-01-28-002,plasy:person:kouba-tomas,person,yes
plasy:vote-event:2026-01-28-002,plasy:person:kovarik-petr,person,yes
plasy:vote-event:2026-01-28-002,plasy:person:neuman-petr,person,yes
plasy:vote-event:2026-01-28-002,plasy:person:novotny-jiri,person,absent
plasy:vote-event:2026-01-28-002,plasy:person:palmova-eliska,person,yes
plasy:vote-event:2026-01-28-002,plasy:person:pfeifer-lukas,person,yes
plasy:vote-event:2026-01-28-002,plasy:person:skop-michal,person,yes
plasy:vote-event:2026-01-28-002,plasy:person:tyrpeklova-zdenka,person,yes
plasy:vote-event:2026-01-28-002,plasy:person:urbanova-veronika,person,yes
plasy:vote-event:2026-01-28-003,plasy:person:belbl-emanuel,person,abstain
plasy:vote-event:2026-01-28-003,plasy:person:gross-vaclav,person,yes
plasy:vote-event:2026-01-28-003,plasy:person:hanzlicek-zdenek,person,no
plasy:vote-event:2026-01-28-003,plasy:person:jezkova-martina,person,yes
plasy:vote-event:2026-01-28-003,plasy:person:kantor-poradkova-eva,person,yes
plasy:vote-event:2026-01-28-003,plasy:person:kornatovsky-ivo,person,abstain
plasy:vote-event:2026-01-28-003,plasy:person:kouba-tomas,person,abstain
plasy:vote-event:2026-01-28-003,plasy:person:kovarik-petr,person,abstain
plasy:vote-event:2026-01-28-003,plasy:person:neuman-petr,person,yes
plasy:vote-event:2026-01-28-003,plasy:person:novotny-jiri,person,absent
plasy:vote-event:2026-01-28-003,plasy:person:palmova-eliska,person,yes
plasy:vote-event:2026-01-28-003,plasy:person:pfeifer-lukas,person,yes
plasy:vote-event:2026-01-28-003,plasy:person:skop-michal,person,yes
plasy:vote-event:2026-01-28-003,plasy:person:tyrpeklova-zdenka,person,abstain
plasy:vote-event:2026-01-28-003,plasy:person:urbanova-veronika,person,yes
plasy:vote-event:2026-01-28-004,plasy:person:belbl-emanuel,person,yes
plasy:vote-event:2026-01-28-004,plasy:person:gross-vaclav,person,abstain
plasy:vote-event:2026-01-28-004,plasy:person:hanzlicek-zdenek,person,yes
plasy:vote-event:2026-01-28-004,plasy:person:jezkova-martina,person,abstain
plasy:vote-event:2026-01-28-004,plasy:person:kantor-poradkova-eva,person,abstain
plasy:vote-event:2026-01-28-004,plasy:person:kornatovsky-ivo,person,yes
plasy:vote-event:2026-01-28-004,plasy:person:kouba-tomas,person,yes
plasy:vote-event:2026-01-28-004,plasy:person:kovarik-petr,person,yes
plasy:vote-event:2026-01-28-004,plasy:person:neuman-petr,person,yes
plasy:vote-event:2026-01-28-004,plasy:person:novotny-jiri,person,absent
plasy:vote-event:2026-01-28-004,plasy:person:palmova-eliska,person,yes
plasy:vote-event:2026-01-28-004,plasy:person:pfeifer-lukas,person,abstain
plasy:vote-event:2026-01-28-004,plasy:person:skop-michal,person,abstain
plasy:vote-event:2026-01-28-004,plasy:person:tyrpeklova-zdenka,person,yes
plasy:vote-event:2026-01-28-004,plasy:person:urbanova-veronika,person,yes
plasy:vote-event:2026-01-28-005,plasy:person:belbl-emanuel,person,yes
plasy:vote-event:2026-01-28-005,plasy:person:gross-vaclav,person,yes
plasy:vote-event:2026-01-28-005,plasy:person:hanzlicek-zdenek,person,yes
plasy:vote-event:2026-01-28-005,plasy:person:jezkova-martina,person,yes
plasy:vote-event:2026-01-28-005,plasy:person:kantor-poradkova-eva,person,yes
plasy:vote-event:2026-01-28-005,plasy:person:kornatovsky-ivo,person,yes
plasy:vote-event:2026-01-28-005,plasy:person:kouba-tomas,person,yes
plasy:vote-event:2026-01-28-005,plasy:person:kovarik-petr,person,yes
plasy:vote-event:2026-01-28-005,plasy:person:neuman-petr,person,yes
plasy:vote-event:2026-01-28-005,plasy:person:novotny-jiri,person,absent
plasy:vote-event:2026-01-28-005,plasy:person:palmova-eliska,person,yes
plasy:vote-event:2026-01-28-005,plasy:person:pfeifer-lukas,person,yes
plasy:vote-event:2026-01-28-005,plasy:person:skop-michal,person,yes
plasy:vote-event:2026-01-28-005,plasy:person:tyrpeklova-zdenka,person,yes
plasy:vote-event:2026-01-28-005,plasy:person:urbanova-veronika,person,yes
plasy:vote-event:2026-01-28-006,plasy:person:belbl-emanuel,person,yes
plasy:vote-event:2026-01-28-006,plasy:person:gross-vaclav,person,yes
plasy:vote-event:2026-01-28-006,plasy:person:hanzlicek-zdenek,person,yes
plasy:vote-event:2026-01-28-006,plasy:person:jezkova-martina,person,yes
plasy:vote-event:2026-01-28-006,plasy:person:kantor-poradkova-eva,person,yes
plasy:vote-event:2026-01-28-006,plasy:person:kornatovsky-ivo,person,yes
plasy:vote-event:2026-01-28-006,plasy:person:kouba-tomas,person,yes
plasy:vote-event:2026-01-28-006,plasy:person:kovarik-petr,person,yes
plasy:vote-event:2026-01-28-006,plasy:person:neuman-petr,person,yes
plasy:vote-event:2026-01-28-006,plasy:person:novotny-jiri,person,absent
plasy:vote-event:2026-01-28-006,plasy:person:palmova-eliska,person,yes
plasy:vote-event:2026-01-28-006,plasy:person:pfeifer-lukas,person,yes
plasy:vote-event:2026-01-28-006,plasy:person:skop-michal,person,yes
plasy:vote-event:2026-01-28-006,plasy:person:tyrpeklova-zdenka,person,yes
plasy:vote-event:2026-01-28-006,plasy:person:urbanova-veronika,person,yes
plasy:vote-event:2026-01-28-007,plasy:person:belbl-emanuel,person,yes
plasy:vote-event:2026-01-28-007,plasy:person:gross-vaclav,person,yes
plasy:vote-event:2026-01-28-007,plasy:person:hanzlicek-zdenek,person,yes
plasy:vote-event:2026-01-28-007,plasy:person:jezkova-martina,person,yes
plasy:vote-event:2026-01-28-007,plasy:person:kantor-poradkova-eva,person,yes
plasy:vote-event:2026-01-28-007,plasy:person:kornatovsky-ivo,person,abstain
plasy:vote-event:2026-01-28-007,plasy:person:kouba-tomas,person,yes
plasy:vote-event:2026-01-28-007,plasy:person:kovarik-petr,person,yes
plasy:vote-event:2026-01-28-007,plasy:person:neuman-petr,person,yes
plasy:vote-event:2026-01-28-007,plasy:person:novotny-jiri,person,absent
plasy:vote-event:2026-01-28-007,plasy:person:palmova-eliska,person,yes
plasy:vote-event:2026-01-28-007,plasy:person:pfeifer-lukas,person,yes
plasy:vote-event:2026-01-28-007,plasy:person:skop-michal,person,yes
plasy:vote-event:2026-01-28-007,plasy:person:tyrpeklova-zdenka,person,yes
plasy:vote-event:2026-01-28-007,plasy:person:urbanova-veronika,person,yes
plasy:vote-event:2026-03-25-001,plasy:person:belbl-emanuel,person,yes
plasy:vote-event:2026-03-25-001,plasy:person:gross-vaclav,person,yes
plasy:vote-event:2026-03-25-001,plasy:person:hanzlicek-zdenek,person,yes
plasy:vote-event:2026-03-25-001,plasy:person:jezkova-martina,person,yes
plasy:vote-event:2026-03-25-001,plasy:person:kantor-poradkova-eva,person,yes
plasy:vote-event:2026-03-25-001,plasy:person:kornatovsky-ivo,person,yes
plasy:vote-event:2026-03-25-001,plasy:person:kouba-tomas,person,yes
plasy:vote-event:2026-03-25-001,plasy:person:kovarik-petr,person,yes
plasy:vote-event:2026-03-25-001,plasy:person:neuman-petr,person,yes
plasy:vote-event:2026-03-25-001,plasy:person:novotny-jiri,person,absent
plasy:vote-event:2026-03-25-001,plasy:person:palmova-eliska,person,yes
plasy:vote-event:2026-03-25-001,plasy:person:pfeifer-lukas,person,absent
plasy:vote-event:2026-03-25-001,plasy:person:skop-michal,person,yes
plasy:vote-event:2026-03-25-001,plasy:person:tyrpeklova-zdenka,person,yes
plasy:vote-event:2026-03-25-001,plasy:person:urbanova-veronika,person,yes
plasy:vote-event:2026-03-25-002,plasy:person:belbl-emanuel,person,yes
plasy:vote-event:2026-03-25-002,plasy:person:gross-vaclav,person,yes
plasy:vote-event:2026-03-25-002,plasy:person:hanzlicek-zdenek,person,yes
plasy:vote-event:2026-03-25-002,plasy:person:jezkova-martina,person,yes
plasy:vote-event:2026-03-25-002,plasy:person:kantor-poradkova-eva,person,yes
plasy:vote-event:2026-03-25-002,plasy:person:kornatovsky-ivo,person,yes
plasy:vote-event:2026-03-25-002,plasy:person:kouba-tomas,person,yes
plasy:vote-event:2026-03-25-002,plasy:person:kovarik-petr,person,yes
plasy:vote-event:2026-03-25-002,plasy:person:neuman-petr,person,yes
plasy:vote-event:2026-03-25-002,plasy:person:novotny-jiri,person,absent
plasy:vote-event:2026-03-25-002,plasy:person:palmova-eliska,person,yes
plasy:vote-event:2026-03-25-002,plasy:person:pfeifer-lukas,person,absent
plasy:vote-event:2026-03-25-002,plasy:person:skop-michal,person,yes
plasy:vote-event:2026-03-25-002,plasy:person:tyrpeklova-zdenka,person,yes
plasy:vote-event:2026-03-25-002,plasy:person:urbanova-veronika,person,yes
plasy:vote-event:2026-03-25-003,plasy:person:belbl-emanuel,person,yes
plasy:vote-event:2026-03-25-003,plasy:person:gross-vaclav,person,yes
plasy:vote-event:2026-03-25-003,plasy:person:hanzlicek-zdenek,person,yes
plasy:vote-event:2026-03-25-003,plasy:person:jezkova-martina,person,yes
plasy:vote-event:2026-03-25-003,plasy:person:kantor-poradkova-eva,person,yes
plasy:vote-event:2026-03-25-003,plasy:person:kornatovsky-ivo,person,yes
plasy:vote-event:2026-03-25-003,plasy:person:kouba-tomas,person,yes
plasy:vote-event:2026-03-25-003,plasy:person:kovarik-petr,person,yes
plasy:vote-event:2026-03-25-003,plasy:person:neuman-petr,person,yes
plasy:vote-event:2026-03-25-003,plasy:person:novotny-jiri,person,absent
plasy:vote-event:2026-03-25-003,plasy:person:palmova-eliska,person,yes
plasy:vote-event:2026-03-25-003,plasy:person:pfeifer-lukas,person,absent
plasy:vote-event:2026-03-25-003,plasy:person:skop-michal,person,yes
plasy:vote-event:2026-03-25-003,plasy:person:tyrpeklova-zdenka,person,yes
plasy:vote-event:2026-03-25-003,plasy:person:urbanova-veronika,person,yes
plasy:vote-event:2026-03-25-004,plasy:person:belbl-emanuel,person,yes
plasy:vote-event:2026-03-25-004,plasy:person:gross-vaclav,person,yes
plasy:vote-event:2026-03-25-004,plasy:person:hanzlicek-zdenek,person,abstain
plasy:vote-event:2026-03-25-004,plasy:person:jezkova-martina,person,yes
plasy:vote-event:2026-03-25-004,plasy:person:kantor-poradkova-eva,person,yes
plasy:vote-event:2026-03-25-004,plasy:person:kornatovsky-ivo,person,yes
plasy:vote-event:2026-03-25-004,plasy:person:kouba-tomas,person,abstain
plasy:vote-event:2026-03-25-004,plasy:person:kovarik-petr,person,yes
plasy:vote-event:2026-03-25-004,plasy:person:neuman-petr,person,yes
plasy:vote-event:2026-03-25-004,plasy:person:novotny-jiri,person,absent
plasy:vote-event:2026-03-25-004,plasy:person:palmova-eliska,person,yes
plasy:vote-event:2026-03-25-004,plasy:person:pfeifer-lukas,person,absent
plasy:vote-event:2026-03-25-004,plasy:person:skop-michal,person,yes
plasy:vote-event:2026-03-25-004,plasy:person:tyrpeklova-zdenka,person,yes
plasy:vote-event:2026-03-25-004,plasy:person:urbanova-veronika,person,yes
plasy:vote-event:2026-03-25-005,plasy:person:belbl-emanuel,person,yes
plasy:vote-event:2026-03-25-005,plasy:person:gross-vaclav,person,yes
plasy:vote-event:2026-03-25-005,plasy:person:hanzlicek-zdenek,person,yes
plasy:vote-event:2026-03-25-005,plasy:person:jezkova-martina,person,yes
plasy:vote-event:2026-03-25-005,plasy:person:kantor-poradkova-eva,person,yes
plasy:vote-event:2026-03-25-005,plasy:person:kornatovsky-ivo,person,yes
plasy:vote-event:2026-03-25-005,plasy:person:kouba-tomas,person,yes
plasy:vote-event:2026-03-25-005,plasy:person:kovarik-petr,person,yes
plasy:vote-event:2026-03-25-005,plasy:person:neuman-petr,person,yes
plasy:vote-event:2026-03-25-005,plasy:person:novotny-jiri,person,absent
plasy:vote-event:2026-03-25-005,plasy:person:palmova-eliska,person,yes
plasy:vote-event:2026-03-25-005,plasy:person:pfeifer-lukas,person,absent
plasy:vote-event:2026-03-25-005,plasy:person:skop-michal,person,yes
plasy:vote-event:2026-03-25-005,plasy:person:tyrpeklova-zdenka,person,yes
plasy:vote-event:2026-03-25-005,plasy:person:urbanova-veronika,person,yes
plasy:vote-event:2026-03-25-006,plasy:person:belbl-emanuel,person,yes
plasy:vote-event:2026-03-25-006,plasy:person:gross-vaclav,person,yes
plasy:vote-event:2026-03-25-006,plasy:person:hanzlicek-zdenek,person,yes
plasy:vote-event:2026-03-25-006,plasy:person:jezkova-martina,person,yes
plasy:vote-event:2026-03-25-006,plasy:person:kantor-poradkova-eva,person,yes
plasy:vote-event:2026-03-25-006,plasy:person:kornatovsky-ivo,person,yes
plasy:vote-event:2026-03-25-006,plasy:person:kouba-tomas,person,yes
plasy:vote-event:2026-03-25-006,plasy:person:kovarik-petr,person,yes
plasy:vote-event:2026-03-25-006,plasy:person:neuman-petr,person,yes
plasy:vote-event:2026-03-25-006,plasy:person:novotny-jiri,person,absent
plasy:vote-event:2026-03-25-006,plasy:person:palmova-eliska,person,yes
plasy:vote-event:2026-03-25-006,plasy:person:pfeifer-lukas,person,absent
plasy:vote-event:2026-03-25-006,plasy:person:skop-michal,person,yes
plasy:vote-event:2026-03-25-006,plasy:person:tyrpeklova-zdenka,person,yes
plasy:vote-event:2026-03-25-006,plasy:person:urbanova-veronika,person,yes
plasy:vote-event:2026-03-25-007,plasy:person:belbl-emanuel,person,yes
plasy:vote-event:2026-03-25-007,plasy:person:gross-vaclav,person,yes
plasy:vote-event:2026-03-25-007,plasy:person:hanzlicek-zdenek,person,abstain
plasy:vote-event:2026-03-25-007,plasy:person:jezkova-martina,person,yes
plasy:vote-event:2026-03-25-007,plasy:person:kantor-poradkova-eva,person,yes
plasy:vote-event:2026-03-25-007,plasy:person:kornatovsky-ivo,person,yes
plasy:vote-event:2026-03-25-007,plasy:person:kouba-tomas,person,yes
plasy:vote-event:2026-03-25-007,plasy:person:kovarik-petr,person,yes
plasy:vote-event:2026-03-25-007,plasy:person:neuman-petr,person,yes
plasy:vote-event:2026-03-25-007,plasy:person:novotny-jiri,person,absent
plasy:vote-event:2026-03-25-007,plasy:person:palmova-eliska,person,yes
plasy:vote-event:2026-03-25-007,plasy:person:pfeifer-lukas,person,absent
plasy:vote-event:2026-03-25-007,plasy:person:skop-michal,person,yes
plasy:vote-event:2026-03-25-007,plasy:person:tyrpeklova-zdenka,person,yes
plasy:vote-event:2026-03-25-007,plasy:person:urbanova-veronika,person,yes
plasy:vote-event:2026-03-25-008,plasy:person:belbl-emanuel,person,yes
plasy:vote-event:2026-03-25-008,plasy:person:gross-vaclav,person,yes
plasy:vote-event:2026-03-25-008,plasy:person:hanzlicek-zdenek,person,yes
plasy:vote-event:2026-03-25-008,plasy:person:jezkova-martina,person,yes
plasy:vote-event:2026-03-25-008,plasy:person:kantor-poradkova-eva,person,yes
plasy:vote-event:2026-03-25-008,plasy:person:kornatovsky-ivo,person,yes
plasy:vote-event:2026-03-25-008,plasy:person:kouba-tomas,person,yes
plasy:vote-event:2026-03-25-008,plasy:person:kovarik-petr,person,yes
plasy:vote-event:2026-03-25-008,plasy:person:neuman-petr,person,yes
plasy:vote-event:2026-03-25-008,plasy:person:novotny-jiri,person,absent
plasy:vote-event:2026-03-25-008,plasy:person:palmova-eliska,person,yes
plasy:vote-event:2026-03-25-008,plasy:person:pfeifer-lukas,person,absent
plasy:vote-event:2026-03-25-008,plasy:person:skop-michal,person,yes
plasy:vote-event:2026-03-25-008,plasy:person:tyrpeklova-zdenka,person,yes
plasy:vote-event:2026-03-25-008,plasy:person:urbanova-veronika,person,yes
plasy:vote-event:2026-03-25-009,plasy:person:belbl-emanuel,person,yes
plasy:vote-event:2026-03-25-009,plasy:person:gross-vaclav,person,yes
plasy:vote-event:2026-03-25-009,plasy:person:hanzlicek-zdenek,person,yes
plasy:vote-event:2026-03-25-009,plasy:person:jezkova-martina,person,yes
plasy:vote-event:2026-03-25-009,plasy:person:kantor-poradkova-eva,person,yes
plasy:vote-event:2026-03-25-009,plasy:person:kornatovsky-ivo,person,yes
plasy:vote-event:2026-03-25-009,plasy:person:kouba-tomas,person,yes
plasy:vote-event:2026-03-25-009,plasy:person:kovarik-petr,person,yes
plasy:vote-event:2026-03-25-009,plasy:person:neuman-petr,person,yes
plasy:vote-event:2026-03-25-009,plasy:person:novotny-jiri,person,absent
plasy:vote-event:2026-03-25-009,plasy:person:palmova-eliska,person,yes
plasy:vote-event:2026-03-25-009,plasy:person:pfeifer-lukas,person,absent
plasy:vote-event:2026-03-25-009,plasy:person:skop-michal,person,yes
plasy:vote-event:2026-03-25-009,plasy:person:tyrpeklova-zdenka,person,yes
plasy:vote-event:2026-03-25-009,plasy:person:urbanova-veronika,person,yes
plasy:vote-event:2026-09-16-001,plasy:person:belbl-emanuel,person,yes
plasy:vote-event:2026-09-16-001,plasy:person:gross-vaclav,person,yes
plasy:vote-event:2026-09-16-001,plasy:person:hanzlicek-zdenek,person,yes
plasy:vote-event:2026-09-16-001,plasy:person:jezkova-martina,person,yes
plasy:vote-event:2026-09-16-001,plasy:person:kantor-poradkova-eva,person,yes
plasy:vote-event:2026-09-16-001,plasy:person:kornatovsky-ivo,person,yes
plasy:vote-event:2026-09-16-001,plasy:person:kouba-tomas,person,yes
plasy:vote-event:2026-09-16-001,plasy:person:kovarik-petr,person,yes
plasy:vote-event:2026-09-16-001,plasy:person:neuman-petr,person,yes
plasy:vote-event:2026-09-16-001,plasy:person:novotny-jiri,person,yes
plasy:vote-event:2026-09-16-001,plasy:person:palmova-eliska,person,yes
plasy:vote-event:2026-09-16-001,plasy:person:pfeifer-lukas,person,yes
plasy:vote-event:2026-09-16-001,plasy:person:skop-michal,person,yes
plasy:vote-event:2026-09-16-001,plasy:person:tyrpeklova-zdenka,person,yes
plasy:vote-event:2026-09-16-001,plasy:person:urbanova-veronika,person,yes
plasy:vote-event:2026-09-16-002,plasy:person:belbl-emanuel,person,abstain
plasy:vote-event:2026-09-16-002,plasy:person:gross-vaclav,person,yes
plasy:vote-event:2026-09-16-002,plasy:person:hanzlicek-zdenek,person,abstain
plasy:vote-event:2026-09-16-002,plasy:person:jezkova-martina,person,yes
plasy:vote-event:2026-09-16-002,plasy:person:kantor-poradkova-eva,person,yes
plasy:vote-event:2026-09-16-002,plasy:person:kornatovsky-ivo,person,yes
plasy:vote-event:2026-09-16-002,plasy:person:kouba-tomas,person,abstain
plasy:vote-event:2026-09-16-002,plasy:person:kovarik-petr,person,yes
plasy:vote-event:2026-09-16-002,plasy:person:neuman-petr,person,yes
plasy:vote-event:2026-09-16-002,plasy:person:novotny-jiri,person,abstain
plasy:vote-event:2026-09-16-002,plasy:person:palmova-eliska,person,yes
plasy:vote-event:2026-09-16-002,plasy:person:pfeifer-lukas,person,yes
plasy:vote-event:2026-09-16-002,plasy:person:skop-michal,person,yes
plasy:vote-event:2026-09-16-002,plasy:person:tyrpeklova-zdenka,person,yes
plasy:vote-event:2026-09-16-002,plasy:person:urbanova-veronika,person,yes
plasy:vote-event:2026-09-16-003,plasy:person:belbl-emanuel,person,yes
plasy:vote-event:2026-09-16-003,plasy:person:gross-vaclav,person,yes
plasy:vote-event:2026-09-16-003,plasy:person:hanzlicek-zdenek,person,abstain
plasy:vote-event:2026-09-16-003,plasy:person:jezkova-martina,person,yes
plasy:vote-event:2026-09-16-003,plasy:person:kantor-poradkova-eva,person,yes
plasy:vote-event:2026-09-16-003,plasy:person:kornatovsky-ivo,person,abstain
plasy:vote-event:2026-09-16-003,plasy:person:kouba-tomas,person,yes
plasy:vote-event:2026-09-16-003,plasy:person:kovarik-petr,person,yes
plasy:vote-event:2026-09-16-003,plasy:person:neuman-petr,person,yes
plasy:vote-event:2026-09-16-003,plasy:person:novotny-jiri,person,yes
plasy:vote-event:2026-09-16-003,plasy:person:palmova-eliska,person,yes
plasy:vote-event:2026-09-16-003,plasy:person:pfeifer-lukas,person,yes
plasy:vote-event:2026-09-16-003,plasy:person:skop-michal,person,yes
plasy:vote-event:2026-09-16-003,plasy:person:tyrpeklova-zdenka,person,abstain
plasy:vote-event:2026-09-16-003,plasy:person:urbanova-veronika,person,yes
plasy:vote-event:2026-09-16-004,plasy:person:belbl-emanuel,person,yes
plasy:vote-event:2026-09-16-004,plasy:person:gross-vaclav,person,yes
plasy:vote-event:2026-09-16-004,plasy:person:hanzlicek-zdenek,person,yes
plasy:vote-event:2026-09-16-004,plasy:person:jezkova-martina,person,yes
plasy:vote-event:2026-09-16-004,plasy:person:kantor-poradkova-eva,person,yes
plasy:vote-event:2026-09-16-004,plasy:person:kornatovsky-ivo,person,yes
plasy:vote-event:2026-09-16-004,plasy:person:kouba-tomas,person,yes
plasy:vote-event:2026-09-16-004,plasy:person:kovarik-petr,person,yes
plasy:vote-event:2026-09-16-004,plasy:person:neuman-petr,person,yes
plasy:vote-event:2026-09-16-004,plasy:person:novotny-jiri,person,yes
plasy:vote-event:2026-09-16-004,plasy:person:palmova-eliska,person,yes
plasy:vote-event:2026-09-16-004,plasy:person:pfeifer-lukas,person,yes
plasy:vote-event:2026-09-16-004,plasy:person:skop-michal,person,yes
plasy:vote-event:2026-09-16-004,plasy:person:tyrpeklova-zdenka,person,yes
plasy:vote-event:2026-09-16-004,plasy:person:urbanova-veronika,person,yes
plasy:vote-event:2026-09-16-005,plasy:person:belbl-emanuel,person,yes
plasy:vote-event:2026-09-16-005,plasy:person:gross-vaclav,person,yes
plasy:vote-event:2026-09-16-005,plasy:person:hanzlicek-zdenek,person,yes
plasy:vote-event:2026-09-16-005,plasy:person:jezkova-martina,person,yes
plasy:vote-event:2026-09-16-005,plasy:person:kantor-poradkova-eva,person,yes
plasy:vote-event:2026-09-16-005,plasy:person:kornatovsky-ivo,person,yes
plasy:vote-event:2026-09-16-005,plasy:person:kouba-tomas,person,yes
plasy:vote-event:2026-09-16-005,plasy:person:kovarik-petr,person,yes
plasy:vote-event:2026-09-16-005,plasy:person:neuman-petr,person,yes
plasy:vote-event:2026-09-16-005,plasy:person:novotny-jiri,person,yes
plasy:vote-event:2026-09-16-005,plasy:person:palmova-eliska,person,yes
plasy:vote-event:2026-09-16-005,plasy:person:pfeifer-lukas,person,yes
plasy:vote-event:2026-09-16-005,plasy:person:skop-michal,person,yes
plasy:vote-event:2026-09-16-005,plasy:person:tyrpeklova-zdenka,person,yes
plasy:vote-event:2026-09-16-005,plasy:person:urbanova-veronika,person,yes
plasy:vote-event:2026-09-16-006,plasy:person:belbl-emanuel,person,yes
plasy:vote-event:2026-09-16-006,plasy:person:gross-vaclav,person,yes
plasy:vote-event:2026-09-16-006,plasy:person:hanzlicek-zdenek,person,abstain
plasy:vote-event:2026-09-16-006,plasy:person:jezkova-martina,person,yes
plasy:vote-event:2026-09-16-006,plasy:person:kantor-poradkova-eva,person,yes
plasy:vote-event:2026-09-16-006,plasy:person:kornatovsky-ivo,person,yes
plasy:vote-event:2026-09-16-006,plasy:person:kouba-tomas,person,yes
plasy:vote-event:2026-09-16-006,plasy:person:kovarik-petr,person,yes
plasy:vote-event:2026-09-16-006,plasy:person:neuman-petr,person,abstain
plasy:vote-event:2026-09-16-006,plasy:person:novotny-jiri,person,yes
plasy:vote-event:2026-09-16-006,plasy:person:palmova-eliska,person,yes
plasy:vote-event:2026-09-16-006,plasy:person:pfeifer-lukas,person,yes
plasy:vote-event:2026-09-16-006,plasy:person:skop-michal,person,yes
plasy:vote-event:2026-09-16-006,plasy:person:tyrpeklova-zdenka,person,yes
plasy:vote-event:2026-09-16-006,plasy:person:urbanova-veronika,person,yes
plasy:vote-event:2026-09-16-007,plasy:person:belbl-emanuel,person,yes
plasy:vote-event:2026-09-16-007,plasy:person:gross-vaclav,person,yes
plasy:vote-event:2026-09-16-007,plasy:person:hanzlicek-zdenek,person,yes
plasy:vote-event:2026-09-16-007,plasy:person:jezkova-martina,person,yes
plasy:vote-event:2026-09-16-007,plasy:person:kantor-poradkova-eva,person,yes
plasy:vote-event:2026-09-16-007,plasy:person:kornatovsky-ivo,person,yes
plasy:vote-event:2026-09-16-007,plasy:person:kouba-tomas,person,yes
plasy:vote-event:2026-09-16-007,plasy:person:kovarik-petr,person,yes
plasy:vote-event:2026-09-16-007,plasy:person:neuman-petr,person,yes
plasy:vote-event:2026-09-16-007,plasy:person:novotny-jiri,person,yes
plasy:vote-event:2026-09-16-007,plasy:person:palmova-eliska,person,yes
plasy:vote-event:2026-09-16-007,plasy:person:pfeifer-lukas,person,yes
plasy:vote-event:2026-09-16-007,plasy:person:skop-michal,person,yes
plasy:vote-event:2026-09-16-007,plasy:person:tyrpeklova-zdenka,person,yes
plasy:vote-event:2026-09-16-007,plasy:person:urbanova-veronika,person,yes
plasy:vote-event:2026-09-16-008,plasy:person:belbl-emanuel,person,abstain
plasy:vote-event:2026-09-16-008,plasy:person:gross-vaclav,person,yes
plasy:vote-event:2026-09-16-008,plasy:person:hanzlicek-zdenek,person,abstain
plasy:vote-event:2026-09-16-008,plasy:person:jezkova-martina,person,yes
plasy:vote-event:2026-09-16-008,plasy:person:kantor-poradkova-eva,person,yes
plasy:vote-event:2026-09-16-008,plasy:person:kornatovsky-ivo,person,yes
plasy:vote-event:2026-09-16-008,plasy:person:kouba-tomas,person,abstain
plasy:vote-event:2026-09-16-008,plasy:person:kovarik-petr,person,yes
plasy:vote-event:2026-09-16-008,plasy:person:neuman-petr,person,yes
plasy:vote-event:2026-09-16-008,plasy:person:novotny-jiri,person,abstain
plasy:vote-event:2026-09-16-008,plasy:person:palmova-eliska,person,yes
plasy:vote-event:2026-09-16-008,plasy:person:pfeifer-lukas,person,yes
plasy:vote-event:2026-09-16-008,plasy:person:skop-michal,person,yes
plasy:vote-event:2026-09-16-008,plasy:person:tyrpeklova-zdenka,person,yes
plasy:vote-event:2026-09-16-008,plasy:person:urbanova-veronika,person,yes
plasy:vote-event:2026-09-16-009,plasy:person:belbl-emanuel,person,yes
plasy:vote-event:2026-09-16-009,plasy:person:gross-vaclav,person,yes
plasy:vote-event:2026-09-16-009,plasy:person:hanzlicek-zdenek,person,yes
plasy:vote-event:2026-09-16-009,plasy:person:jezkova-martina,person,yes
plasy:vote-event:2026-09-16-009,plasy:person:kantor-poradkova-eva,person,yes
plasy:vote-event:2026-09-16-009,plasy:person:kornatovsky-ivo,person,yes
plasy:vote-event:2026-09-16-009,plasy:person:kouba-tomas,person,yes
plasy:vote-event:2026-09-16-009,plasy:person:kovarik-petr,person,yes
plasy:vote-event:2026-09-16-009,plasy:person:neuman-petr,person,yes
plasy:vote-event:2026-09-16-009,plasy:person:novotny-jiri,person,yes
plasy:vote-event:2026-09-16-009,plasy:person:palmova-eliska,person,yes
plasy:vote-event:2026-09-16-009,plasy:person:pfeifer-lukas,person,yes
plasy:vote-event:2026-09-16-009,plasy:person:skop-michal,person,yes
plasy:vote-event:2026-09-16-009,plasy:person:tyrpeklova-zdenka,person,yes
plasy:vote-event:2026-09-16-009,plasy:person:urbanova-veronika,person,yes
plasy:vote-event:2026-09-16-010,plasy:person:belbl-emanuel,person,yes
plasy:vote-event:2026-09-16-010,plasy:person:gross-vaclav,person,yes
plasy:vote-event:2026-09-16-010,plasy:person:hanzlicek-zdenek,person,yes
plasy:vote-event:2026-09-16-010,plasy:person:jezkova-martina,person,yes
plasy:vote-event:2026-09-16-010,plasy:person:kantor-poradkova-eva,person,yes
plasy:vote-event:2026-09-16-010,plasy:person:kornatovsky-ivo,person,yes
plasy:vote-event:2026-09-16-010,plasy:person:kouba-tomas,person,yes
plasy:vote-event:2026-09-16-010,plasy:person:kovarik-petr,person,yes
plasy:vote-event:2026-09-16-010,plasy:person:neuman-petr,person,yes
plasy:vote-event:2026-09-16-010,plasy:person:novotny-jiri,person,yes
plasy:vote-event:2026-09-16-010,plasy:person:palmova-eliska,person,yes
plasy:vote-event:2026-09-16-010,plasy:person:pfeifer-lukas,person,yes
plasy:vote-event:2026-09-16-010,plasy:person:skop-michal,person,yes
plasy:vote-event:2026-09-16-010,plasy:person:tyrpeklova-zdenka,person,yes
plasy:vote-event:2026-09-16-010,plasy:person:urbanova-veronika,person,yes
